announcement_id,announced,symbol,company,director,director_role,account_type,account,trade_date,side,trans_type,quantity,price,value,lag_days,url
39357,2026-09-28,CDB,CITIZENS DEVELOPMENT BUSINESS FINANCE PLC,T.M.D.P.Tennakoon,Executive Director,own,T.M.D.P.Tennakoon,2026-09-25,buy,Purchase,100000,35,3500000,1,https://cdn.cse.lk/cmt/announcement_portal_prod/Disclosure%20of%20Dealings%20by%20Directors%20-%20Mr.%20Damith_13448279203169944.pdf
39375,2026-09-28,MERC,MERCANTILE INVESTMENTS AND FINANCE PLC,Mr. S H Jayasuriya,Director - Finance,own,Mr. S H Jayasuriya,2026-09-28,buy,Purchase,5000,21.1,105500,0,https://cdn.cse.lk/cmt/announcement_portal_prod/Disclosure%20by%20Directors%20-%20Shermal%204_13465965731051993.pdf
39412,2026-09-30,MERC,MERCANTILE INVESTMENTS AND FINANCE PLC,Mr. S H Jayasuriya,Director - Finance,own,Mr. S H Jayasuriya,2026-09-29,buy,Purchase,25000,21.1,527500,1,https://cdn.cse.lk/cmt/announcement_portal_prod/Disclosure%20by%20Directors%20-%20Shermal%205_13614644625922635.pdf
39464,2026-10-01,MERC,MERCANTILE INVESTMENTS AND FINANCE PLC,Mr. S H Jayasuriya,Director - Finance,own,Mr. S H Jayasuriya,2026-09-30,buy,Purchase,25000,20.2,505000,1,https://cdn.cse.lk/cmt/announcement_portal_prod/Disclosure%20by%20Directors%20-%20Shermal%206_13701146960329990.pdf
39479,2026-10-01,CTHR,C T HOLDINGS PLC,Ms. M. M. Page,"Non-Executive, Non-Independent Director",own,Ms. M. M. Page,2026-09-30,buy,Purchase of Shares,10533,540,5687820,1,https://cdn.cse.lk/cmt/announcement_portal_prod/20261001%20CTH%20Letter%20to%20CSE%20re.%20purchase%20of%20shares%20by%20Ms.%20M.%20M.%20Page_13727706550147501.pdf
39480,2026-10-01,DOCK,COLOMBO DOCKYARD PLC,Mr. Senthilverl S. Nandhanan,Non-executive/Non-independent,related,Senthilverl Holdings (Pvt) Ltd- Director,2026-09-30,buy,Purchase,25912,118,3057616,1,https://cdn.cse.lk/cmt/announcement_portal_prod/01%20Oct2026-CSE%20announcement(SEN)_13728114806727577.pdf
39543,2026-10-06,CIT,COLOMBO INVESTMENT TRUST PLC,"Mr. Anushman Rajaratnam, Mr. Sanjeev Rajaratnam, Mr. Amrit Rajaratnam",Non-Executive Directors,related,Financial Trust Ltd- Directors / Shareholders,2026-09-30,buy,Acquisition,300,356,106800,4,https://cdn.cse.lk/cmt/announcement_portal_prod/CIT176-06.10.2026_14156980274843479.pdf
39543,2026-10-06,CIT,COLOMBO INVESTMENT TRUST PLC,"Mr. Anushman Rajaratnam, Mr. Sanjeev Rajaratnam, Mr. Amrit Rajaratnam",Non-Executive Directors,related,Financial Trust Ltd- Directors / Shareholders,2026-09-30,buy,Acquisition,42,356.5,14973,4,https://cdn.cse.lk/cmt/announcement_portal_prod/CIT176-06.10.2026_14156980274843479.pdf
39543,2026-10-06,CIT,COLOMBO INVESTMENT TRUST PLC,"Mr. Anushman Rajaratnam, Mr. Sanjeev Rajaratnam, Mr. Amrit Rajaratnam",Non-Executive Directors,related,Financial Trust Ltd- Directors / Shareholders,2026-09-30,buy,Acquisition,25,356.75,8918.75,4,https://cdn.cse.lk/cmt/announcement_portal_prod/CIT176-06.10.2026_14156980274843479.pdf
39543,2026-10-06,CIT,COLOMBO INVESTMENT TRUST PLC,"Mr. Anushman Rajaratnam, Mr. Sanjeev Rajaratnam, Mr. Amrit Rajaratnam",Non-Executive Directors,related,Financial Trust Ltd- Directors / Shareholders,2026-09-30,buy,Acquisition,1100,358,393800,4,https://cdn.cse.lk/cmt/announcement_portal_prod/CIT176-06.10.2026_14156980274843479.pdf
39543,2026-10-06,CIT,COLOMBO INVESTMENT TRUST PLC,"Mr. Anushman Rajaratnam, Mr. Sanjeev Rajaratnam, Mr. Amrit Rajaratnam",Non-Executive Directors,related,Financial Trust Ltd- Directors / Shareholders,2026-09-30,buy,Acquisition,6,340,2040,4,https://cdn.cse.lk/cmt/announcement_portal_prod/CIT176-06.10.2026_14156980274843479.pdf
39493,2026-10-02,MERC,MERCANTILE INVESTMENTS AND FINANCE PLC,Mr.S H Jayasuriya,Director Finance,own,Mr.S H Jayasuriya,2026-10-01,buy,Purchase,15000,20.5,307500,1,https://cdn.cse.lk/cmt/announcement_portal_prod/Disclosure%2002102026_13791726272016872.pdf
39525,2026-10-05,MERC,MERCANTILE INVESTMENTS AND FINANCE PLC,Mr. S H Jayasuriya,Director - Finance,own,Mr. S H Jayasuriya,2026-10-02,buy,Purchase,3371,20.1,67757.1,1,https://cdn.cse.lk/cmt/announcement_portal_prod/Disclosure%20by%20Directors%20-%20Shermal%208%20(i)_14062810495232136.pdf
39535,2026-10-06,SING,STANDARD CAPITAL PLC,Mr. Waruna Indika Arambage,Chairman (Non Independent / Non Executive Director),related,Standard Industries (Pvt) Ltd.,2026-10-02,sell,Sale,1000000,40,40000000,2,https://cdn.cse.lk/cmt/announcement_portal_prod/Standard%20Cap_Disclosure%20(7.8%20-%20Dealings%20by%20Dirs)_05.10.2026%20(003)_14138738088963335.pdf
39527,2026-10-05,AEL,ACCESS ENGINEERING PLC,Mr S D Perera,Non-Executive Director,own,Mr S D Perera,2026-10-05,sell,Sale,600000,79.5,47700000,0,https://cdn.cse.lk/cmt/announcement_portal_prod/10.%20Sale%20of%20Shares%20by%20Mr%20S%20D%20Perera%20on%2005.10.2026_14068578889750624.pdf
39534,2026-10-06,MERC,MERCANTILE INVESTMENTS AND FINANCE PLC,Mr. S H Jayasuriya,Director - Finance,own,Mr. S H Jayasuriya,2026-10-05,buy,Purchase,12558,20.1,252415.8,1,https://cdn.cse.lk/cmt/announcement_portal_prod/Disclosure%20by%20Directors%20-%20Shermal%209_14134263628582178.pdf
39545,2026-10-06,CTHR,C T HOLDINGS PLC,Ms. M. M. Page,"Non-Executive, Non-Independent Director",own,Ms. M. M. Page,2026-10-05,buy,Purchase of Shares,30835,540,16650900,1,https://cdn.cse.lk/cmt/announcement_portal_prod/20261006%20CTH%20Letter%20to%20CSE%20re.%20purchase%20of%20shares%20by%20Ms.%20M.%20M.%20Page_14159144130063705.pdf
39553,2026-10-07,CTLD,C T LAND DEVELOPMENT PLC,"Louis Page, Joseph Page, Ranjit Page, Priyan Edirisinghe, Sanjay Niles, Chulantha Wickramaratne, Zakir Mohamedally & Indira Malwatte",As mentioned in the attachment,related,CT Holdings PLC - Common Directors,2026-10-06,buy,Purchase,500,37.9,18950,1,https://cdn.cse.lk/cmt/announcement_portal_prod/Disclosure-%20C%20T%20Holdings%20-07.10.2026_14238972087506580.pdf
39553,2026-10-07,CTLD,C T LAND DEVELOPMENT PLC,"Louis Page, Joseph Page, Ranjit Page, Priyan Edirisinghe, Sanjay Niles, Chulantha Wickramaratne, Zakir Mohamedally & Indira Malwatte",As mentioned in the attachment,related,CT Holdings PLC - Common Directors,2026-10-06,buy,Purchase,72858,38,2768604,1,https://cdn.cse.lk/cmt/announcement_portal_prod/Disclosure-%20C%20T%20Holdings%20-07.10.2026_14238972087506580.pdf
