id,date,symbol,company,title,category,url
39516,2026-10-02,FCT,FIRST CAPITAL TREASURIES PLC,RESIGNATION OF CHAIRPERSON,RESIGNATION OF CHAIRPERSON,https://cdn.cse.lk/cmt/announcement_portal_prod/FCT%20CSE%20Announcement%20on%20Resignation%20of%20Chairperson%20-%20Relevant%20interest_13814410428004543.pdf
39515,2026-10-02,FCT,FIRST CAPITAL TREASURIES PLC,RESIGNATION OF DIRECTORS,RESIGNATION OF DIRECTORS,https://cdn.cse.lk/cmt/announcement_portal_prod/FCT%20CSE%20Announcement%20on%20Resignation%20of%20Director%20-%20Relevant%20Interest_13813881835395409.pdf
39511,2026-10-02,WAPO,GALLE FACE CAPITAL PARTNERS PLC,RIGHTS ISSUE,RIGHTS ISSUE,https://cdn.cse.lk/cmt/announcement_portal_prod/Disclosure_Rights%20Issue_13812507853961586.pdf
39510,2026-10-02,WLTH,WEALTHTRUST SECURITIES PLC,APPOINTMENT OF DEPUTY CHIEF EXECUTIVE OFFICER,CORPORATE DISCLOSURE,https://cdn.cse.lk/cmt/announcement_portal_prod/WTS%20-%20CSE%20Disclosrue%20-%20Appointment%20of%20DCEO%20%28F%29_13812000608993501.pdf
39493,2026-10-02,MERC,MERCANTILE INVESTMENTS AND FINANCE PLC,DEALINGS BY DIRECTORS,DEALINGS BY DIRECTORS,https://cdn.cse.lk/cmt/announcement_portal_prod/Disclosure%2002102026_13791726272016872.pdf
39504,2026-10-02,SIC,SANASA LIFE INSURANCE COMPANY PLC,"Sanasa Life Insurance Company PLC — Proposed Divestment of Shareholding in Sanasa General
Insurance Company Limited",CORPORATE DISCLOSURE,https://cdn.cse.lk/cmt/announcement_portal_prod/CSE%20Notice%20-%20Divestment%20of%20the%20shareholding%20in%20SGIC-signed_13804861486973906.pdf
39505,2026-10-02,SIC,SANASA LIFE INSURANCE COMPANY PLC,Sanasa Life Insurance Company PLC- Rights Issue,CORPORATE DISCLOSURE,https://cdn.cse.lk/cmt/announcement_portal_prod/CSE%20Notice%20-%20Rights%20issue-signed_13805078027035437.pdf
39506,2026-10-02,MHDL,MILLENNIUM HOUSING DEVELOPERS PLC,Immediate disclosure of the price sensitive information,CORPORATE DISCLOSURE,https://cdn.cse.lk/cmt/announcement_portal_prod/Immediate%20disclosure%20of%20the%20price%20sensitive%20information_13805190851506420.pdf
39507,2026-10-02,ABAN,ABANS ELECTRICALS PLC,ANNUAL GENERAL MEETING - APPROVED,ANNUAL GENERAL MEETING - APPROVED,https://cdn.cse.lk/cmt/announcement_portal_prod/CSE%20confirm%20AGM%20and%20Diviedend%20payment%202026%20-%20Signed_13808156846891702.pdf
39502,2026-10-02,PARA,PARAGON CEYLON PLC,CIRCULAR TO SHAREHOLDERS,CIRCULAR TO SHAREHOLDERS,https://cdn.cse.lk/cmt/announcement_portal_prod/PARA%20AR%202026%20Circular%20to%20Shareholders%209THOCT2026_13802695818709885.pdf
39503,2026-10-02,OFEQ,OFFICE EQUIPMENT PLC,CIRCULAR TO SHAREHOLDERS,CIRCULAR TO SHAREHOLDERS,https://cdn.cse.lk/cmt/announcement_portal_prod/OFEQ%20AR%202026%20Circular%20to%20Shareholders%209THOCT2026_13802818056908420.pdf
39496,2026-10-02,PARA,PARAGON CEYLON PLC,ANNUAL GENERAL MEETING - INITIAL,ANNUAL GENERAL MEETING - INITIAL,https://cdn.cse.lk/cmt/announcement_portal_prod/PARA%20AR%202026%20-Initial_13792338186150671.pdf
39497,2026-10-02,OFEQ,OFFICE EQUIPMENT PLC,ANNUAL GENERAL MEETING - INITIAL,ANNUAL GENERAL MEETING - INITIAL,https://cdn.cse.lk/cmt/announcement_portal_prod/OFEQ%20AR%202026%20-%20Initial_13792532822256697.pdf
39499,2026-10-02,DIAL,DIALOG AXIATA PLC,EXTRAORDINARY GENERAL MEETING,EXTRAORDINARY GENERAL MEETING,https://cdn.cse.lk/cmt/announcement_portal_prod/CSE%2024-2026%20-%20Outcome%20of%20the%20EGM_13798515341391478.pdf
39498,2026-10-02,AGPL,Agarapatana Plantations PLC,EXTRAORDINARY GENERAL MEETING,EXTRAORDINARY GENERAL MEETING,https://cdn.cse.lk/cmt/announcement_portal_prod/APPLC%20-%20Extraordinary%20General%20Meeting%2002.10.2026_13796677176179647.pdf
39501,2026-10-02,JETS,JETWING SYMPHONY PLC,JETWING SYMPHONY PLC - CORPORATE DISCLOSURE UNDER SECTION 8 OF LISTING RULES OF THE COLOMBO STOCK EXCHANGE,CORPORATE DISCLOSURE,https://cdn.cse.lk/cmt/announcement_portal_prod/Corporate%20Disclosure%20-%20sec%208_13800533507731479.pdf
39480,2026-10-01,DOCK,COLOMBO DOCKYARD PLC,DEALINGS BY DIRECTORS,DEALINGS BY DIRECTORS,https://cdn.cse.lk/cmt/announcement_portal_prod/01%20Oct2026-CSE%20announcement%28SEN%29_13728114806727577.pdf
39479,2026-10-01,CTHR,C T HOLDINGS PLC,DEALINGS BY DIRECTORS,DEALINGS BY DIRECTORS,https://cdn.cse.lk/cmt/announcement_portal_prod/20261001%20CTH%20Letter%20to%20CSE%20re.%20purchase%20of%20shares%20by%20Ms.%20M.%20M.%20Page_13727706550147501.pdf
39491,2026-10-02,CALI,CAL FIVE YEAR OPTIMUM FUND (“Units”),NET ASSET VALUE,NET ASSET VALUE,https://cdn.cse.lk/cmt/announcement_portal_prod/CAL%20Five%20Year%20Optimum%20Fund_13787198110375362.pdf
39490,2026-10-02,CALC,CAL FIVE YEAR CLOSED END FUND (“Units”),NET ASSET VALUE,NET ASSET VALUE,https://cdn.cse.lk/cmt/announcement_portal_prod/CAL%20Five%20Year%20Closed%20End%20Fund_13787138198551933.pdf
39489,2026-10-02,CALU,CAL THREE YEAR CLOSED END FUND (“Units”),NET ASSET VALUE,NET ASSET VALUE,https://cdn.cse.lk/cmt/announcement_portal_prod/CAL%20Three%20Year%20Closed%20End%20Fund_13787045484796400.pdf
39482,2026-10-01,NTB,NATIONS TRUST BANK PLC,Notice on conversion/reclassification of Non-Voting Convertible Shares into Voting Shares for 4Q 2026,OTHER,https://cdn.cse.lk/cmt/announcement_portal_prod/Announcement%204Q%202026_13730394160080282.pdf
39495,2026-10-02,CPRT,KERNER HAUS GLOBAL SOLUTIONS PLC,EXTRAORDINARY GENERAL MEETING,EXTRAORDINARY GENERAL MEETING,https://cdn.cse.lk/cmt/announcement_portal_prod/CSE%20Announcement%20-%20Extraordinary%20General%20Meeting_13792464628837195.pdf
39483,2026-10-01,FCT,FIRST CAPITAL TREASURIES PLC,Changes in the Composition of Board Sub-Committees,CORPORATE DISCLOSURE,https://cdn.cse.lk/cmt/announcement_portal_prod/FCT%20CSE%20announcement%20-%20Composition%20of%20the%20Sub%20Committess_13731622396795078.pdf
39487,2026-10-02,LWL,LANKA WALLTILES PLC,"Amalgamation of Lanka Walltiles PLC's wholly owned subsidiary, Vallibel Plantation Management Limited with Lanka Walltiles PLC",CORPORATE DISCLOSURE,https://cdn.cse.lk/cmt/announcement_portal_prod/LWL%20-CSE_13784830793727654.pdf
39484,2026-10-01,LWL,LANKA WALLTILES PLC,RIGHTS ISSUE,RIGHTS ISSUE,https://cdn.cse.lk/cmt/announcement_portal_prod/LWL%20Rights%20Issue%20and%20Amalgamation_13746015633607298.pdf
39481,2026-10-01,PABC,PAN ASIA BANKING CORPORATION PLC,DEBENTURE ISSUE(OVERSUBSCRIBED),DEBENTURE ISSUE(OVERSUBSCRIBED),https://cdn.cse.lk/cmt/announcement_portal_prod/Oversubscription%20Letter_13728937264629154.pdf
39477,2026-10-01,AHUN,AITKEN SPENCE HOTEL HOLDINGS PLC,DEBENTURE ISSUE,DEBENTURE ISSUE,https://cdn.cse.lk/cmt/announcement_portal_prod/Final%20Circular_13726976471529832.pdf
39476,2026-10-01,SAMP,SAMPATH BANK PLC,DEBENTURE ISSUE,DEBENTURE ISSUE,https://cdn.cse.lk/cmt/announcement_portal_prod/DEB%20Announcement_13725212230472417.pdf
39475,2026-10-01,BOC,BANK OF CEYLON,RATING REVIEW,RATING REVIEW,https://cdn.cse.lk/cmt/announcement_portal_prod/Disclouse%20Under%20section%208.1%20of%20CSE%20Listing%20Rules_13723538577963125_13724437630928208.pdf
39472,2026-10-01,SIC,SANASA LIFE INSURANCE COMPANY PLC,"Disclosure on the Qualified Opinion and Emphasis of matter on going concern in the
Audited Financial Statement contained in the Annual Report for the year ended 31st
December 2025",CORPORATE DISCLOSURE,https://cdn.cse.lk/cmt/announcement_portal_prod/CSE%20Notice%20%285%29_13717688795575091.pdf
39473,2026-10-01,SING,STANDARD CAPITAL PLC,WATCH LIST - TRANSFERRED OUT,WATCH LIST - TRANSFERRED OUT,
39471,2026-10-01,SEYB,SEYLAN BANK PLC,ANNUAL GENERAL MEETING - INITIAL,ANNUAL GENERAL MEETING - INITIAL,https://cdn.cse.lk/cmt/announcement_portal_prod/Letter%20to%20CSE-AGM%202027_13710576951736728.pdf
39467,2026-10-01,HDFC,HOUSING DEVELOPMENT FINANCE CORPORATION BANK OF SRI LANKA,CHANGE IN THE COMPOSITION OF BOARD SUB COMMITTEE – IN TERMS OF THE DISCLOSURE PROVISIONS OF THE LISTING RULES OF THE COLOMBO STOCK EXCHANGE (CSE) 9.10.3,CORPORATE DISCLOSURE,https://cdn.cse.lk/cmt/announcement_portal_prod/Change%20in%20the%20Composition%20of%20Board%20Sub%20Committee_13710157790911565.pdf
39468,2026-10-01,BOPL,BOGAWANTALAWA TEA ESTATES PLC,APPOINTMENT OF DIRECTORS,APPOINTMENT OF DIRECTORS,https://cdn.cse.lk/cmt/announcement_portal_prod/Announcement%20-%20Appointment%20of%20Mrs%20Therese%20P%20Gunasekera_13708368756999198.pdf
39469,2026-10-01,BOPL,BOGAWANTALAWA TEA ESTATES PLC,RESIGNATION OF DIRECTORS,RESIGNATION OF DIRECTORS,https://cdn.cse.lk/cmt/announcement_portal_prod/Announcement%20-%20Resignation%20of%20Mrs%20S%20H%20Munasinghe_13708502688188495.pdf
39464,2026-10-01,MERC,MERCANTILE INVESTMENTS AND FINANCE PLC,DEALINGS BY DIRECTORS,DEALINGS BY DIRECTORS,https://cdn.cse.lk/cmt/announcement_portal_prod/Disclosure%20by%20Directors%20-%20Shermal%206_13701146960329990.pdf
39420,2026-09-30,AFS,ALPHA FIRE SERVICES PLC,Change in Committee Composition consequent to resignation of a Director,CORPORATE DISCLOSURE,https://cdn.cse.lk/cmt/announcement_portal_prod/CSE%20letter-Board%20Committee%20changes_13625557851216718.pdf
39466,2026-10-01,AFS,ALPHA FIRE SERVICES PLC,RESIGNATION OF DIRECTORS,RESIGNATION OF DIRECTORS,https://cdn.cse.lk/cmt/announcement_portal_prod/CSE%20letter-Board%20ResignationRavindu_13704801206424014.pdf
39452,2026-09-30,HUNT,HUNTERS & COMPANY PLC,ANNUAL GENERAL MEETING - APPROVED,ANNUAL GENERAL MEETING - APPROVED,https://cdn.cse.lk/cmt/announcement_portal_prod/AGM%20Approved%20-%20Notice_13648893363517656.pdf
39450,2026-09-30,HUNA,HUNAS HOLDINGS PLC,ANNUAL GENERAL MEETING - APPROVED,ANNUAL GENERAL MEETING - APPROVED,https://cdn.cse.lk/cmt/announcement_portal_prod/AGM%20Letter%20%2830.09.26%29_13643881298041225.pdf
39448,2026-09-30,MCPL,MAHAWELI COCONUT PLANTATIONS PLC,ANNUAL GENERAL MEETING - APPROVED,ANNUAL GENERAL MEETING - APPROVED,https://cdn.cse.lk/cmt/announcement_portal_prod/AGM_Postmeeting_Notice_September%202026_13642581516826919.pdf
39463,2026-10-01,RPBH,ROYAL PALMS BEACH HOTELS PLC,ANNUAL GENERAL MEETING - APPROVED,ANNUAL GENERAL MEETING - APPROVED,https://cdn.cse.lk/cmt/announcement_portal_prod/RPBH%20AGM%20approved%202026_13700347981990932.pdf
39462,2026-10-01,TANG,TANGERINE BEACH HOTELS PLC,ANNUAL GENERAL MEETING - APPROVED,ANNUAL GENERAL MEETING - APPROVED,https://cdn.cse.lk/cmt/announcement_portal_prod/TBH%20AGM%20approved%202026_13700272112503526.pdf
39461,2026-10-01,NEH,THE NUWARA ELIYA HOTELS COMPANY PLC,ANNUAL GENERAL MEETING - APPROVED,ANNUAL GENERAL MEETING - APPROVED,https://cdn.cse.lk/cmt/announcement_portal_prod/NEH%20AGM%20approved%202026_13700179200446293.pdf
39454,2026-09-30,FCT,FIRST CAPITAL TREASURIES PLC,RESIGNATION OF DIRECTORS,RESIGNATION OF DIRECTORS,https://cdn.cse.lk/cmt/announcement_portal_prod/FCT%20CSE%20Announcement%20on%20Resignation%20of%20Director%20Revised_13664529667825022.pdf
39456,2026-10-01,HNB,HATTON NATIONAL BANK PLC,RESIGNATION OF DIRECTORS,RESIGNATION OF DIRECTORS,https://cdn.cse.lk/cmt/announcement_portal_prod/Resignation%20of%20Director%20-%20Mr%20S%20Renganathan_13697228139596081.pdf
39457,2026-10-01,HNB,HATTON NATIONAL BANK PLC,RESIGNATION OF DIRECTORS,RESIGNATION OF DIRECTORS,https://cdn.cse.lk/cmt/announcement_portal_prod/Resignation%20of%20Director%20-%20Mr%20M%20N%20R%20Fernando_13697366068854878.pdf
39455,2026-10-01,HNB,HATTON NATIONAL BANK PLC,ANNUAL GENERAL MEETING - INITIAL,ANNUAL GENERAL MEETING - INITIAL,https://cdn.cse.lk/cmt/announcement_portal_prod/General%20Annoucement%20-%20HNB%20-%20AGM%202027_13695380972596162.pdf
39451,2026-09-30,DFCC,DFCC BANK PLC,ANNUAL GENERAL MEETING - INITIAL,ANNUAL GENERAL MEETING - INITIAL,https://cdn.cse.lk/cmt/announcement_portal_prod/AGM%20Announcement%202027_13648230941620394.pdf
39432,2026-09-30,FCT,FIRST CAPITAL TREASURIES PLC,APPOINTMENT OF CHAIRPERSON,APPOINTMENT OF CHAIRPERSON,https://cdn.cse.lk/cmt/announcement_portal_prod/FCT%20CSE%20Announcment%20on%20Appointment%20of%20Chairperson_13637094111703533.pdf
39453,2026-09-30,FCT,FIRST CAPITAL TREASURIES PLC,RESIGNATION OF CHAIRPERSON,RESIGNATION OF CHAIRPERSON,https://cdn.cse.lk/cmt/announcement_portal_prod/FCT%20CSE%20Announcement%20on%20Resignation%20of%20Chairperson%20-%20Revised%20_13651178700632402.pdf
39430,2026-09-30,FCT,FIRST CAPITAL TREASURIES PLC,APPOINTMENT OF DIRECTORS,APPOINTMENT OF DIRECTORS,https://cdn.cse.lk/cmt/announcement_portal_prod/FCT%20CSE%20Announcement%20on%20Appointment%20of%20Directors%20%28Dudeepa%20and%20Niran%29_13636663237180306.pdf
39441,2026-09-30,MHDL,MILLENNIUM HOUSING DEVELOPERS PLC,Change of Auditor,OTHER,https://cdn.cse.lk/cmt/announcement_portal_prod/Change%20of%20Autitor%20Announcement_13639266532377813.pdf
39434,2026-09-30,PMB,PMF FINANCE PLC,CHANGE OF AUDITORS,OTHER,https://cdn.cse.lk/cmt/announcement_portal_prod/CSE%20Announcement%20-%20Change%20of%20Auditors_13637522009351836.pdf
39444,2026-09-30,SIL,SAMSON INTERNATIONAL PLC,ANNUAL GENERAL MEETING - APPROVED,ANNUAL GENERAL MEETING - APPROVED,https://cdn.cse.lk/cmt/announcement_portal_prod/Announcement%20-AGM_13640427909954526.pdf
39442,2026-09-30,LPRT,LAKE HOUSE PRINTERS AND PUBLISHERS PLC,ANNUAL GENERAL MEETING - APPROVED,ANNUAL GENERAL MEETING - APPROVED,https://cdn.cse.lk/cmt/announcement_portal_prod/AGM%20Announcement_13639598398536141.pdf
39447,2026-09-30,ALUM,ALUMEX PLC,CASH DIVIDEND,CASH DIVIDEND,https://cdn.cse.lk/cmt/announcement_portal_prod/Alumex%20_%20CSE%20Announcement_13641491385840533.pdf
39446,2026-09-30,KVAL,KELANI VALLEY PLANTATIONS PLC,CASH DIVIDEND,CASH DIVIDEND,https://cdn.cse.lk/cmt/announcement_portal_prod/KVPL%20CSE%20Announcement_13641206715303572.pdf
39445,2026-09-30,HAYC,HAYCARB PLC,CASH DIVIDEND,CASH DIVIDEND,https://cdn.cse.lk/cmt/announcement_portal_prod/Announcement_13641076737753012.pdf
39443,2026-09-30,TPL,TALAWAKELLE TEA ESTATES  PLC,CASH DIVIDEND,CASH DIVIDEND,https://cdn.cse.lk/cmt/announcement_portal_prod/TTEL%20Dividend%20-%20CSE%20Disclosure_13639661800965813.pdf
39440,2026-09-30,SINS,SINGER (SRI LANKA) PLC,CASH DIVIDEND,CASH DIVIDEND,https://cdn.cse.lk/cmt/announcement_portal_prod/SSL-CSE%20Letter%20-%202nd%20Interim%20Dividend%20%2830.9.2026%29_13639165568469200.pdf
39439,2026-09-30,DIPD,DIPPED PRODUCTS PLC,CASH DIVIDEND,CASH DIVIDEND,https://cdn.cse.lk/cmt/announcement_portal_prod/CSE%20Announcement_13638625421509670.pdf
39438,2026-09-30,MGT,HAYLEYS FABRIC PLC,CASH DIVIDEND,CASH DIVIDEND,https://cdn.cse.lk/cmt/announcement_portal_prod/HF-2nd%20Interim%20Dividend%20CSE%20Letter%20%2830.9.2026%29_13638526251645924.pdf
39437,2026-09-30,CTBL,CEYLON TEA BROKERS PLC,ANNUAL GENERAL MEETING - APPROVED,ANNUAL GENERAL MEETING - APPROVED,https://cdn.cse.lk/cmt/announcement_portal_prod/CTB%20-%20CSE%20Announcements_13638175159768617.pdf
39436,2026-09-30,CSLK,CABLE SOLUTIONS PLC,ANNUAL GENERAL MEETING - APPROVED,ANNUAL GENERAL MEETING - APPROVED,https://cdn.cse.lk/cmt/announcement_portal_prod/CSLK%20AGM%20APPROVED%2030%20SEPTEMBER%202026_13637703340639632.pdf
39435,2026-09-30,PMB,PMF FINANCE PLC,ANNUAL GENERAL MEETING - APPROVED,ANNUAL GENERAL MEETING - APPROVED,https://cdn.cse.lk/cmt/announcement_portal_prod/CSE%20Announcement%20-%20AGM%202026_13637658442331189.pdf
39429,2026-09-30,BFN,JANASHAKTHI FINANCE PLC,ANNUAL GENERAL MEETING - APPROVED,ANNUAL GENERAL MEETING - APPROVED,https://cdn.cse.lk/cmt/announcement_portal_prod/30-09-2026-%20APPROVED%20RESOLUTIONS%20AT%20THE%20AGM%20-%20CSE%20Disclosure_13636463284559050.pdf
39428,2026-09-30,KCAB,KELANI CABLES PLC,ANNUAL GENERAL MEETING - APPROVED,ANNUAL GENERAL MEETING - APPROVED,https://cdn.cse.lk/cmt/announcement_portal_prod/Kelani%20Cables%20PLC%20%282%29_13635035133571438.pdf
39426,2026-09-30,CFLB,THE COLOMBO FORT LAND & BUILDING PLC,ANNUAL GENERAL MEETING - APPROVED,ANNUAL GENERAL MEETING - APPROVED,https://cdn.cse.lk/cmt/announcement_portal_prod/CFLB%20-%20AGM%20-%2030.09.2026_13634702603603280.pdf
39424,2026-09-30,EMER,EASTERN MERCHANTS PLC,ANNUAL GENERAL MEETING - APPROVED,ANNUAL GENERAL MEETING - APPROVED,https://cdn.cse.lk/cmt/announcement_portal_prod/AGM%20-%202026_13633313787557776.pdf
39427,2026-09-30,ACL,ACL CABLES PLC,ANNUAL GENERAL MEETING - APPROVED,ANNUAL GENERAL MEETING - APPROVED,https://cdn.cse.lk/cmt/announcement_portal_prod/A%20C%20L%20Cables%20PLC%20%282%29_13634851314161290.pdf
39425,2026-09-30,APLA,ACL PLASTICS PLC,ANNUAL GENERAL MEETING - APPROVED,ANNUAL GENERAL MEETING - APPROVED,https://cdn.cse.lk/cmt/announcement_portal_prod/A%20C%20L%20Plastics%20PLC%20%20%283%29_13634585253556297.pdf
39422,2026-09-30,MHDL,MILLENNIUM HOUSING DEVELOPERS PLC,ANNUAL GENERAL MEETING - APPROVED,ANNUAL GENERAL MEETING - APPROVED,https://cdn.cse.lk/cmt/announcement_portal_prod/AGM%202026%20Announcement_13626793823507702.pdf
39403,2026-09-29,RFL,RAMBODA FALLS PLC,ANNUAL GENERAL MEETING - APPROVED,ANNUAL GENERAL MEETING - APPROVED,https://cdn.cse.lk/cmt/announcement_portal_prod/RFL%20-%20AGM%202026%20Letter%20new_13633153802463812.pdf
39421,2026-09-30,KOTA,KOTAGALA PLANTATIONS PLC,EXTRAORDINARY GENERAL MEETING,EXTRAORDINARY GENERAL MEETING,https://cdn.cse.lk/cmt/announcement_portal_prod/KPPLC%20-%20Extraordinary%20General%20Meeting%2030.09.2026_13626622131555064.pdf
39417,2026-09-30,BOPL,BOGAWANTALAWA TEA ESTATES PLC,ANNUAL GENERAL MEETING - APPROVED,ANNUAL GENERAL MEETING - APPROVED,https://cdn.cse.lk/cmt/announcement_portal_prod/Announcement%20%28Bogawanthalawa%29_13623266195543333.pdf
39416,2026-09-30,RWSL,RAIGAM WAYAMBA SALTERNS PLC,ANNUAL GENERAL MEETING - APPROVED,ANNUAL GENERAL MEETING - APPROVED,https://cdn.cse.lk/cmt/announcement_portal_prod/CSE_AGM-%202026-%20resolution%20Adoption_20260929_0001_13620936043167831.pdf
39415,2026-09-30,LCEY,LANKEM CEYLON PLC,ANNUAL GENERAL MEETING - APPROVED,ANNUAL GENERAL MEETING - APPROVED,https://cdn.cse.lk/cmt/announcement_portal_prod/LCL%20AGM%20APPROVED_13619055105167893.pdf
39414,2026-09-30,SDB,SANASA DEVELOPMENT BANK PLC,Corporate Disclosure- Changes to the Composition of the Board Subcommittee.,CORPORATE DISCLOSURE,https://cdn.cse.lk/cmt/announcement_portal_prod/Sub%20Committee%20Reconstitution%20Disclosure_13617689847147406.pdf
39412,2026-09-30,MERC,MERCANTILE INVESTMENTS AND FINANCE PLC,DEALINGS BY DIRECTORS,DEALINGS BY DIRECTORS,https://cdn.cse.lk/cmt/announcement_portal_prod/Disclosure%20by%20Directors%20-%20Shermal%205_13614644625922635.pdf
39411,2026-09-30,LVEF,LVL ENERGY FUND PLC,APPOINTMENT OF NEW STATUTORY AUDITOR,OTHER,https://cdn.cse.lk/cmt/announcement_portal_prod/LVL-announcement%20-%20AUDIT%20CHANGE%20-%20SGD_13571396215436284_13614517131920171.pdf
39410,2026-09-30,LVEN,LANKA VENTURES PLC,APPOINTMENT OF NEW STATUTORY AUDITOR,OTHER,https://cdn.cse.lk/cmt/announcement_portal_prod/LV-announcement%20-%20AUDIT%20CHANGE%20-%20SGD_13571173615558033_13614377510347566.pdf
39413,2026-09-30,AFSL,ABANS FINANCE PLC,ANNUAL GENERAL MEETING - APPROVED,ANNUAL GENERAL MEETING - APPROVED,https://cdn.cse.lk/cmt/announcement_portal_prod/AGM%20APPROVED%20CSE%20ANNOUNCEMENT%202026_13615296978365548.pdf
39407,2026-09-29,LVEF,LVL ENERGY FUND PLC,ANNUAL GENERAL MEETING - APPROVED,ANNUAL GENERAL MEETING - APPROVED,https://cdn.cse.lk/cmt/announcement_portal_prod/LVL-announcement%20-%20AGM%20-%20SGD_13571323524949324.pdf
39405,2026-09-29,LVEN,LANKA VENTURES PLC,ANNUAL GENERAL MEETING - APPROVED,ANNUAL GENERAL MEETING - APPROVED,https://cdn.cse.lk/cmt/announcement_portal_prod/LV-announcement%20-%20AGM%20-%20SGD_13570892230409657.pdf
39409,2026-09-30,LPL,LAUGFS POWER PLC,ANNUAL GENERAL MEETING - APPROVED,ANNUAL GENERAL MEETING - APPROVED,https://cdn.cse.lk/cmt/announcement_portal_prod/CSE%20Announcement_13612451985686119.pdf
39404,2026-09-29,PLC,PEOPLE'S LEASING & FINANCE PLC,DEBENTURE ISSUE(BASIS OF ALLOTMENT),DEBENTURE ISSUE(BASIS OF ALLOTMENT),https://cdn.cse.lk/cmt/announcement_portal_prod/PLC%20Debenture%20Issue%20Basis%20of%20Allotment%20Announcement_13558228956982988.pdf
39401,2026-09-29,HPWR,RESUS ENERGY PLC,ANNUAL GENERAL MEETING - APPROVED,ANNUAL GENERAL MEETING - APPROVED,https://cdn.cse.lk/cmt/announcement_portal_prod/Resus%20AGM%20apr%20Sep%2026_13552503591235947.pdf
39399,2026-09-29,AUTO,THE AUTODROME PLC,APPOINTMENT OF CHAIRPERSON,APPOINTMENT OF CHAIRPERSON,https://cdn.cse.lk/cmt/announcement_portal_prod/Profiles%20of%20new%20Directors_13550520525080611_13550912734448347.pdf
39400,2026-09-29,AUTO,THE AUTODROME PLC,THE AUTODROME PLC - APPOINTMENT OF DEPUTY CHAIRPERSON,CORPORATE DISCLOSURE,https://cdn.cse.lk/cmt/announcement_portal_prod/CSE%20letter%20on%20Appoitnments%20%26%20Retirement_13550628600212510.pdf
39397,2026-09-29,AUTO,THE AUTODROME PLC,RETIREMENT OF THE CHAIRPERSON,RETIREMENT OF THE CHAIRPERSON,https://cdn.cse.lk/cmt/announcement_portal_prod/CSE%20letter%20on%20Appoitnments%20%26%20Retirement_13548751754283459.pdf
39395,2026-09-29,AUTO,THE AUTODROME PLC,ANNUAL GENERAL MEETING - APPROVED,ANNUAL GENERAL MEETING - APPROVED,https://cdn.cse.lk/cmt/announcement_portal_prod/CSE%20AUTO%20AGM%20RES_13548488178368042.pdf
39394,2026-09-29,ODEL,ODEL PLC,ANNUAL GENERAL MEETING - APPROVED,ANNUAL GENERAL MEETING - APPROVED,https://cdn.cse.lk/cmt/announcement_portal_prod/AGM%20Announcments%20-%20ODEL%2029th%20Sept%202026_13545218118959405.pdf
39393,2026-09-29,BLI,BIMPUTH LANKA INVESTMENTS PLC,Winding-Up Order - Commercial High Court of the Western Province,CORPORATE DISCLOSURE,https://cdn.cse.lk/cmt/announcement_portal_prod/MARKET%20ANNOUNCEMENT%20%281%29%20%281%29_13542872990283882.pdf
39392,2026-09-29,RGEM,RADIANT GEMS INTERNATIONAL PLC,ANNUAL GENERAL MEETING - APPROVED,ANNUAL GENERAL MEETING - APPROVED,https://cdn.cse.lk/cmt/announcement_portal_prod/RA-565%20to%20CSE%20After%20AGM%20%2829.09.26%29_13539312691078515.pdf
39391,2026-09-29,BRWN,BROWN & COMPANY PLC,ANNUAL GENERAL MEETING - APPROVED,ANNUAL GENERAL MEETING - APPROVED,https://cdn.cse.lk/cmt/announcement_portal_prod/BCL%20-%20AGM%202026%20Disclosure%20%282%29%20corrected_13538915393143203.pdf
39390,2026-09-29,CALH,CAPITAL ALLIANCE HOLDINGS PLC,ANNUAL GENERAL MEETING - APPROVED,ANNUAL GENERAL MEETING - APPROVED,https://cdn.cse.lk/cmt/announcement_portal_prod/SP-56%20to%20CSE%20-%20Annual%20General%20Meeting-26%20%2829.09.26%29_13536689685202012.pdf
39389,2026-09-29,CPRT,KERNER HAUS GLOBAL SOLUTIONS PLC,ANNUAL GENERAL MEETING - APPROVED,ANNUAL GENERAL MEETING - APPROVED,https://cdn.cse.lk/cmt/announcement_portal_prod/CSE%20Announcement%20-%20Annual%20General%20Meeting_13536118425736474.pdf
39388,2026-09-29,HNBF,HNB FINANCE PLC,Change in the Composition of Board Sub Committees,CORPORATE DISCLOSURE,https://cdn.cse.lk/cmt/announcement_portal_prod/Disclosure%20under%20Section%209.10.3%20of%20Listing%20Rules%20-%20Reconstitution%20of%20Board%20Sub%20Committees%20-%20September_0001_13532527631385616.pdf
39383,2026-09-29,COCR,COMMERCIAL CREDIT AND FINANCE PLC,APPOINTMENT OF DIRECTORS,APPOINTMENT OF DIRECTORS,https://cdn.cse.lk/cmt/announcement_portal_prod/CSE%20-%20Announcement_13526756605893186.pdf
39375,2026-09-28,MERC,MERCANTILE INVESTMENTS AND FINANCE PLC,DEALINGS BY DIRECTORS,DEALINGS BY DIRECTORS,https://cdn.cse.lk/cmt/announcement_portal_prod/Disclosure%20by%20Directors%20-%20Shermal%204_13465965731051993.pdf
39385,2026-09-29,NDB,NATIONAL DEVELOPMENT BANK PLC,TRADING HALT LIFTED,TRADING HALT LIFTED,
39379,2026-09-29,WIND,WINDFORCE PLC,Further to the market announcement dated 02nd April 2026: Withdrawal of the Initial Listing Application for the Proposed Green Bond Issue by WindForce PLC,CORPORATE DISCLOSURE,https://cdn.cse.lk/cmt/announcement_portal_prod/Withdrawal%20of%20the%20initial%20listing%20application%20for%20the%20Proposed%20Green%20Bond%20Issue_0001_13524743617180383.pdf
39384,2026-09-29,NDB,NATIONAL DEVELOPMENT BANK PLC,"CORPORATE DISCLOSURE - FURTHER TO THE ANNOUNCEMENTS MADE ON 2ND, 6TH, 23RD APRIL and 26TH JUNE 2026",CORPORATE DISCLOSURE,https://cdn.cse.lk/cmt/announcement_portal_prod/Corporate%20Disclosure-%20National%20Development%20Bank%20PLC_29.09.2026%20%282%29_13528734549171997.pdf
39377,2026-09-28,WAPO,GALLE FACE CAPITAL PARTNERS PLC,RELATED PARTY TRANSACTION,RELATED PARTY TRANSACTION,https://cdn.cse.lk/cmt/announcement_portal_prod/GCP-%20DISCLOSURE-RPT_13467588783914714.pdf
39381,2026-09-29,NDB,NATIONAL DEVELOPMENT BANK PLC,TRADING HALTED,TRADING HALTED,
39378,2026-09-28,HPWR,RESUS ENERGY PLC,Successful submission of bids for BESS,CORPORATE DISCLOSURE,https://cdn.cse.lk/cmt/announcement_portal_prod/Resus%20Bess%20award%20Sep%2026_13469706420075556.pdf
39376,2026-09-28,ACME,ACME PRINTING & PACKAGING PLC,ANNUAL GENERAL MEETING - APPROVED,ANNUAL GENERAL MEETING - APPROVED,https://cdn.cse.lk/cmt/announcement_portal_prod/RA-562%20to%20CSE%20-%20After%20AGM%20%2828.09.26%29_13466483585222853.pdf
39374,2026-09-28,NHL,NAWALOKA HOSPITALS PLC,ANNUAL GENERAL MEETING - APPROVED,ANNUAL GENERAL MEETING - APPROVED,https://cdn.cse.lk/cmt/announcement_portal_prod/NAWALOKA%20ANNOUNCEMENT%20SIGNED%202026_13465080489290493.pdf
39365,2026-09-28,PLC,PEOPLE'S LEASING & FINANCE PLC,DEBENTURE ISSUE,DEBENTURE ISSUE,https://cdn.cse.lk/cmt/announcement_portal_prod/People%27s%20Leasing%20%26%20Finance%20PLC%20-%20Debenture%20Issue%20Subscription%20Detail%20Anouncement_13461636354219384.pdf
39373,2026-09-28,SLND,SERENDIB LAND PLC,ANNUAL GENERAL MEETING - APPROVED,ANNUAL GENERAL MEETING - APPROVED,https://cdn.cse.lk/cmt/announcement_portal_prod/AGM%20Letter-28-09-2026_13463360034644023.pdf
39372,2026-09-28,SCAP,SOFTLOGIC CAPITAL PLC,ANNUAL GENERAL MEETING - APPROVED,ANNUAL GENERAL MEETING - APPROVED,https://cdn.cse.lk/cmt/announcement_portal_prod/CSE%20Announcement%20-%20SCAP%20-%20AGM%20-%2028%20Sep%202026_13463243455915795.pdf
39371,2026-09-28,RICH,RICHARD PIERIS AND COMPANY PLC,ANNUAL GENERAL MEETING - APPROVED,ANNUAL GENERAL MEETING - APPROVED,https://cdn.cse.lk/cmt/announcement_portal_prod/RPC%20AGM%202026_13462375778718834.pdf
39370,2026-09-28,REXP,RICHARD PIERIS EXPORTS PLC,ANNUAL GENERAL MEETING - APPROVED,ANNUAL GENERAL MEETING - APPROVED,https://cdn.cse.lk/cmt/announcement_portal_prod/RPE%20AGM%202026_13462318479922044.pdf
39369,2026-09-28,NAMU,NAMUNUKULA PLANTATIONS PLC,ANNUAL GENERAL MEETING - APPROVED,ANNUAL GENERAL MEETING - APPROVED,https://cdn.cse.lk/cmt/announcement_portal_prod/NPL%20AGM%202026_13462272199364128.pdf
39368,2026-09-28,KGAL,KEGALLE PLANTATIONS PLC,ANNUAL GENERAL MEETING - APPROVED,ANNUAL GENERAL MEETING - APPROVED,https://cdn.cse.lk/cmt/announcement_portal_prod/KPL%20AGM%202026_13462222529130254.pdf
39366,2026-09-28,MASK,MASKELIYA PLANTATIONS PLC,ANNUAL GENERAL MEETING - APPROVED,ANNUAL GENERAL MEETING - APPROVED,https://cdn.cse.lk/cmt/announcement_portal_prod/MPL%20AGM%202026_13462163549411021.pdf
39357,2026-09-28,CDB,CITIZENS DEVELOPMENT BUSINESS FINANCE PLC,DEALINGS BY DIRECTORS,DEALINGS BY DIRECTORS,https://cdn.cse.lk/cmt/announcement_portal_prod/Disclosure%20of%20Dealings%20by%20Directors%20-%20Mr.%20Damith_13448279203169944.pdf
39363,2026-09-28,TAJ,TAL LANKA HOTELS PLC,ANNUAL GENERAL MEETING - APPROVED,ANNUAL GENERAL MEETING - APPROVED,https://cdn.cse.lk/cmt/announcement_portal_prod/TAL%20Lanka%20-announcement%20-%20after%20AGM%202026%20-%20Sgd_13461126850316173.pdf
39361,2026-09-28,MRH,MAHAWELI REACH HOTELS PLC,ANNUAL GENERAL MEETING - APPROVED,ANNUAL GENERAL MEETING - APPROVED,https://cdn.cse.lk/cmt/announcement_portal_prod/MRH%20_13458894376690995.pdf
39367,2026-09-28,ACL,ACL CABLES PLC,TRADING HALT LIFTED,TRADING HALT LIFTED,
39362,2026-09-28,PABC,PAN ASIA BANKING CORPORATION PLC,DEBENTURE ISSUE,DEBENTURE ISSUE,https://cdn.cse.lk/cmt/announcement_portal_prod/Debenture%20Announcement_13459468325131508.pdf
39358,2026-09-28,CARE,PRINTCARE  PLC,ANNUAL GENERAL MEETING - APPROVED,ANNUAL GENERAL MEETING - APPROVED,https://cdn.cse.lk/cmt/announcement_portal_prod/CSE%20Announcement_20260928_0001_13456048449018412.pdf
39359,2026-09-28,ACL,ACL CABLES PLC,CASH DIVIDEND,CASH DIVIDEND,https://cdn.cse.lk/cmt/announcement_portal_prod/A%20C%20L%20Cables%20PLC%20-Dividend%20Announcement%20-%202026_13457934127860544.pdf
39360,2026-09-28,ACL,ACL CABLES PLC,TRADING HALTED,TRADING HALTED,
39356,2026-09-28,EMER,EASTERN MERCHANTS PLC,2026 AGM Link,CORPORATE DISCLOSURE,https://cdn.cse.lk/cmt/announcement_portal_prod/AGM%20Meeting%20Link_13447127389299504.pdf
39354,2026-09-28,LOFC,LOLC FINANCE PLC,Further to the disclosure made on 22nd September 2026 -Re-constitution of sub-committees,CORPORATE DISCLOSURE,https://cdn.cse.lk/cmt/announcement_portal_prod/Disclosure%20-%20Reconstitution%20of%20the%20Subcommittees%20-%2025.09.2026_13443858950334423.pdf
39349,2026-09-25,HARI,HARISCHANDRA MILLS PLC,APPOINTMENT OF DIRECTORS,APPOINTMENT OF DIRECTORS,https://cdn.cse.lk/cmt/announcement_portal_prod/Brief%20Profile%20of%20Mr%20Revantha%20Devasurendra_13211557699817690.pdf
39340,2026-09-25,EAST,EAST WEST PROPERTIES PLC,ANNUAL GENERAL MEETING - APPROVED,ANNUAL GENERAL MEETING - APPROVED,https://cdn.cse.lk/cmt/announcement_portal_prod/EAST%20WEST%20ANNOUCEMENT_13205715947206557.pdf
39352,2026-09-28,MERC,MERCANTILE INVESTMENTS AND FINANCE PLC,ANNUAL GENERAL MEETING - APPROVED,ANNUAL GENERAL MEETING - APPROVED,https://cdn.cse.lk/cmt/announcement_portal_prod/AGM%20Resolutions%202026_13439629619808218.pdf
39335,2026-09-25,MFPE,MAHARAJA FOODS PLC,ANNUAL GENERAL MEETING - APPROVED,ANNUAL GENERAL MEETING - APPROVED,https://cdn.cse.lk/cmt/announcement_portal_prod/AGM%20-%20Final%20Announcement%20%282026%29_13204363260001195.pdf
39351,2026-09-27,UBF,UB FINANCE PLC,ANNUAL GENERAL MEETING - APPROVED,ANNUAL GENERAL MEETING - APPROVED,https://cdn.cse.lk/cmt/announcement_portal_prod/e%20letterhead%20-%20AGM%20-%20Resolutions%20Approved%20-%20Signed_13404693576834154.pdf
F53163,2026-09-30,SING,STANDARD CAPITAL PLC,Annual Report as at 31st March 2026,FINANCIAL REPORT,https://cdn.cse.lk/cmt/upload_report_file/499_1790759508850.09.2026%29%20Proof%2019%20%28with%20signatues%29%20VM%20Final.pdf
F53161,2026-09-30,DFCC,DFCC BANK PLC,Trust Deed,FINANCIAL REPORT,https://cdn.cse.lk/cmt/upload_report_file/371_1790738365431.pdf
F53160,2026-09-30,DFCC,DFCC BANK PLC,Articles of Association of DFCC Bank PLC,FINANCIAL REPORT,https://cdn.cse.lk/cmt/upload_report_file/371_1790738168002.pdf
F53159,2026-09-30,DFCC,DFCC BANK PLC,Prospectus,FINANCIAL REPORT,https://cdn.cse.lk/cmt/upload_report_file/371_1790738283583.pdf
F53157,2026-09-30,DFCC,DFCC BANK PLC,Accountants' Report & Five Year Summary,FINANCIAL REPORT,https://cdn.cse.lk/cmt/upload_report_file/371_1790738426946.pdf
39543,2026-10-06,CIT,COLOMBO INVESTMENT TRUST PLC,DEALINGS BY DIRECTORS,DEALINGS BY DIRECTORS,https://cdn.cse.lk/cmt/announcement_portal_prod/CIT176-06.10.2026_14156980274843479.pdf
39544,2026-10-06,PABC,PAN ASIA BANKING CORPORATION PLC,DEBENTURE ISSUE,DEBENTURE ISSUE,https://cdn.cse.lk/cmt/announcement_portal_prod/Final%20Figures%20Letter%20final_14157126093999093.pdf
39534,2026-10-06,MERC,MERCANTILE INVESTMENTS AND FINANCE PLC,DEALINGS BY DIRECTORS,DEALINGS BY DIRECTORS,https://cdn.cse.lk/cmt/announcement_portal_prod/Disclosure%20by%20Directors%20-%20Shermal%209_14134263628582178.pdf
39535,2026-10-06,SING,STANDARD CAPITAL PLC,DEALINGS BY DIRECTORS,DEALINGS BY DIRECTORS,https://cdn.cse.lk/cmt/announcement_portal_prod/Standard%20Cap_Disclosure%20%287.8%20-%20Dealings%20by%20Dirs%29_05.10.2026%20%28003%29_14138738088963335.pdf
39539,2026-10-06,CRL,SOFTLOGIC FINANCE PLC,RE CONSTITUTE OF BOARD SUB COMMITTEES,CORPORATE DISCLOSURE,https://cdn.cse.lk/cmt/announcement_portal_prod/SFIN%20-%20RE%20CONSTITUTE%20OF%20BOARD%20SUB%20COMMITTEES_14137414172530929.pdf
39541,2026-10-06,SING,STANDARD CAPITAL PLC,Disclosure under Section 36 of the Take-Overs and Mergers Code of Sri Lanka 1995 (as amended in 2003) Rules: Share purchase in Standard Capital PLC.,CORPORATE DISCLOSURE,https://cdn.cse.lk/cmt/announcement_portal_prod/TOM_14143966225679940.pdf
39533,2026-10-06,CTBL,CEYLON TEA BROKERS PLC,RESIGNATION OF DIRECTORS,RESIGNATION OF DIRECTORS,https://cdn.cse.lk/cmt/announcement_portal_prod/CTB%20Annout_14131785576452698.pdf
39538,2026-10-06,RAL,RENUKA AGRI FOODS PLC,NOTIFICATION ON THE LISTING OF SHARES,NOTIFICATION ON THE LISTING OF SHARES,https://cdn.cse.lk/cmt/announcement_portal_prod/RAL_Notification%20on%20the%20Listing%20of%20Shares_14134706785491845.pdf
39537,2026-10-06,MFPE,MAHARAJA FOODS PLC,NOTIFICATION ON THE LISTING OF SHARES,NOTIFICATION ON THE LISTING OF SHARES,https://cdn.cse.lk/cmt/announcement_portal_prod/MFPE_Notification%20on%20the%20Listing%20of%20Shares_14134443470022091.pdf
39536,2026-10-06,KZOO,CEYLON LAND & EQUITY PLC,NOTIFICATION ON THE LISTING OF SHARES,NOTIFICATION ON THE LISTING OF SHARES,https://cdn.cse.lk/cmt/announcement_portal_prod/KZOO_Notification%20on%20the%20Listing%20of%20Shares_14134354151512175.pdf
39527,2026-10-05,AEL,ACCESS ENGINEERING PLC,DEALINGS BY DIRECTORS,DEALINGS BY DIRECTORS,https://cdn.cse.lk/cmt/announcement_portal_prod/10.%20Sale%20of%20Shares%20by%20Mr%20S%20D%20Perera%20on%2005.10.2026_14068578889750624.pdf
39531,2026-10-05,HPL,HATTON PLANTATIONS PLC,CASH DIVIDEND,CASH DIVIDEND,https://cdn.cse.lk/cmt/announcement_portal_prod/Dividend%20Announcement_14074398233430413.pdf
39522,2026-10-05,ACME,ACME PRINTING & PACKAGING PLC,RELATED PARTY TRANSACTION,RELATED PARTY TRANSACTION,https://cdn.cse.lk/cmt/announcement_portal_prod/RA-570%20to%20CSE%20-%20Related%20Party%20Transaction%20%2805.10.26%29_14054923272223013.pdf
39524,2026-10-05,OFEQ,OFFICE EQUIPMENT PLC,ERRATA TO THE FINANCIAL STATEMENT,ERRATA TO THE FINANCIAL STATEMENT,https://cdn.cse.lk/cmt/announcement_portal_prod/OFEQ%20AR2026%20errata%2001102026%20%281%29_14060150986518159.pdf
39526,2026-10-05,SIC,SANASA LIFE INSURANCE COMPANY PLC,APPOINTMENT OF CHIEF EXECUTIVE OFFICER,APPOINTMENT OF CHIEF EXECUTIVE OFFICER,https://cdn.cse.lk/cmt/announcement_portal_prod/Appointment%20of%20CEO_14064177142309342.pdf
39520,2026-10-05,SIC,SANASA LIFE INSURANCE COMPANY PLC,CIRCULAR TO SHAREHOLDERS,CIRCULAR TO SHAREHOLDERS,https://cdn.cse.lk/cmt/announcement_portal_prod/Circular%20to%20Shareholders%20%281%29_14052461962437278.pdf
39519,2026-10-05,SIC,SANASA LIFE INSURANCE COMPANY PLC,EXTRAORDINARY GENERAL MEETING (INITIAL),EXTRAORDINARY GENERAL MEETING (INITIAL),https://cdn.cse.lk/cmt/announcement_portal_prod/Public%20Notice%20-%20EGM-signed_14052110721626243.pdf
39525,2026-10-05,MERC,MERCANTILE INVESTMENTS AND FINANCE PLC,DEALINGS BY DIRECTORS,DEALINGS BY DIRECTORS,https://cdn.cse.lk/cmt/announcement_portal_prod/Disclosure%20by%20Directors%20-%20Shermal%208%20%28i%29_14062810495232136.pdf
39521,2026-10-05,WAPO,GALLE FACE CAPITAL PARTNERS PLC,NOTIFICATION ON THE LISTING OF SHARES,NOTIFICATION ON THE LISTING OF SHARES,https://cdn.cse.lk/cmt/announcement_portal_prod/Notification%20on%20the%20listing%20of%20shares%20-WAPO_14054664555671522.pdf
39518,2026-10-02,SING,STANDARD CAPITAL PLC,Over 10% transaction,CORPORATE DISCLOSURE,https://cdn.cse.lk/cmt/announcement_portal_prod/Letter.%20-%20SING.N0000_13819471235557484.pdf
39512,2026-10-02,FCT,FIRST CAPITAL TREASURIES PLC,APPOINTMENT OF CHAIRPERSON,APPOINTMENT OF CHAIRPERSON,https://cdn.cse.lk/cmt/announcement_portal_prod/FCT%20CSE%20Announcment%20on%20Appointment%20of%20Chairperson%20-%20Relevant%20Interest_13813595821745601.pdf
39514,2026-10-02,FCT,FIRST CAPITAL TREASURIES PLC,APPOINTMENT OF DIRECTORS,APPOINTMENT OF DIRECTORS,https://cdn.cse.lk/cmt/announcement_portal_prod/FCT%20CSE%20Announcement%20on%20Appointment%20of%20Directors%20-%20Relevant%20Interest_13813775891381909.pdf
F53182,2026-10-05,AHUN,AITKEN SPENCE HOTEL HOLDINGS PLC,Accountants' Report & Five Year Summary,FINANCIAL REPORT,https://cdn.cse.lk/cmt/upload_report_file/521_1791192571573.pdf
F53180,2026-10-05,AHUN,AITKEN SPENCE HOTEL HOLDINGS PLC,Articles of Association,FINANCIAL REPORT,https://cdn.cse.lk/cmt/upload_report_file/521_1791192445922.pdf
F53179,2026-10-05,AHUN,AITKEN SPENCE HOTEL HOLDINGS PLC,Prospectus,FINANCIAL REPORT,https://cdn.cse.lk/cmt/upload_report_file/521_1791192494907.pdf
F53178,2026-10-05,AHUN,AITKEN SPENCE HOTEL HOLDINGS PLC,Trust Deed,FINANCIAL REPORT,https://cdn.cse.lk/cmt/upload_report_file/521_1791192528821.pdf
F53174,2026-10-05,OFEQ,OFFICE EQUIPMENT PLC,Errata to the Annual Report as at 31st March 2026,FINANCIAL REPORT,https://cdn.cse.lk/cmt/upload_report_file/769_1791199371206.pdf
39562,2026-10-07,PLC,PEOPLE'S LEASING & FINANCE PLC,DEBENTURE ISSUE,DEBENTURE ISSUE,https://cdn.cse.lk/cmt/announcement_portal_prod/Final%20Circular_14254696844489927.pdf
39553,2026-10-07,CTLD,C T LAND DEVELOPMENT PLC,DEALINGS BY DIRECTORS,DEALINGS BY DIRECTORS,https://cdn.cse.lk/cmt/announcement_portal_prod/Disclosure-%20C%20T%20Holdings%20-07.10.2026_14238972087506580.pdf
39557,2026-10-07,PABC,PAN ASIA BANKING CORPORATION PLC,DEBENTURE ISSUE(BASIS OF ALLOTMENT),DEBENTURE ISSUE(BASIS OF ALLOTMENT),https://cdn.cse.lk/cmt/announcement_portal_prod/Basis%20of%20Allotment%20Letter_14242260520548070.pdf
39555,2026-10-07,SEYB,SEYLAN BANK PLC,Corporate Disclosure on Achievement of LKR 1 Trillion in total Assets,CORPORATE DISCLOSURE,https://cdn.cse.lk/cmt/announcement_portal_prod/Corporate%20Disclosure_14239380894410816.pdf
39550,2026-10-07,RHL,RENUKA HOLDINGS PLC,NOTIFICATION ON THE LISTING OF SHARES,NOTIFICATION ON THE LISTING OF SHARES,https://cdn.cse.lk/cmt/announcement_portal_prod/Listing%20Notification%20-%20RHL_14219470019042346.pdf
39549,2026-10-07,COCO,RENUKA FOODS PLC,NOTIFICATION ON THE LISTING OF SHARES,NOTIFICATION ON THE LISTING OF SHARES,https://cdn.cse.lk/cmt/announcement_portal_prod/Listing%20Notification%20-%20COCO_14219390125555320.pdf
39551,2026-10-07,COMD,COMMERCIAL DEVELOPMENT COMPANY PLC,APPOINTMENT OF CHIEF EXECUTIVE OFFICER,APPOINTMENT OF CHIEF EXECUTIVE OFFICER,https://cdn.cse.lk/cmt/announcement_portal_prod/CSE%20Appointment%20of%20CDC%20-CEO_14223199416795610.pdf
39547,2026-10-06,SING,STANDARD CAPITAL PLC,RELATED PARTY TRANSACTION,RELATED PARTY TRANSACTION,https://cdn.cse.lk/cmt/announcement_portal_prod/RPT%20Disclosure_St%20Cap%20PLC_06102026_14164631441736548.pdf
39545,2026-10-06,CTHR,C T HOLDINGS PLC,DEALINGS BY DIRECTORS,DEALINGS BY DIRECTORS,https://cdn.cse.lk/cmt/announcement_portal_prod/20261006%20CTH%20Letter%20to%20CSE%20re.%20purchase%20of%20shares%20by%20Ms.%20M.%20M.%20Page_14159144130063705.pdf
39546,2026-10-06,TAJ,TAL LANKA HOTELS PLC,RIGHTS ISSUE (DATES),RIGHTS ISSUE (DATES),https://cdn.cse.lk/cmt/announcement_portal_prod/TAL%20Lanka%20-announcement%20-%20Rights%20Dates%20-%20SGD_14159547748724320.pdf
