code,price,price_date,shares,fye,nav,nav_period,pb,ttm_profit,ttm_eps,ttm_to,ttm_note,earnings_yield,pe,roe,div_ttm,dy
AAF,45,2026-10-07,222706141,31 Mar,23.361906,2026-06-30,1.9262127,1286630868,5.77725815,2026-06-30,sum of 4 quarters' profit,0.12838351,7.78916206,0.24729396,0.57,0.01266667
AAIC,75.6,2026-10-07,316406250,31 Dec,46.11054617,2026-06-30,1.63953816,,,,quarter 1 of FY2026 not known,,,,5.3,0.07010582
ABAN,1023,2026-10-07,5110560,31 Mar,689.26281582,2026-06-30,1.48419438,69272100,13.55469851,2026-06-30,sum of 4 quarters' profit,0.01324995,75.47198483,0.0196655,26,0.02541544
ABL,24.5,2026-10-07,551222806,31 Dec,47.29915329,2026-06-30,0.51797967,2704271000,4.90594905,2026-06-30,sum of 4 quarters' profit,0.20024282,4.9939369,0.10372171,0,0
ACAP,7,2026-01-14,131329995,31 Mar,-3.25255476,2025-06-30,,,,,quarter 2 of FY2026 not known,,,,0,0
ACL,91,2026-10-07,718724160,31 Mar,54.0448355,2026-06-30,1.68378716,1858670000,2.58606862,2026-06-30,sum of 4 quarters' profit,0.02841834,35.18854803,0.04785043,0.6,0.00659341
ACME,3.8,2026-10-07,665000000,31 Mar,0.76895639,2026-06-30,4.94176269,,,,quarter 4 of FY2026 not known,,,,0,0
AEL,79.2,2026-10-07,1000000000,31 Mar,41.95380697,2026-06-30,1.88779054,7907692513,7.90769251,2026-06-30,sum of 4 quarters' profit,0.0998446,10.01556394,0.1884857,2,0.02525253
AFS,21.5,2026-10-07,37950000,31 Mar,5.83634108,2026-06-30,3.68381486,,,,,,,,0,0
AFSL,80.1,2026-10-07,73693171,31 Mar,,,,,,,quarter 2 of FY2026 not known,,,,2.72,0.03395755
AGAL,50.9,2026-10-07,156250000,31 Dec,,,,827058000,5.2931712,2026-06-30,sum of 4 quarters' profit,0.10399158,9.61616356,,0.75,0.01473477
AGPL,13.3,2026-10-07,500000000,31 Mar,8.380672,2026-06-30,1.58698491,228595000,0.45719,2026-06-30,sum of 4 quarters' profit,0.03437519,29.09075002,0.0545529,0.5,0.03759398
AGST,12.3,2026-10-07,487500000,31 Mar,17.30418462,2026-06-30,0.71081072,331550000,0.68010256,2026-06-30,sum of 4 quarters' profit,0.05529289,18.08550746,0.03930278,0,0
AHPL,45.4,2026-10-07,442775300,31 Mar,69.5968384,2026-06-30,0.65232848,-288000,-0.00065044,2026-06-30,sum of 4 quarters' profit,-1.433e-05,,-9.35e-06,0.5,0.01101322
AHUN,82,2026-10-07,336290010,31 Mar,89.3832826,2026-06-30,0.9173975,2475265000,7.36050708,2026-06-30,sum of 4 quarters' profit,0.08976228,11.1405368,0.08234769,0.28,0.00341463
AINS,24,2026-10-06,66230407,31 Dec,25.83212454,2026-06-30,0.92907573,298207751,4.50258068,2026-06-30,sum of 4 quarters' profit,0.18760753,5.3302765,0.1743016,0,0
ALHP,,,1281320814,31 Mar,,,,-364639761,-0.28458116,2026-06-30,sum of 4 quarters' profit,,,,0,
ALLI,305.5,2026-10-07,33696000,31 Mar,336.43249739,2026-06-30,0.90805734,,,,,,,,10,0.03273322
ALUM,15.2,2026-10-07,598605680,31 Mar,8.73680818,2026-03-31,1.73976579,922638000,1.5413118,2026-06-30,sum of 4 quarters' profit,0.10140209,9.86172945,0.17641589,0.47,0.03092105
AMCL,,,20000000,31 Dec,199.1422925,2026-03-31,,257698176,12.8849088,2026-06-30,sum of 4 quarters' profit,,,0.06470202,0,
AMSL,10.1,2026-10-07,528457545,31 Mar,14.89015228,2026-03-31,0.67830065,847368857,1.60347575,2026-06-30,sum of 4 quarters' profit,0.15875998,6.29881681,0.10768699,0,0
APLA,161,2026-10-07,42125000,31 Mar,111.86661128,2026-06-30,1.43921406,,,,quarter 2 of FY2026 not known,,,,3.75,0.02329193
ASCO,48.7,2026-10-07,211370428,31 Mar,,,,,,,quarter 4 of FY2026 not known,,,,0,0
ASHO,2591.25,2026-10-07,3620843,31 Mar,2737.10718885,2026-06-30,0.94671119,5393918501,1489.68582758,2026-06-30,sum of 4 quarters' profit,0.57489082,1.73946073,0.54425557,30,0.01157742
ASIR,27.2,2026-10-07,1137533596,31 Mar,,,,,,,quarter 4 of FY2026 not known,,,,0,0
ASIY,13.7,2026-10-07,260000000,31 Mar,6.78156984,2026-06-30,2.02018121,285192782,1.09689532,2026-06-30,sum of 4 quarters' profit,0.08006535,12.48979716,0.16174652,0.47,0.03430657
ASPH,0.6,2026-10-07,3749411250,31 Mar,0.39108727,2026-03-31,1.53418444,66652000,0.01777666,2026-06-30,sum of 4 quarters' profit,0.02962776,33.75212672,0.04545445,0,0
ATL,21.5,2026-10-07,299510854,31 Dec,,,,,,,quarter 3 of FY2025 not known,,,,0,0
ATLL,20.4,2026-10-07,50000000,31 Dec,13.1283456,2026-06-30,1.55388962,,,,quarter 3 of FY2025 not known,,,,0,0
AUTO,309,2026-10-07,12000000,31 Mar,,,,,,,,,,,0,0
BALA,55.2,2026-10-07,47272726,31 Dec,97.89972764,2026-06-30,0.56384222,54908000,1.16151542,2026-06-30,sum of 4 quarters' profit,0.02104195,47.52412172,0.01186434,0.5,0.00905797
BBH,28.4,2026-04-27,129600000,31 Mar,0.2325463,2026-03-31,122.12621939,114013000,0.87972994,2026-03-31,sum of 4 quarters' profit,0.03097641,32.28263444,3.78303139,0,0
BERU,2.6,2026-10-07,700544295,31 Mar,,,,,,,quarter 4 of FY2026 not known,,,,0,0
BFL,85.8,2026-10-07,88000000,31 Mar,72.73220956,2025-12-31,1.17966992,2331804030,26.49777307,2026-06-30,sum of 4 quarters' profit,0.30883185,3.23800796,0.36431965,5.82,0.06783217
BFN,26,2026-10-07,211101155,31 Mar,19.41077016,2026-06-30,1.33946257,433215000,2.05216783,2026-06-30,sum of 4 quarters' profit,0.07892953,12.66952906,0.10572315,0,0
BIL,4.8,2026-10-07,14369717460,31 Mar,12.77186462,2026-06-30,0.37582609,-20425172000,-1.42140387,2026-06-30,sum of 4 quarters' profit,-0.29612581,,-0.11129181,0,0
BLI,,,107733344,31 Mar,,,,,,,quarter 2 of FY2025 not known,,,,0,
BLUE,,,925501014,31 Mar,,,,,,,quarter 2 of FY2026 not known,,,,0,
BOGA,117.5,2026-10-07,94632904,31 Dec,16.18831226,2026-06-30,7.25832305,,,,quarter 1 of FY2026 not known,,,,0,0
BOPL,68.3,2026-10-07,83750000,31 Mar,52.95497313,2026-03-31,1.28977499,903002000,10.78211343,2026-06-30,sum of 4 quarters' profit,0.15786403,6.33456515,0.20360908,6,0.08784773
BPPL,17.2,2026-10-07,306843357,31 Mar,14.74034844,2026-06-30,1.16686522,91855000,0.2993547,2026-06-30,sum of 4 quarters' profit,0.01740434,57.45692385,0.02030852,0.5,0.02906977
BREW,2512.75,2026-10-06,20988090,31 Mar,149.25045585,2026-06-30,16.83579447,6098138000,290.55230848,2026-06-30,sum of 4 quarters' profit,0.1156312,8.6481846,1.94674319,67.5,0.026863
BRR,20.8,2026-10-07,53728000,31 Mar,,,,12046000,0.22420339,2026-06-30,sum of 4 quarters' profit,0.01077901,92.77290387,,0.2,0.00961538
BRWN,125,2026-10-07,212625000,31 Mar,533.92509818,2026-06-30,0.23411524,-15723715000,-73.95045267,2026-06-30,sum of 4 quarters' profit,-0.59160362,,-0.13850342,0,0
BUKI,843,2026-10-06,102000000,31 Mar,90.9887451,2026-06-30,9.26488215,,,,quarter 4 of FY2026 not known,,,,20.16,0.02391459
CABO,171.75,2026-10-07,18031995,31 Mar,329.37825238,2026-06-30,0.52143698,262123000,14.53655017,2026-06-30,sum of 4 quarters' profit,0.08463785,11.81504538,0.0441333,1.5,0.00873362
CALF,112.25,2026-10-07,117399866,31 Dec,24.78502829,2026-06-30,4.52894379,283915000,2.41835881,2026-06-30,sum of 4 quarters' profit,0.0215444,46.4157757,0.09757337,0,0
CALH,11.9,2026-10-07,2072049345,31 Mar,8.87396172,2026-06-30,1.34100195,,,,quarter 3 of FY2026 not known,,,,1,0.08403361
CALT,41.2,2026-10-07,329417884,31 Mar,25.23483254,2026-06-30,1.6326639,,,,,,,,12,0.29126214
CARE,35,2026-10-07,85966670,31 Mar,26.4072576,2026-06-30,1.32539321,,,,,,,,0,0
CARG,668.75,2026-10-07,257677731,31 Mar,157.28100307,2026-06-30,4.25194389,10818954000,41.98637561,2026-06-30,sum of 4 quarters' profit,0.06278337,15.92778587,0.26695135,18.5,0.02766355
CARS,700,2026-10-07,196386914,31 Mar,124.13123412,2026-06-30,5.63919311,896615000,4.56555369,2026-06-30,sum of 4 quarters' profit,0.00652222,153.32203878,0.03678006,12.67,0.0181
CBNK,7.2,2026-10-07,1239842858,31 Dec,11.80961192,2026-06-30,0.60967287,,,,quarter 4 of FY2025 not known,,,,0,0
CCS,118,2026-10-07,950400000,31 Mar,23.77407407,2026-06-30,4.96338994,7856394000,8.26640783,2026-06-30,sum of 4 quarters' profit,0.0700543,14.2746405,0.34770683,7.117,0.06031356
CDB,33.7,2026-10-07,726740070,31 Mar,40.0739029,2026-06-30,0.84094629,4631056000,6.37236915,2026-06-30,sum of 4 quarters' profit,0.18909107,5.28845697,0.15901544,8.5,0.25222552
CERA,169,2026-10-07,6000000,31 Mar,192.95518083,2026-06-30,0.87585106,91108111,15.18468517,2026-06-30,sum of 4 quarters' profit,0.08985021,11.12963477,0.0786954,6.4,0.03786982
CFI,317.25,2026-10-07,8939651,31 Mar,532.35400353,2026-03-31,0.59593804,585912000,65.54081362,2026-06-30,sum of 4 quarters' profit,0.20659043,4.8404953,0.12311509,0,0
CFIN,206,2026-10-07,227354462,31 Mar,379.89716252,2026-06-30,0.54225201,10542181000,46.36892062,2026-06-30,sum of 4 quarters' profit,0.22509185,4.44263091,0.12205651,6.5,0.0315534
CFLB,50,2026-10-07,240000000,31 Mar,,,,1546273000,6.44280417,2026-06-30,sum of 4 quarters' profit,0.12885608,7.76059596,,0,0
CFVF,37.5,2026-10-07,405000000,31 Mar,17.80483704,2026-06-30,2.10616923,,,,,,,,7,0.18666667
CHL,60,2026-10-07,167585952,31 Mar,,,,,,,quarter 3 of FY2026 not known,,,,1.1,0.01833333
CHMX,150,2026-10-06,16152353,31 Mar,278.16033986,2026-06-30,0.53925732,193564000,11.98364102,2026-06-30,sum of 4 quarters' profit,0.07989094,12.51706387,0.04308177,2.5,0.01666667
CHOT,27.6,2026-10-07,180030942,31 Mar,45.05728243,2026-03-31,0.61255359,,,,quarter 2 of FY2026 not known,,,,0,0
CHOU,,,13379850,31 Mar,6.64533272,2019-06-30,,,,,quarter 4 of FY2019 not known,,,,0,
CIC,27,2026-10-07,1895400000,31 Mar,7.11948401,2026-06-30,3.79240967,,,,quarter 3 of FY2026 not known,,,,0.5,0.01851852
CIND,203,2026-10-07,24195193,31 Mar,203.86363523,2026-06-30,0.99576366,700140000,28.93715293,2026-06-30,sum of 4 quarters' profit,0.14254755,7.01520293,0.14194367,6,0.02955665
CINS,2898.5,2026-10-07,26414480,31 Dec,,,,10346589000,391.70140771,2026-06-30,sum of 4 quarters' profit,0.13513935,7.39976917,,51,0.01759531
CINV,103,2026-10-07,97200743,31 Mar,205.57004384,2026-06-30,0.50104577,1030320000,10.59991897,2026-06-30,sum of 4 quarters' profit,0.10291183,9.71705541,0.05156354,0,0
CIT,340,2026-10-07,7210808,31 Mar,671.3408539,2026-03-31,0.50644914,702435000,97.41418715,2026-06-30,sum of 4 quarters' profit,0.28651232,3.49025137,0.14510392,0,0
CITH,4.6,2026-10-07,542663531,31 Mar,,,,,,,quarter 2 of FY2026 not known,,,,0,0
CITW,1.5,2026-10-07,936683988,31 Mar,2.15938421,2026-06-30,0.69464248,,,,quarter 4 of FY2026 not known,,,,0,0
CLND,45.6,2026-10-07,199881008,31 Dec,43.53468151,2026-06-30,1.04744076,319325475,1.59757787,2026-06-30,sum of 4 quarters' profit,0.0350346,28.5432096,0.03669667,0,0
COCO,20.6,2026-10-07,374624234,31 Mar,17.45457022,2026-03-31,1.18020666,,,,quarter 3 of FY2026 not known,,,,0.1,0.00485437
COCR,94.9,2026-10-07,318074365,31 Mar,,,,9493629371,29.84720058,2026-06-30,sum of 4 quarters' profit,0.31451212,3.17952767,,10,0.10537408
COLO,32.2,2026-10-07,152000000,31 Mar,,,,,,,,,,,0.4,0.01242236
COMB,200,2026-10-07,1654456460,31 Dec,216.02209767,2026-06-30,0.92583121,64281930000,38.8538058,2026-06-30,sum of 4 quarters' profit,0.19426903,5.14750089,0.17986033,8,0.04
COMD,293.5,2026-10-07,12000000,31 Dec,375.30575,2026-06-30,0.78202905,399377000,33.28141667,2026-06-30,sum of 4 quarters' profit,0.11339495,8.81873518,0.08867814,7,0.02385009
CONN,24,2026-10-07,107989958,31 Mar,11.45985259,2026-03-31,2.09426778,-439591000,-4.07066553,2026-06-30,sum of 4 quarters' profit,-0.16961106,,-0.35521099,0,0
COOP,3,2026-10-07,1652177600,31 Dec,,,,395104851,0.23914188,2026-06-30,sum of 4 quarters' profit,0.07971396,12.54485433,,0,0
CPRT,30.8,2026-10-07,42011900,31 Mar,-0.90357432,2026-06-30,,,,,quarter 3 of FY2026 not known,,,,0,0
CRL,3.4,2026-10-07,962573191,31 Mar,,,,,,,,,,,0,0
CSD,23.5,2026-10-07,139688298,31 Dec,,,,,,,,,,,1.2,0.05106383
CSF,,,6996774035,31 Mar,,,,-940980000,-0.13448769,2026-06-30,sum of 4 quarters' profit,,,,0,
CSLK,13.3,2026-10-07,470666600,31 Mar,5.6015855,2026-06-30,2.37432777,370998244,0.78824001,2026-06-30,sum of 4 quarters' profit,0.05926617,16.87303345,0.1407173,0.25,0.01879699
CTBL,10.2,2026-10-07,182400000,31 Mar,3.40150174,2026-06-30,2.99867552,147407797,0.80815678,2026-06-30,sum of 4 quarters' profit,0.07923106,12.62131338,0.23758823,1.1,0.10784314
CTC,1783.5,2026-10-07,187323751,31 Dec,57.71825485,2026-06-30,30.90010266,29485000000,157.40128971,2026-06-30,sum of 4 quarters' profit,0.08825416,11.33091097,2.72706252,157.54,0.08833193
CTEA,1403.5,2026-10-07,20737500,31 Mar,1222.16554551,2026-06-30,1.14837143,,,,,,,,25,0.01781261
CTHR,549.5,2026-10-07,201406978,31 Mar,185.39087558,2026-06-30,2.96400779,7860540000,39.02814132,2026-06-30,sum of 4 quarters' profit,0.07102482,14.07958415,0.21051813,15.25,0.0277525
CTLD,38,2026-10-07,81250000,31 Mar,,,,139300000,1.71446154,2026-06-30,sum of 4 quarters' profit,0.04511741,22.1643934,,0,0
CWL,15.6,2026-10-07,30000000,31 Mar,6.39737127,2026-06-30,2.43850159,,,,,,,,0,0
CWM,34.6,2026-10-07,179942780,31 Mar,22.92973355,2026-06-30,1.50895779,,,,quarter 4 of FY2026 not known,,,,1.6,0.04624277
DFCC,118.75,2026-10-07,450715084,31 Dec,240.73257775,2026-06-30,0.49328596,,,,quarter 2 of FY2025 not known,,,,2.5,0.02105263
DIAL,44.7,2026-10-07,9200334994,31 Dec,9.68219277,2026-06-30,4.61672279,31103354000,3.38067625,2026-06-30,sum of 4 quarters' profit,0.07563034,13.22220665,0.34916432,2.9,0.06487696
DIMO,1369,2026-10-07,9231494,31 Mar,1803.49540389,2026-06-30,0.7590815,,,,quarter 2 of FY2026 not known,,,,50,0.03652301
DIPD,58.2,2026-10-07,598615120,31 Mar,58.17927218,2026-03-31,1.00035627,,,,,,,,2.25,0.03865979
DIST,52.6,2026-10-07,4600000000,31 Mar,4.95323022,2026-06-30,10.61933278,16465177000,3.5793863,2026-06-30,sum of 4 quarters' profit,0.06804917,14.69525654,0.72263677,3,0.05703422
DOCK,117,2026-10-07,395224082,31 Mar,38.97062123,2026-06-30,3.00226161,,,,,,,,0,0
DPL,11.8,2026-10-07,162552920,31 Mar,13.46980417,2026-06-30,0.87603352,,,,quarter 4 of FY2026 not known,,,,0,0
EAST,70,2026-10-07,138240000,31 Mar,24.74386281,2026-06-30,2.82898432,614496796,4.44514465,2026-06-30,sum of 4 quarters' profit,0.06350207,15.74751905,0.17964635,0,0
EBCR,34,2026-10-07,278900380,31 Mar,36.24374051,2026-06-30,0.93809302,940133000,3.37085593,2026-06-30,sum of 4 quarters' profit,0.09914282,10.08645896,0.09300519,2,0.05882353
ECL,15.1,2026-10-07,122131415,31 Dec,4.51420532,2026-06-30,3.34499628,54053445,0.44258429,2026-06-30,sum of 4 quarters' profit,0.02931022,34.1177952,0.09804257,0,0
EDEN,9.2,2026-10-07,1584000000,31 Mar,10.87037121,2026-06-30,0.84633724,-2314586000,-1.46122854,2026-06-30,sum of 4 quarters' profit,-0.15882919,,-0.13442306,0,0
ELPL,171.5,2026-10-07,72866428,31 Mar,148.50058246,2026-06-30,1.15487763,753760000,10.34440717,2026-06-30,sum of 4 quarters' profit,0.06031724,16.57900711,0.06965903,7,0.04081633
EMER,9.6,2026-10-07,117446000,31 Mar,12.81004887,2026-06-30,0.74941166,,,,quarter 3 of FY2026 not known,,,,0,0
EML,7.9,2026-10-07,90900000,31 Dec,,,,,,,quarter 2 of FY2025 not known,,,,0,0
ETWO,56.7,2026-10-07,31000000,31 Mar,65.41980645,2026-06-30,0.86670999,280429000,9.04609677,2026-06-30,sum of 4 quarters' profit,0.15954315,6.26789669,0.13827765,4.41,0.07777778
EXT,13.4,2026-10-07,52852459,31 Mar,2.97938421,2026-06-30,4.49757367,,,,quarter 4 of FY2026 not known,,,,0,0
FCT,23.6,2026-10-07,615600000,31 Mar,11.22183398,2026-06-30,2.10304305,,,,,,,,5,0.21186441
GHLL,15,2026-10-07,500829564,31 Dec,10.75605052,2026-06-30,1.39456392,-1213653673,-2.4232868,2026-06-30,sum of 4 quarters' profit,-0.16155245,,-0.22529522,0,0
GLAS,56.4,2026-10-07,950086080,31 Mar,,,,4233931000,4.45636568,2026-06-30,sum of 4 quarters' profit,0.07901358,12.65605295,,2.98,0.05283688
GRAN,458,2026-10-07,60000000,31 Dec,261.92438333,2026-06-30,1.74859627,,,,quarter 4 of FY2025 not known,,,,15,0.03275109
GREG,34.6,2026-10-07,1427478664,31 Mar,,,,,,,quarter 4 of FY2026 not known,,,,9.75,0.28179191
GUAR,220,2026-10-07,80057991,31 Mar,,,,,,,,,,,0,0
HAPU,52.2,2026-10-07,46315789,31 Mar,91.89613503,2026-06-30,0.56803259,172746000,3.72974322,2026-06-30,sum of 4 quarters' profit,0.07145102,13.99560155,0.04058651,0,0
HARI,5010,2026-10-07,1919600,31 Mar,1068.8315274,2026-06-30,4.68736173,,,,,,,,146,0.02914172
HASU,140,2026-10-07,150000000,31 Dec,88.10421333,2026-06-30,1.5890273,2728077000,18.18718,2026-06-30,sum of 4 quarters' profit,0.12990843,7.69772994,0.20642804,5,0.03571429
HAYC,203.5,2026-10-07,297123750,31 Mar,103.92823865,2026-06-30,1.95808187,4200237000,14.13632199,2026-06-30,sum of 4 quarters' profit,0.06946596,14.39554081,0.13602003,4.32,0.0212285
HAYL,222.5,2026-10-07,795000000,31 Mar,148.27287547,2026-06-30,1.50061162,,,,,,,,6,0.02696629
HBS,21,2026-10-07,285457722,31 Mar,3.73214851,2026-06-30,5.62678573,51928090,0.18191167,2026-06-30,sum of 4 quarters' profit,0.00866246,115.44064421,0.04874181,0,0
HDFC,60,2026-10-07,64710520,31 Dec,118.32697373,2026-06-30,0.50706951,5000000,0.07726719,2026-06-30,sum of 4 quarters' profit,0.00128779,,0.000653,0,0
HELA,0.8,2026-06-17,1636746787,31 Mar,-11.48917239,2025-12-31,,,,,quarter 4 of FY2025 not known,,,,0,0
HEXP,150,2026-10-07,24000000,31 Mar,66.77516667,2026-06-30,2.24634408,204782000,8.53258333,2026-06-30,sum of 4 quarters' profit,0.05688389,17.57967009,0.12778079,0,0
HHL,31.3,2026-10-07,2995985015,31 Mar,18.62381311,2026-06-30,1.68064401,8665819000,2.89247742,2026-06-30,sum of 4 quarters' profit,0.09241142,10.82117351,0.1553107,1,0.03194888
HNB,379.25,2026-10-07,577322170,31 Dec,486.87767352,2026-06-30,0.77894309,47383361000,82.07438318,2026-06-30,sum of 4 quarters' profit,0.21641235,4.62080841,0.1685729,15,0.03955175
HNBF,7.5,2026-10-07,2539565828,31 Mar,,,,,,,,,,,0,0
HOPL,54.9,2026-10-07,25000000,31 Mar,40.12676,2026-03-31,1.36816429,,,,quarter 4 of FY2026 not known,,,,2.1,0.03825137
HPFL,11.1,2026-10-07,109088112,31 Mar,6.02952666,2026-06-30,1.84094053,-26414480,-0.24213894,2026-06-30,sum of 4 quarters' profit,-0.02181432,,-0.04015886,0,0
HPL,24.9,2026-10-07,236666671,31 Mar,22.92703057,2026-06-30,1.08605429,1252311000,5.29145483,2026-06-30,sum of 4 quarters' profit,0.21250823,4.70570019,0.23079547,1,0.04016064
HPWR,8.9,2026-10-07,430924135,31 Mar,5.98490024,2025-06-30,1.48707575,108840819,0.25257536,2026-06-30,sum of 4 quarters' profit,0.02837925,35.23700792,0.0422021,0,0
HSIG,66,2026-10-07,17577000,31 Mar,71.16931217,2026-06-30,0.927366,,,,quarter 4 of FY2025 not known,,,,0,0
HUNA,14.6,2026-10-07,849030000,31 Mar,2.97876121,2026-06-30,4.90136637,,,,quarter 4 of FY2026 not known,,,,0,0
HUNT,1500,2026-10-07,5145000,31 Mar,2163.53471409,2026-06-30,0.69330988,36593197,7.11238037,2026-06-30,sum of 4 quarters' profit,0.00474159,210.8998566,0.00328739,0,0
HVA,4.1,2026-10-07,244526188,31 Mar,-0.39592648,2026-06-30,,,,,quarter 3 of FY2026 not known,,,,0,0
INME,1749.75,2026-10-07,2055290,31 Mar,117.88111215,2026-06-30,14.84334486,,,,,,,,0,0
JAT,32.4,2026-10-07,522436476,31 Mar,23.47228962,2026-06-30,1.38035107,733850324,1.404669,2026-06-30,sum of 4 quarters' profit,0.04335398,23.06593221,0.05984371,1.16,0.03580247
JETS,13.9,2026-10-07,602188559,31 Mar,7.95300563,2026-03-31,1.7477669,,,,,,,,0.5,0.03597122
JFP,16.2,2026-10-07,172130944,31 Mar,10.37531055,2026-06-30,1.56139905,,,,quarter 4 of FY2026 not known,,,,1,0.0617284
JINS,35.4,2026-10-07,679578459,31 Dec,24.67786284,2026-06-30,1.43448402,,,,quarter 1 of FY2026 not known,,,,10,0.28248588
JKH,18.4,2026-10-07,17741205405,31 Mar,14.17897546,2026-06-30,1.29769602,14505475000,0.81761496,2026-06-30,sum of 4 quarters' profit,0.0444356,22.50448051,0.0576639,0.3,0.01630435
JKL,72.2,2026-10-07,60800000,31 Mar,66.47675987,2026-06-30,1.08609385,111656000,1.83644737,2026-06-30,sum of 4 quarters' profit,0.02543556,39.31503905,0.0276254,2.83,0.03919668
JXG,9.8,2026-10-07,2300000000,31 Mar,6.64043348,2026-06-30,1.47580727,,,,,,,,0,0
KAHA,14.4,2026-10-07,99406691,31 Mar,10.45826986,2026-06-30,1.37690079,,,,quarter 4 of FY2025 not known,,,,0,0
KCAB,96,2026-10-07,218000000,31 Mar,,,,,,,quarter 2 of FY2026 not known,,,,1.6,0.01666667
KFP,161.25,2026-10-07,25500000,31 Mar,83.37137255,2026-06-30,1.93411713,239406000,9.38847059,2026-06-30,sum of 4 quarters' profit,0.05822307,17.17532142,0.11261024,4.69,0.02908527
KGAL,128.5,2026-10-07,25000000,31 Mar,,,,-222779000,-8.91116,2026-06-30,sum of 4 quarters' profit,-0.06934755,,,3,0.0233463
KHC,11.7,2026-10-07,754309253,31 Mar,13.62255197,2026-03-31,0.85886991,,,,quarter 3 of FY2026 not known,,,,0,0
KHL,15.3,2026-10-07,1456146780,31 Mar,23.29660682,2026-06-30,0.656748,989473000,0.6795146,2026-06-30,sum of 4 quarters' profit,0.04441272,22.51607243,0.02916796,0.35,0.02287582
KOTA,7.5,2026-10-07,423140625,31 Mar,8.09068144,2026-06-30,0.92699237,,,,quarter 4 of FY2026 not known,,,,0,0
KPHL,16.4,2026-10-07,164130360,31 Mar,5.2168682,2026-06-30,3.14364852,,,,,,,,0,0
KVAL,78.8,2026-10-07,68000000,31 Mar,138.43057353,2026-06-30,0.56923841,,,,,,,,3.75,0.04758883
KZOO,7.5,2026-10-07,921235101,31 Mar,10.22229504,2026-06-30,0.73369043,,,,,,,,0,0
LALU,35,2026-10-07,68514115,31 Mar,39.20030201,2025-06-30,0.89285026,,,,quarter 4 of FY2025 not known,,,,1.25,0.03571429
LAMB,1200,2026-10-07,31400000,31 Mar,145.89299363,2026-06-30,8.2252065,785368000,25.01171975,2026-06-30,sum of 4 quarters' profit,0.0208431,47.97750863,0.1714388,0,0
LCBF,5.6,2026-10-07,790168780,31 Mar,4.36787686,2026-06-30,1.28208743,299301701,0.37878199,2026-06-30,sum of 4 quarters' profit,0.06763964,14.78422994,0.08671993,0,0
LCEY,30.5,2026-10-07,137255352,31 Mar,,,,,,,,,,,0,0
LDEV,16.8,2026-10-06,160000000,31 Mar,14.68304375,2026-06-30,1.14417694,43146000,0.2696625,2026-06-30,sum of 4 quarters' profit,0.01605134,62.30009734,0.01836557,0.6,0.03571429
LFIN,147,2026-10-07,554057136,31 Mar,111.69121735,2026-06-30,1.31612855,14507648000,26.18438976,2026-06-30,sum of 4 quarters' profit,0.1781251,5.61403192,0.23443553,8.2,0.05578231
LGIL,6.8,2026-10-07,1200000000,31 Dec,5.558975,2025-12-31,1.22324709,,,,,,,,0,0
LGL,40.7,2026-10-07,387000086,31 Mar,-4.96639166,2026-06-30,,-3606603000,-9.31938553,2026-06-30,sum of 4 quarters' profit,-0.22897753,,,0,0
LHCL,111,2026-10-07,223732169,31 Dec,,,,2384117532,10.65612309,2026-06-30,sum of 4 quarters' profit,0.09600111,10.41654634,,3,0.02702703
LHL,63.3,2026-10-07,46000000,31 Mar,71.9806087,2026-03-31,0.87940351,,,,quarter 4 of FY2026 not known,,,,3,0.04739336
LIOC,127,2026-10-07,532465705,31 Mar,,,,,,,quarter 4 of FY2026 not known,,,,5,0.03937008
LION,1871.5,2026-10-07,80000000,31 Mar,525.991175,2026-06-30,3.55804449,,,,,,,,39.9,0.0213198
LITE,43.6,2026-10-07,66224939,31 Mar,21.9823985,2026-06-30,1.98340504,88727000,1.33978228,2026-06-30,sum of 4 quarters' profit,0.03072895,32.54260079,0.06094796,1.5,0.03440367
LMF,83.1,2026-10-07,399980000,31 Mar,104.89750238,2026-06-30,0.79220189,2867901000,7.17011101,2026-06-30,sum of 4 quarters' profit,0.08628292,11.58977873,0.0683535,1,0.01203369
LOFC,5,2026-10-07,29560147161,31 Mar,5.43993577,2026-06-30,0.9191285,,,,quarter 4 of FY2026 not known,,,,0,0
LOLC,428,2026-10-07,475200000,31 Mar,877.59454756,2026-06-30,0.48769674,32448236000,68.28332492,2026-06-30,sum of 4 quarters' profit,0.15954048,6.26800175,0.07780737,0,0
LPL,10.6,2026-10-07,387000086,31 Mar,5.80386375,2025-12-31,1.82636954,,,,quarter 4 of FY2025 not known,,,,0,0
LPRT,593.25,2026-10-07,2937245,31 Mar,368.29477963,2026-06-30,1.61080209,35769000,12.17773798,2026-06-30,sum of 4 quarters' profit,0.02052716,48.71594387,0.03306519,4,0.00674252
LUMX,8,2026-10-07,271250000,31 Mar,6.18846021,2026-06-30,1.29272868,-61405118,-0.22637832,2026-06-30,sum of 4 quarters' profit,-0.02829729,,-0.03658072,0,0
LVEF,5.7,2026-10-07,766353136,31 Mar,8.94639126,2026-06-30,0.63712841,,,,quarter 4 of FY2026 not known,,,,0,0
LVEN,48,2026-10-07,58324932,31 Mar,61.97413141,2026-06-30,0.7745167,,,,quarter 4 of FY2026 not known,,,,0,0
LWL,42.2,2026-10-07,273000000,31 Mar,82.88670696,2026-06-30,0.50912868,,,,quarter 4 of FY2026 not known,,,,0,0
MADU,8.7,2026-10-07,169501097,31 Dec,3.72468386,2026-06-30,2.33576871,,,,quarter 4 of FY2025 not known,,,,0,0
MAL,56.9,2026-10-07,223042991,31 Dec,27.95743534,2026-06-30,2.03523676,,,,quarter 4 of FY2025 not known,,,,0.12,0.00210896
MARA,5,2026-10-07,351923389,31 Mar,3.21853288,2026-03-31,1.55350285,19971000,0.05674815,2026-06-30,sum of 4 quarters' profit,0.01134963,88.10860473,0.01763168,0,0
MASK,61.9,2026-10-07,53953489,31 Mar,57.87484846,2026-06-30,1.06954924,637659000,11.8186796,2026-06-30,sum of 4 quarters' profit,0.19093182,5.2374717,0.20421098,4,0.06462036
MBSL,9,2026-10-07,524539637,31 Dec,7.80749959,2026-06-30,1.15273781,171353000,0.32667312,2026-06-30,sum of 4 quarters' profit,0.03629701,27.55047611,0.04184094,0,0
MCPL,43.1,2026-10-07,34996115,31 Mar,24.40133323,2026-03-31,1.76629693,74634240,2.13264358,2026-06-30,sum of 4 quarters' profit,0.04948129,20.20965922,0.08739865,3,0.06960557
MDL,18.2,2026-10-07,36250000,31 Mar,4.25086897,2026-06-30,4.28147754,,,,quarter 2 of FY2026 not known,,,,0,0
MEL,4.5,2026-10-07,100000000,31 Mar,,,,,,,,,,,0,0
MELS,181.5,2026-10-07,1165397072,31 Mar,142.91757805,2026-06-30,1.26996275,20204823000,17.33728657,2026-06-30,sum of 4 quarters' profit,0.09552224,10.46876622,0.12130969,8.15,0.04490358
MERC,19.8,2026-10-07,634600000,31 Mar,,,,1168066000,1.84063347,2026-03-31,sum of 4 quarters' profit,0.09296129,10.75716612,,0.165,0.00833333
MFPE,14.5,2026-10-07,137500000,31 Mar,3.26634098,2026-06-30,4.4392181,70297304,0.51125312,2026-06-30,sum of 4 quarters' profit,0.03525884,28.36168511,0.15652166,0.1,0.00689655
MGT,24.3,2026-10-07,415481776,31 Mar,32.41048532,2026-06-30,0.74975736,169390285,0.40769606,2026-06-30,sum of 4 quarters' profit,0.01677762,59.60322433,0.01257914,0.48,0.01975309
MHDL,6.7,2026-10-07,134681320,31 Mar,5.09179744,2026-06-30,1.31584182,-6530000,-0.04848482,2026-06-30,sum of 4 quarters' profit,-0.00723654,,-0.00952214,0,0
MRH,16.8,2026-10-07,47066447,31 Mar,,,,,,,,,,,0,0
MSL,194.25,2026-10-07,2844990,31 Mar,137.22244753,2026-06-30,1.41558472,-123488,-0.04340542,2026-06-30,sum of 4 quarters' profit,-0.00022345,,-0.00031631,0,0
MULL,2.1,2026-10-07,283000000,31 Mar,-0.55681979,2026-06-30,,-253000,-0.00089399,2026-06-30,sum of 4 quarters' profit,-0.00042571,,,0,0
NAMU,65,2026-10-07,237500000,31 Mar,52.17510737,2026-06-30,1.24580482,1912669000,8.05334316,2026-06-30,sum of 4 quarters' profit,0.12389759,8.07118221,0.15435221,2,0.03076923
NDB,107,2026-10-07,432197834,31 Dec,181.52602079,2026-03-31,0.58944717,25136728000,58.16023594,2026-06-30,sum of 4 quarters' profit,0.54355361,1.83974494,0.32039614,6.46,0.06037383
NEH,4382.5,2026-10-02,2186040,31 Mar,,,,1307552000,598.13727105,2026-06-30,sum of 4 quarters' profit,0.13648312,7.32691342,,0,0
NHL,11.1,2026-10-07,1409505596,31 Mar,4.30252141,2026-06-30,2.57988257,647863000,0.45963847,2026-06-30,sum of 4 quarters' profit,0.04140887,24.14941448,0.10683003,0,0
NTB,301.75,2026-10-07,333426766,31 Dec,286.01741589,2026-03-31,1.05500569,,,,quarter 2 of FY2025 not known,,,,3.5,0.01159901
ODEL,9.7,2026-10-07,538369934,31 Mar,,,,-2564403173,-4.76327338,2026-06-30,sum of 4 quarters' profit,-0.49105911,,,0,0
OFEQ,451,2026-10-07,833560,31 Mar,20.91736888,2026-06-30,21.56102915,,,,,,,,0,0
ONAL,43.5,2026-10-07,93003087,31 Mar,,,,1240059000,13.33352515,2026-06-30,sum of 4 quarters' profit,0.30651782,3.26245306,,2.4,0.05517241
OSEA,51.2,2026-10-07,1243029582,31 Dec,36.98326304,2026-06-30,1.38441002,,,,,,,,1.75,0.03417969
PABC,49.9,2026-10-07,442561629,31 Dec,72.09232999,2026-06-30,0.69216795,4355724000,9.84207332,2026-06-30,sum of 4 quarters' profit,0.19723594,5.07006993,0.13652039,1,0.02004008
PACK,10.8,2026-10-07,333333333,31 Mar,12.05200201,2026-06-30,0.89611668,235824000,0.707472,2026-06-30,sum of 4 quarters' profit,0.06550667,15.2656218,0.05870162,0.37,0.03425926
PALM,46.1,2026-10-07,475937000,31 Mar,28.95089266,2026-06-30,1.59235159,-2834803000,-5.95625682,2026-06-30,sum of 4 quarters' profit,-0.12920297,,-0.20573655,0,0
PAP,12.8,2026-10-07,625000000,31 Mar,3.60663713,2026-06-30,3.54901243,,,,quarter 4 of FY2026 not known,,,,0,0
PARA,514.75,2026-10-06,1000280,31 Mar,0.68518315,2026-06-30,751.2589896,,,,,,,,0,0
PARQ,79.3,2026-10-07,136860000,31 Mar,29.61360514,2026-06-30,2.67782324,1071043000,7.82582931,2026-06-30,sum of 4 quarters' profit,0.09868637,10.13311137,0.26426466,2.1,0.02648172
PEG,17,2026-10-07,84420940,31 Mar,,,,,,,,,,,0,0
PHAR,190.25,2026-10-07,25457140,31 Mar,122.11088913,2026-06-30,1.55801011,341808000,13.42680285,2026-06-30,sum of 4 quarters' profit,0.07057452,14.16941934,0.10995582,0,0
PINS,27.7,2026-10-07,203632478,31 Dec,31.07937428,2026-06-30,0.89126633,490938942,2.41090688,2026-06-30,sum of 4 quarters' profit,0.08703635,11.48945247,0.07757257,0,0
PKME,154.5,2026-10-07,333822939,31 Mar,13.39042492,2026-06-30,11.53809539,2398019000,7.18350574,2026-06-30,sum of 4 quarters' profit,0.04649518,21.50760443,0.53646585,4.3,0.02783172
PLC,17,2026-10-07,2269634110,31 Mar,21.37833574,2026-06-30,0.79519754,6017000000,2.65108811,2026-06-30,sum of 4 quarters' profit,0.15594636,6.41246134,0.12400816,0,0
PLR,37.4,2026-10-07,937500000,31 Mar,,,,,,,quarter 4 of FY2026 not known,,,,0.8,0.02139037
PMB,8.8,2026-10-07,405301750,31 Mar,8.60676767,2026-06-30,1.02245121,358471000,0.88445461,2026-06-30,sum of 4 quarters' profit,0.10050621,9.94963442,0.10276269,0,0
RAL,10.8,2026-10-07,798829305,31 Mar,6.31008523,2026-06-30,1.71154582,981275000,1.22839134,2026-06-30,sum of 4 quarters' profit,0.11373994,8.79198644,0.19467112,0,0
RCH,189,2026-10-07,40297530,31 Mar,488.18493342,2026-06-30,0.38714837,1910292000,47.40469205,2026-06-30,sum of 4 quarters' profit,0.25081848,3.98694711,0.09710396,1.5,0.00793651
RCL,43.5,2026-10-07,1107893840,31 Mar,22.76174042,2026-06-30,1.91110166,3439029000,3.1041142,2026-06-30,sum of 4 quarters' profit,0.07135895,14.01365968,0.1363742,2,0.04597701
REEF,3.3,2026-10-07,645584677,31 Mar,3.96126812,2026-06-30,0.83306656,-169024000,-0.26181538,2026-06-30,sum of 4 quarters' profit,-0.079338,,-0.06609383,0,0
RENU,738.75,2026-10-07,7000000,31 Mar,1901.61442857,2026-06-30,0.38848569,990952000,141.56457143,2026-06-30,sum of 4 quarters' profit,0.19162717,5.21846669,0.07444441,4,0.00541455
REXP,318.25,2026-10-07,11163745,31 Mar,333.18192058,2026-06-30,0.95518388,172874000,15.48530533,2026-06-30,sum of 4 quarters' profit,0.04865768,20.551742,0.04647703,9,0.02827965
RFL,22.1,2026-10-07,20000000,31 Mar,25.5144615,2026-03-31,0.86617544,6244297,0.31221485,2026-03-31,sum of 4 quarters' profit,0.01412737,70.78458952,0.01223678,0.5,0.02262443
RGEM,114,2026-10-07,2400000,31 Mar,,,,,,,,,,,0,0
RHL,37.1,2026-10-07,189689990,31 Mar,52.5735649,2026-06-30,0.70567785,,,,,,,,0,0
RHTL,21.4,2026-10-07,110886684,31 Mar,18.23293769,2025-12-31,1.17370006,,,,quarter 4 of FY2025 not known,,,,0,0
RICH,26,2026-10-07,2035038275,31 Mar,13.78030052,2026-06-30,1.88675131,2608137000,1.2816157,2026-06-30,sum of 4 quarters' profit,0.04929291,20.28689258,0.09300347,1.5,0.05769231
RIL,21.7,2026-10-07,800000000,31 Mar,32.21835125,2026-06-30,0.67352919,,,,quarter 4 of FY2026 not known,,,,1,0.04608295
RPBH,39.1,2026-10-07,50000000,31 Mar,58.8187,2026-06-30,0.66475458,,,,quarter 4 of FY2026 not known,,,,0,0
RWSL,17.5,2026-10-07,282207320,31 Mar,,,,283331099,1.0039821,2026-06-30,sum of 4 quarters' profit,0.05737041,17.43058957,,0.25,0.01428571
SAMP,140,2026-10-07,1172700760,31 Dec,153.03536172,2026-06-30,0.91482124,32143407000,27.40972642,2026-06-30,sum of 4 quarters' profit,0.19578376,5.10767593,0.17910714,10.3,0.07357143
SCAP,9,2026-10-07,977187200,31 Mar,,,,723721908,0.74061747,2026-06-30,sum of 4 quarters' profit,0.08229083,12.15202235,,0,0
SDB,48,2026-10-07,164166494,31 Dec,90.82987421,2026-06-30,0.52846049,,,,quarter 4 of FY2025 not known,,,,0,0
SDF,35.1,2026-10-07,149596052,31 Mar,,,,,,,,,,,2,0.05698006
SEMB,1.1,2026-10-07,9551978760,31 Dec,0.40669887,2026-06-30,2.70470383,,,,quarter 2 of FY2025 not known,,,,0,0
SERV,13.3,2026-10-07,484000000,31 Mar,5.64194421,2026-06-30,2.35734341,357804000,0.73926446,2026-06-30,sum of 4 quarters' profit,0.05558379,17.99085533,0.13103009,0,0
SEYB,89.2,2026-10-07,635647335,31 Dec,132.87489674,2026-06-30,0.67130814,12699752000,19.97924211,2026-06-30,sum of 4 quarters' profit,0.22398253,4.46463382,0.1503613,4,0.04484305
SFCL,324,2026-10-07,90593826,31 Mar,143.98432702,2026-06-30,2.25024492,,,,quarter 4 of FY2026 not known,,,,2.8,0.00864198
SFIN,44.4,2026-10-07,277851853,31 Mar,35.36366914,2026-06-30,1.25552583,,,,,,,,1,0.02252252
SHAW,285,2026-10-07,25602730,31 Mar,300.17650461,2026-06-30,0.9494414,1578452000,61.65170667,2026-06-30,sum of 4 quarters' profit,0.21632178,4.62274307,0.20538485,2,0.00701754
SHL,6.6,2026-10-07,1395257979,31 Mar,,,,-9273375000,-6.64635153,2026-06-30,sum of 4 quarters' profit,-1.00702296,,,0,0
SHOT,14.6,2026-10-07,446103176,31 Mar,14.71548142,2026-06-30,0.99215239,299824000,0.67209564,2026-06-30,sum of 4 quarters' profit,0.04603395,21.72309878,0.04567269,0,0
SIGV,12.3,2026-10-07,90000000,31 Mar,,,,,,,quarter 3 of FY2026 not known,,,,0,0
SIL,544,2026-10-07,4232771,31 Mar,184.58451922,2026-06-30,2.9471594,380725000,89.94698745,2026-06-30,sum of 4 quarters' profit,0.16534373,6.04800689,0.48729432,2,0.00367647
SING,42.9,2026-10-07,5540828,31 Mar,26.59344109,2026-06-30,1.61317973,28276616,5.10331958,2026-06-30,sum of 4 quarters' profit,0.1189585,8.40629307,0.19190144,0,0
SINH,21.8,2026-10-07,431300895,31 Mar,2.66175,2026-03-31,8.19010051,539248055,1.25028272,2026-03-31,sum of 4 quarters' profit,0.05735242,17.43605642,0.46972207,0,0
SINS,74.8,2026-10-07,1167617912,31 Mar,17.06890396,2026-03-31,4.38223803,7997738000,6.84961914,2026-06-30,sum of 4 quarters' profit,0.09157245,10.9203152,0.40129227,2.02,0.02700535
SIRA,34.3,2026-10-07,537512430,31 Mar,17.8760722,2026-06-30,1.91876603,,,,quarter 4 of FY2026 not known,,,,0,0
SLND,2753.75,2026-10-07,398906,31 Mar,,,,,,,quarter 3 of FY2026 not known,,,,0,0
SLTL,82.6,2026-10-07,1804860000,31 Dec,58.8815753,2026-06-30,1.40281573,12346000000,6.84041976,2026-06-30,sum of 4 quarters' profit,0.0828138,12.07528236,0.1161725,0.75,0.0090799
SMOT,1538.25,2026-10-07,6033622,31 Mar,,,,,,,quarter 3 of FY2026 not known,,,,40,0.02600358
SOY,1952,2026-10-07,2750000,31 Mar,,,,,,,quarter 3 of FY2026 not known,,,,8,0.00409836
SPEN,135.5,2026-10-07,405996045,31 Mar,223.60788515,2026-06-30,0.60597148,7713837000,18.99978361,2026-06-30,sum of 4 quarters' profit,0.14021981,7.13166017,0.0849692,4,0.0295203
STAF,39.5,2026-10-07,63242954,31 Mar,74.07086013,2026-06-30,0.53327314,,,,quarter 4 of FY2025 not known,,,,0,0
SUN,28.3,2026-10-07,1967894516,31 Mar,9.86659897,2026-06-30,2.86826292,7977089000,4.05361615,2026-06-30,sum of 4 quarters' profit,0.14323732,6.98142077,0.41084229,1.8,0.06360424
SWAD,15103.25,2026-09-30,149333,31 Mar,,,,,,,quarter 4 of FY2026 not known,,,,0,0
TAFL,618.75,2026-10-07,23545000,31 Dec,406.26447229,2026-06-30,1.52302267,,,,quarter 4 of FY2025 not known,,,,40,0.06464646
TAJ,28,2026-10-07,171866018,31 Mar,,,,,,,quarter 3 of FY2026 not known,,,,0,0
TANG,93,2026-10-07,20000000,31 Mar,177.34665,2026-06-30,0.52439671,,,,quarter 2 of FY2026 not known,,,,0,0
TAP,29.3,2026-10-07,1022352863,31 Mar,8.07662334,2026-06-30,3.62775367,,,,quarter 2 of FY2026 not known,,,,0,0
TESS,1.7,2026-10-07,868729716,31 Mar,,,,,,,,,,,0,0
TILE,40.8,2026-10-07,265252050,31 Mar,61.4443583,2026-06-30,0.6640154,,,,quarter 4 of FY2026 not known,,,,1.7,0.04166667
TJL,29.5,2026-10-07,721457738,31 Mar,,,,-485212000,-0.6725439,2026-06-30,sum of 4 quarters' profit,-0.0227981,,,0,0
TPL,138,2026-10-07,47500000,31 Mar,160.32574737,2026-03-31,0.86074759,967410000,20.36652632,2026-06-30,sum of 4 quarters' profit,0.14758352,6.77582411,0.12703216,9.31,0.06746377
TRAN,45.6,2026-10-07,200000000,31 Mar,36.416275,2026-06-30,1.25218738,408574000,2.04287,2026-06-30,sum of 4 quarters' profit,0.04479978,22.32153784,0.05609772,1,0.02192982
TSML,33.2,2026-10-07,30000000,31 Mar,63.2626,2026-06-30,0.52479664,160305000,5.3435,2026-06-30,sum of 4 quarters' profit,0.1609488,6.21315617,0.08446539,0,0
TYRE,80.1,2026-10-07,80400000,31 Mar,95.50016169,2026-06-30,0.83874204,,,,quarter 4 of FY2026 not known,,,,6.5,0.08114856
UAL,66.7,2026-10-07,589285720,31 Dec,32.39578926,2026-06-30,2.05890955,,,,quarter 4 of FY2025 not known,,,,5,0.07496252
UBC,11.1,2026-10-07,1083558338,31 Dec,18.97239888,2026-06-30,0.58506044,990518000,0.91413445,2026-06-30,sum of 4 quarters' profit,0.08235445,12.14263401,0.04818233,0,0
UBF,2,2026-10-07,3178485367,31 Mar,,,,126629425,0.03983955,2026-06-30,sum of 4 quarters' profit,0.01991977,50.20137092,,0,0
UCAR,2299.75,2026-10-07,1500000,31 Dec,1006.10466667,2026-03-31,2.28579598,,,,quarter 3 of FY2025 not known,,,,82,0.03565605
UDPL,138,2026-10-07,19398850,31 Mar,274.85732402,2026-06-30,0.50207867,673967000,34.7426265,2026-06-30,sum of 4 quarters' profit,0.25175816,3.97206584,0.1264024,0,0
UML,23.1,2026-10-07,1009006260,31 Mar,17.82283987,2026-06-30,1.29608975,,,,quarter 3 of FY2026 not known,,,,2.65,0.11471861
VFIN,83.3,2026-10-07,264885075,31 Mar,80.14984612,2026-06-30,1.03930331,,,,,,,,0,0
VLL,22,2026-10-07,1037905901,31 Mar,9.93415258,2026-06-30,2.21458246,1746940267,1.68313935,2026-06-30,sum of 4 quarters' profit,0.07650633,13.07081315,0.16942959,0.5,0.02272727
VONE,87.8,2026-10-07,1138915644,31 Mar,48.95516388,2026-06-30,1.79347781,4876298000,4.28152693,2026-06-30,sum of 4 quarters' profit,0.04876454,20.50670274,0.08745813,1.5,0.01708428
VPEL,14.7,2026-10-07,747109731,31 Mar,,,,,,,,,,,0.6,0.04081633
WAPO,17,2026-10-07,118328116,31 Mar,24.55948847,2026-06-30,0.69219683,,,,quarter 3 of FY2026 not known,,,,0,0
WATA,47.3,2026-10-07,1016543165,31 Mar,2.94423208,2026-06-30,16.06530962,2440711000,2.40099101,2026-06-30,sum of 4 quarters' profit,0.05076091,19.70019871,0.81548972,2.5,0.05285412
WIND,39.7,2026-10-07,1355409389,31 Mar,19.29177716,2026-06-30,2.05787158,,,,quarter 2 of FY2026 not known,,,,0,0
WLTH,11,2026-10-07,1225052939,31 Mar,5.23010494,2026-06-30,2.10320828,,,,,,,,0,0
YORK,8.5,2026-10-07,150000000,31 Mar,1.43414,2026-03-31,5.92689696,,,,quarter 3 of FY2026 not known,,,,0,0
