id,code,symbol,title,period_date,uploaded_utc,url,pages,words,passages,status,fetched_utc
52968,AAF,AAF.N0000,Annual Report as at 31st March 2026,2026-03-31,2026-08-31T13:42:52Z,https://cdn.cse.lk/cmt/upload_report_file/1108_1788183772927.pdf,352,137734,6,ok,2026-10-07T17:26:32Z
50751,AAIC,AAIC.N0000,Annual Report as at 31st December 2025,2025-12-31,2026-03-09T16:37:38Z,https://cdn.cse.lk/cmt/upload_report_file/364_1773074258222.pdf,484,214899,11,ok,2026-10-07T17:26:36Z
52932,ABAN,ABAN.N0000,Annual Report as at 31st March 2026,2026-03-31,2026-08-31T11:23:45Z,https://cdn.cse.lk/cmt/upload_report_file/642_1788175425248.pdf,126,50161,3,ok,2026-10-07T17:26:41Z
50900,ABL,ABL.N0000,Annual Report as at 31st December 2025,2025-12-31,2026-04-16T09:05:17Z,https://cdn.cse.lk/cmt/upload_report_file/1303_1776330317080.pdf,360,148721,4,ok,2026-10-07T17:26:44Z
48960,ACAP,ACAP.N0000,Annual Report 2024/2025,2025-03-31,2025-09-09T03:29:50Z,https://cdn.cse.lk/cmt/upload_report_file/363_1757388590473.pdf,108,41667,11,ok,2026-10-07T17:26:49Z
52918,ACL,ACL.N0000,Annual Report as at 31st March 2026,2026-03-31,2026-08-31T10:48:34Z,https://cdn.cse.lk/cmt/upload_report_file/644_1788173314462.pdf,208,77629,17,ok,2026-10-07T17:26:54Z
53038,ACME,ACME.N0000,Annual Report as at 31st March 2026,2026-03-31,2026-08-31T12:49:32Z,https://cdn.cse.lk/cmt/upload_report_file/661_1788180572310.pdf,112,49874,7,ok,2026-10-07T17:26:56Z
51955,AEL,AEL.N0000,Annual Report as at 31st March 2026,2026-03-31,2026-07-01T02:29:15Z,https://cdn.cse.lk/cmt/upload_report_file/1141_1782872955657.pdf,360,146233,22,ok,2026-10-07T17:26:59Z
52961,AFS,AFS.N0000,Annual Report as at 31st March 2026,2026-03-31,2026-08-31T12:24:59Z,https://cdn.cse.lk/cmt/upload_report_file/2774_1788179099270.pdf,112,39455,1,ok,2026-10-07T17:27:04Z
52852,AFSL,AFSL.N0000,Annual Report as at 31st March 2026,2026-03-31,2026-08-28T09:11:44Z,https://cdn.cse.lk/cmt/upload_report_file/1069_1787908304541.pdf,436,126285,13,ok,2026-10-07T17:27:07Z
51391,AGAL,AGAL.N0000,Annual Report as at 31st December 2025,2025-12-31,2026-05-27T10:46:31Z,https://cdn.cse.lk/cmt/upload_report_file/704_1779878791433.pdf,112,43568,4,ok,2026-10-07T17:27:10Z
52872,AGPL,AGPL.N0000,Annual Report as at 31st March 2026,2026-03-31,2026-08-28T15:21:24Z,https://cdn.cse.lk/cmt/upload_report_file/3027_1787930484359.pdf,196,71764,18,ok,2026-10-07T17:27:13Z
52820,AGST,AGST.N0000,Errata to the Annual Report as at 31st March 2026,2026-03-31,2026-08-25T02:59:01Z,https://cdn.cse.lk/cmt/upload_report_file/1121_1787626741069.pdf,161,53723,9,ok,2026-10-07T17:27:17Z
51335,AHPL,AHPL.N0000,Annual Report as at 31st March 2026,2026-05-26,2026-05-26T12:03:45Z,https://cdn.cse.lk/cmt/upload_report_file/690_1779797025944.pdf,316,135645,42,ok,2026-10-07T17:27:21Z
51811,AHUN,AHUN.N0000,Annual Report as at 31st March 2026 (Amended Version),2026-03-31,2026-06-05T13:05:40Z,https://cdn.cse.lk/cmt/upload_report_file/521_1780664740525.pdf,360,154929,45,ok,2026-10-07T17:27:24Z
51914,AINS,AINS.N0000,Errata to the Annual Report as at 31st December 2025,2025-12-31,2026-06-24T02:38:07Z,https://cdn.cse.lk/cmt/upload_report_file/1405_1782268687110.pdf,298,111034,8,ok,2026-10-07T17:27:27Z
49772,ALHP,ALHP.N0000,Annual Report as at 31st March 2024,2024-03-31,2025-12-08T05:42:47Z,https://cdn.cse.lk/cmt/upload_report_file/1283_1765172567285.pdf,100,25111,2,ok,2026-10-07T17:27:30Z
51954,ALLI,ALLI.N0000,Annual Report as at 31st March 2026,2026-03-31,2026-06-30T16:29:02Z,https://cdn.cse.lk/cmt/upload_report_file/341_1782836942258.pdf,408,183688,10,ok,2026-10-07T17:27:33Z
51761,ALUM,ALUM.N0000,Annual Report as at 31st March 2026,2026-03-31,2026-06-04T11:23:42Z,https://cdn.cse.lk/cmt/upload_report_file/1323_1780572222177.pdf,276,120033,5,ok,2026-10-07T17:27:36Z
51614,AMCL,AMCL.N0000,Annual Report as at 31st December 2025,2025-12-31,2026-05-29T09:37:51Z,https://cdn.cse.lk/cmt/upload_report_file/1065_1780047471425.pdf,164,70502,6,ok,2026-10-07T17:27:41Z
52954,AMSL,AMSL.N0000,Annual Report as at 31st March 2026,2026-03-31,2026-08-31T12:04:51Z,https://cdn.cse.lk/cmt/upload_report_file/513_1788177891934.pdf,160,48867,22,ok,2026-10-07T17:27:44Z
52804,APLA,APLA.N0000,Annual Report as at 31st March 2026,2026-03-31,2026-08-24T10:09:47Z,https://cdn.cse.lk/cmt/upload_report_file/643_1787566187578.pdf,160,58429,14,ok,2026-10-07T17:27:47Z
53132,ASCO,ASCO.N0000,Annual Report as at 31st March 2026,2026-03-31,2026-09-24T10:32:27Z,https://cdn.cse.lk/cmt/upload_report_file/401_1790245947732.pdf,152,53625,19,ok,2026-10-07T17:27:52Z
52065,ASHO,ASHO.N0000,Annual Report as at 31st March 2026,2026-03-31,2026-07-23T11:48:30Z,https://cdn.cse.lk/cmt/upload_report_file/695_1784807310357.pdf,140,56780,3,ok,2026-10-07T17:27:55Z
52951,ASIR,ASIR.N0000,Annual Report as at 31st March 2026,2026-03-31,2026-08-31T12:03:42Z,https://cdn.cse.lk/cmt/upload_report_file/512_1788177822797.pdf,172,67736,23,ok,2026-10-07T17:27:59Z
52786,ASIY,ASIY.N0000,Errata to the Annual Report as at 31st March 2026,2026-03-31,2026-08-19T03:17:56Z,https://cdn.cse.lk/cmt/upload_report_file/1205_1787109476532.pdf,2,289,0,no_text,2026-10-07T17:28:03Z
48353,ASPH,ASPH.N0000,Annual Report 2024/2025,2025-03-31,2025-07-04T09:30:12Z,https://cdn.cse.lk/cmt/upload_report_file/495_1751621412491.pdf,104,35009,0,ok,2026-10-07T17:28:06Z
51679,ATL,ATL.N0000,Annual Report as at 31st December 2025,2025-12-31,2026-05-31T14:44:12Z,https://cdn.cse.lk/cmt/upload_report_file/361_1780238652281.pdf,176,68558,10,ok,2026-10-07T17:28:08Z
51683,ATLL,ATLL.N0000,Annual Report as at 31st December 2025,2025-12-31,2026-05-31T10:15:49Z,https://cdn.cse.lk/cmt/upload_report_file/1484_1780222549231.pdf,140,52778,3,ok,2026-10-07T17:28:10Z
52857,AUTO,AUTO.N0000,Annual Report as at 31st March 2026,2026-03-31,2026-08-28T10:07:07Z,https://cdn.cse.lk/cmt/upload_report_file/692_1787911627016.pdf,73,37412,4,ok,2026-10-07T17:28:13Z
51537,BALA,BALA.N0000,Annual Report as at 31st December 2025,2025-12-31,2026-05-29T09:22:21Z,https://cdn.cse.lk/cmt/upload_report_file/705_1780046541693.pdf,140,47237,6,ok,2026-10-07T17:28:15Z
48279,BBH,BBH.N0000,Annual Report 2024/25,2025-03-31,2025-06-12T10:48:11Z,https://cdn.cse.lk/cmt/upload_report_file/525_1749725291926.pdf,176,68776,20,ok,2026-10-07T17:28:23Z
52098,BERU,BERU.N0000,Annual Report as at 31st March 2026,2026-03-31,2026-07-27T13:04:05Z,https://cdn.cse.lk/cmt/upload_report_file/1201_1785157445300.pdf,98,36443,12,ok,2026-10-07T17:28:25Z
51802,BFL,BFL.N0000,Annual Report as at 31st March 2026,2026-03-31,2026-06-05T11:16:39Z,https://cdn.cse.lk/cmt/upload_report_file/452_1780658199020.pdf,256,96206,7,ok,2026-10-07T17:28:27Z
53075,BFN,BFN.N0000,Annual Report as at 31st March 2026,2026-03-31,2026-09-09T02:46:42Z,https://cdn.cse.lk/cmt/upload_report_file/1072_1788922002073.pdf,292,96473,3,ok,2026-10-07T17:28:30Z
52832,BIL,BIL.N0000,Annual Report as at 31st March 2026,2026-03-31,2026-08-25T09:54:33Z,https://cdn.cse.lk/cmt/upload_report_file/1077_1787651673613.pdf,208,95057,23,ok,2026-10-07T17:28:33Z
47835,BLI,BLI.N0000,Annual Report 2021/2022,2022-03-31,2025-05-15T09:22:13Z,https://cdn.cse.lk/cmt/upload_report_file/1067_1747300933867.pdf,105,32830,0,ok,2026-10-07T17:28:36Z
49785,BLUE,BLUE.N0000,Annual Report as at 31st March 2024,2024-03-31,2025-12-11T03:26:48Z,https://cdn.cse.lk/cmt/upload_report_file/663_1765423608222..pdf,68,25140,2,ok,2026-10-07T17:28:39Z
50743,BOGA,BOGA.N0000,Annual Report as at 31st December 2025,2025-12-31,2026-03-09T10:37:30Z,https://cdn.cse.lk/cmt/upload_report_file/664_1773052650885.pdf,113,39450,8,ok,2026-10-07T17:28:43Z
52858,BOPL,BOPL.N0000,Annual Report as at 31st March 2026,2026-03-31,2026-08-28T09:57:27Z,https://cdn.cse.lk/cmt/upload_report_file/706_1787911047003.pdf,126,49348,6,ok,2026-10-07T17:28:46Z
53058,BPPL,BPPL.N0000,Errata to the Annual Report as at 31st March 2026,2026-03-31,2026-09-03T10:41:20Z,https://cdn.cse.lk/cmt/upload_report_file/1524_1788432080201.pdf,138,48923,6,ok,2026-10-07T17:28:48Z
51992,BREW,BREW.N0000,Annual Report as at 31st March 2026,2026-03-31,2026-07-06T12:45:43Z,https://cdn.cse.lk/cmt/upload_report_file/458_1783341943255.pdf,188,84080,15,ok,2026-10-07T17:28:51Z
52035,BRR,BRR.N0000,Annual Report as at 31st March 2026,2026-03-31,2026-07-20T03:42:57Z,https://cdn.cse.lk/cmt/upload_report_file/1322_1784518977107.pdf,81,25499,2,ok,2026-10-07T17:28:55Z
52834,BRWN,BRWN.N0000,Annual Report as at 31st March 2026,2026-03-31,2026-08-25T10:51:06Z,https://cdn.cse.lk/cmt/upload_report_file/764_1787655066855.pdf,252,110009,27,ok,2026-10-07T17:28:58Z
52049,BUKI,BUKI.N0000,Annual Report as at 31st March 2026,2026-03-31,2026-07-21T14:41:31Z,https://cdn.cse.lk/cmt/upload_report_file/456_1784644891818.pdf,252,97129,27,ok,2026-10-07T17:29:01Z
52921,CABO,CABO.N0000,Annual Report as at 31st March 2026,2026-03-31,2026-08-31T10:08:23Z,https://cdn.cse.lk/cmt/upload_report_file/615_1788170903089.pdf,55,18656,0,ok,2026-10-07T17:29:05Z
51074,CALF,CALF.N0000,Annual Report as at 31st December 2025,2025-12-31,2026-05-13T11:25:33Z,https://cdn.cse.lk/cmt/upload_report_file/1101_1778671533531.pdf,224,81056,13,ok,2026-10-07T17:29:09Z
53057,CALH,CALH.N0000,Annual Report as at 31st March 2026,2026-03-31,2026-09-03T09:08:03Z,https://cdn.cse.lk/cmt/upload_report_file/3319_1788426483239.pdf,204,89442,22,ok,2026-10-07T17:29:13Z
53036,CALT,CALT.N0000,Annual Report as at 31st March 2026,2026-03-31,2026-09-01T02:58:17Z,https://cdn.cse.lk/cmt/upload_report_file/2647_1788231497950.pdf,202,76985,6,ok,2026-10-07T17:29:15Z
52956,CARE,CARE.N0000,Annual Report as at 31st March 2026,2026-03-31,2026-08-31T11:49:23Z,https://cdn.cse.lk/cmt/upload_report_file/681_1788176963817.pdf,160,56438,9,ok,2026-10-07T17:29:18Z
52154,CARG,CARG.N0000,Annual Report as at 31st March 2026,2026-03-31,2026-07-30T10:45:20Z,https://cdn.cse.lk/cmt/upload_report_file/457_1785408320411.pdf,310,118508,16,ok,2026-10-07T17:29:20Z
52047,CARS,CARS.N0000,Annual Report as at 31st March 2026,2026-03-31,2026-07-21T11:44:32Z,https://cdn.cse.lk/cmt/upload_report_file/502_1784634272894.pdf,248,98696,32,ok,2026-10-07T17:29:25Z
50745,CBNK,CBNK.N0000,Annual Report as at 31st December 2025,2025-12-31,2026-03-09T10:20:22Z,https://cdn.cse.lk/cmt/upload_report_file/3118_1773051622959.pdf,492,175565,6,ok,2026-10-07T17:29:29Z
51262,CCS,CCS.N0000,Annual Report as at 31st March 2026,2026-05-25,2026-05-25T02:49:07Z,https://cdn.cse.lk/cmt/upload_report_file/462_1779677347265.pdf,364,151575,31,ok,2026-10-07T17:29:35Z
51841,CDB,CDB.N0000,Annual Report as at 31st March 2026,2026-03-31,2026-06-08T01:31:39Z,https://cdn.cse.lk/cmt/upload_report_file/981_1780882299519.pdf,464,172480,3,ok,2026-10-07T17:29:38Z
51820,CERA,CERA.N0000,Annual Report as at 31st March 2026,2026-03-31,2026-06-05T15:01:04Z,https://cdn.cse.lk/cmt/upload_report_file/676_1780671664803.pdf,112,43228,7,ok,2026-10-07T17:29:44Z
51890,CFI,CFI.N0000,Annual Report as at 31st March 2026,2026-03-31,2026-06-19T10:27:20Z,https://cdn.cse.lk/cmt/upload_report_file/609_1781864840251.pdf,72,32633,3,ok,2026-10-07T17:29:47Z
51789,CFIN,CFIN.N0000,Annual Report as at 31st March 2026,2026-03-31,2026-06-05T09:45:01Z,https://cdn.cse.lk/cmt/upload_report_file/366_1780652701197.pdf,336,150603,27,ok,2026-10-07T17:29:50Z
53029,CFLB,CFLB.N0000,Annual Report as at 31st March 2026,2026-03-31,2026-08-31T19:29:56Z,https://cdn.cse.lk/cmt/upload_report_file/504_1788204596987.pdf,208,95786,24,ok,2026-10-07T17:29:54Z
51855,CFVF,CFVF.N0000,Annual Report as at 31st March 2026,2026-03-31,2026-06-08T14:16:42Z,https://cdn.cse.lk/cmt/upload_report_file/698_1780928202410.5MB%29.pdf,596,190890,38,ok,2026-10-07T17:29:57Z
51888,CHL,CHL.N0000,Annual Report as at 31st March 2026,2026-03-31,2026-06-16T12:56:52Z,https://cdn.cse.lk/cmt/upload_report_file/514_1781614612327.pdf,232,85965,20,ok,2026-10-07T17:30:04Z
51787,CHMX,CHMX.N0000,Annual Report as at 31st March 2026,2026-03-31,2026-06-05T10:17:45Z,https://cdn.cse.lk/cmt/upload_report_file/492_1780654665589.pdf,116,48494,14,ok,2026-10-07T17:30:08Z
53017,CHOT,CHOT.N0000,Annual Report as at 31st March 2026,2026-03-31,2026-09-01T01:45:59Z,https://cdn.cse.lk/cmt/upload_report_file/545_1788227159177.pdf,148,61957,11,ok,2026-10-07T17:30:12Z
34114,CHOU,CHOU.N0000,Annual Report 2018/2019,2019-03-31,2019-09-06T03:16:11Z,https://cdn.cse.lk/cmt/upload_report_file/616_1567739771268.pdf,61,21745,5,ok,2026-10-07T17:30:15Z
51810,CIC,CIC.N0000,Annual Report as at 31st March 2026,2026-03-31,2026-06-05T13:20:55Z,https://cdn.cse.lk/cmt/upload_report_file/493_1780665655084.pdf,344,120103,23,ok,2026-10-07T17:30:18Z
51767,CIND,CIND.N0000,Annual Report as at 31st March 2026,2026-03-31,2026-06-04T11:55:23Z,https://cdn.cse.lk/cmt/upload_report_file/665_1780574123335.pdf,224,78367,17,ok,2026-10-07T17:30:24Z
50929,CINS,CINS.N0000,Annual Report as at 31st December 2025,2025-12-31,2026-04-24T03:08:48Z,https://cdn.cse.lk/cmt/upload_report_file/367_1777000128567.pdf,260,101610,24,ok,2026-10-07T17:30:28Z
51960,CINV,CINV.N0000,Annual Report as at 31st March 2026,2026-03-31,2026-07-02T11:22:59Z,https://cdn.cse.lk/cmt/upload_report_file/608_1782991379593.pdf,92,35097,8,ok,2026-10-07T17:30:31Z
51898,CIT,CIT.N0000,Annual Report as at 31st March 2026,2026-03-31,2026-06-19T11:50:14Z,https://cdn.cse.lk/cmt/upload_report_file/610_1781869814742.pdf,68,31760,4,ok,2026-10-07T17:30:34Z
53011,CITH,CITH.N0000,Annual Report as at 31st March 2026,2026-03-31,2026-08-31T16:04:47Z,https://cdn.cse.lk/cmt/upload_report_file/1222_1788192287662.pdf,148,60647,24,ok,2026-10-07T17:30:36Z
