date,series,portfolio,symbol,shares,price,value,weight,target_weight,flag
2026-10-07,v0-52w,min_variance,ABL.N0000,4457,24.5,109196.5,0.01104192,0.01104431,0
2026-10-07,v0-52w,min_variance,AEL.N0000,612,79.2,48470.4,0.00490131,0.00490528,0
2026-10-07,v0-52w,min_variance,ALLI.N0000,840,305.5,256620,0.02594934,0.02596808,0
2026-10-07,v0-52w,min_variance,ALUM.N0000,27037,15.2,410962.4,0.0415564,0.04155735,0
2026-10-07,v0-52w,min_variance,ASPH.N0000,258728,0.6,155236.8,0.0156975,0.01569759,0
2026-10-07,v0-52w,min_variance,BIL.N0000,6864,4.8,32947.2,0.00333161,0.00333173,0
2026-10-07,v0-52w,min_variance,CALH.N0000,19746,11.9,234977.4,0.02376085,0.02376127,0
2026-10-07,v0-52w,min_variance,CALT.N0000,6491,41.2,267429.2,0.02704236,0.02704359,0
2026-10-07,v0-52w,min_variance,CBNK.N0000,113167,7.2,814802.4,0.08239259,0.08239331,0
2026-10-07,v0-52w,min_variance,CDB.X0000,37,28.5,1054.5,0.00010663,0.00010824,0
2026-10-07,v0-52w,min_variance,CFIN.N0000,143,206,29458,0.00297878,0.00299598,0
2026-10-07,v0-52w,min_variance,CITW.N0000,247811,1.5,371716.5,0.03758787,0.03758803,0
2026-10-07,v0-52w,min_variance,COMB.X0000,803,183.25,147149.75,0.01487974,0.01489647,0
2026-10-07,v0-52w,min_variance,CSLK.N0000,12956,13.3,172314.8,0.01742442,0.01742564,0
2026-10-07,v0-52w,min_variance,CTC.N0000,554,1783.5,988059,0.09991225,0.10000002,0
2026-10-07,v0-52w,min_variance,DIPD.N0000,0,58.2,0,0,2.72e-06,0
2026-10-07,v0-52w,min_variance,DIST.N0000,5913,52.6,311023.8,0.03145064,0.03145416,0
2026-10-07,v0-52w,min_variance,HASU.N0000,711,140,99540,0.01006546,0.01007731,0
2026-10-07,v0-52w,min_variance,HAYC.N0000,317,203.5,64509.5,0.00652318,0.00653086,0
2026-10-07,v0-52w,min_variance,HNB.N0000,469,379.25,177868.25,0.01798599,0.01799107,0
2026-10-07,v0-52w,min_variance,JAT.N0000,1393,32.4,45133.2,0.00456386,0.00456575,0
2026-10-07,v0-52w,min_variance,JKH.N0000,5493,18.4,101071.2,0.01022029,0.01022081,0
2026-10-07,v0-52w,min_variance,LIOC.N0000,6066,127,770382,0.07790081,0.07790866,0
2026-10-07,v0-52w,min_variance,LLUB.N0000,2353,205.5,483541.5,0.04889558,0.0489097,0
2026-10-07,v0-52w,min_variance,LOFC.N0000,19176,5,95880,0.00969536,0.00969584,0
2026-10-07,v0-52w,min_variance,LOLC.N0000,1134,428,485352,0.04907866,0.04908468,0
2026-10-07,v0-52w,min_variance,MELS.N0000,1628,181.5,295482,0.02987906,0.02988087,0
2026-10-07,v0-52w,min_variance,MGT.N0000,18852,24.3,458103.6,0.04632331,0.04632396,0
2026-10-07,v0-52w,min_variance,NDB.N0000,3173,107,339511,0.03433126,0.03433918,0
2026-10-07,v0-52w,min_variance,PARQ.N0000,4680,79.3,371124,0.03752795,0.03753576,0
2026-10-07,v0-52w,min_variance,SAMP.N0000,2483,140,347620,0.03515124,0.03515139,0
2026-10-07,v0-52w,min_variance,SEYB.N0000,563,89.2,50219.6,0.00507819,0.00508548,0
2026-10-07,v0-52w,min_variance,SPEN.N0000,3217,135.5,435903.5,0.04407844,0.04408073,0
2026-10-07,v0-52w,min_variance,TKYO.N0000,0,79,0,0,1.26e-06,0
2026-10-07,v0-52w,min_variance,TKYO.X0000,1081,59.9,64751.9,0.00654769,0.00654834,0
2026-10-07,v0-52w,min_variance,TYRE.N0000,9696,80.1,776649.6,0.07853459,0.07854196,0
2026-10-07,v0-52w,min_variance,VPEL.N0000,4678,14.7,68766.6,0.00695366,0.00695379,0
2026-10-07,v0-52w,min_variance,WIND.N0000,99,39.7,3930.3,0.00039743,0.00039883,0
2026-10-07,v0-52w,risk_parity,AAF.N0000,1516,45,68220,0.00689834,0.00690092,0
2026-10-07,v0-52w,risk_parity,AAIC.N0000,927,75.6,70081.2,0.00708654,0.00709216,0
2026-10-07,v0-52w,risk_parity,ABL.N0000,3356,24.5,82222,0.00831421,0.0083167,0
2026-10-07,v0-52w,risk_parity,ACL.N0000,790,91,71890,0.00726945,0.00727131,0
2026-10-07,v0-52w,risk_parity,ACME.N0000,9232,3.8,35081.6,0.00354742,0.00354752,0
2026-10-07,v0-52w,risk_parity,AEL.N0000,1058,79.2,83793.6,0.00847313,0.00847803,0
2026-10-07,v0-52w,risk_parity,AGST.N0000,5008,12.3,61598.4,0.00622877,0.00623006,0
2026-10-07,v0-52w,risk_parity,AHUN.N0000,823,82,67486,0.00682412,0.00683209,0
2026-10-07,v0-52w,risk_parity,ALLI.N0000,302,305.5,92261,0.00932935,0.00934497,0
2026-10-07,v0-52w,risk_parity,ALUM.N0000,7415,15.2,112708,0.01139693,0.01139772,0
2026-10-07,v0-52w,risk_parity,AMSL.N0000,4033,10.1,40733.3,0.00411891,0.00411911,0
2026-10-07,v0-52w,risk_parity,APLA.N0000,364,161,58604,0.00592598,0.00592768,0
2026-10-07,v0-52w,risk_parity,ASCO.N0000,706,48.7,34382.2,0.0034767,0.00348125,0
2026-10-07,v0-52w,risk_parity,ASHO.N0000,15,2591.25,38868.75,0.00393037,0.00407823,0
2026-10-07,v0-52w,risk_parity,ASIR.N0000,2327,27.2,63294.4,0.00640027,0.00640166,0
2026-10-07,v0-52w,risk_parity,ASIY.N0000,2792,13.7,38250.4,0.00386784,0.00386873,0
2026-10-07,v0-52w,risk_parity,ASPH.N0000,176821,0.6,106092.6,0.01072798,0.01072812,0
2026-10-07,v0-52w,risk_parity,ATL.N0000,3209,21.5,68993.5,0.00697656,0.00697796,0
2026-10-07,v0-52w,risk_parity,BFL.N0000,541,85.8,46417.8,0.00469372,0.00470157,0
2026-10-07,v0-52w,risk_parity,BIL.N0000,17044,4.8,81811.2,0.00827267,0.00827302,0
2026-10-07,v0-52w,risk_parity,BOGA.N0000,365,117.5,42887.5,0.00433674,0.00434506,0
2026-10-07,v0-52w,risk_parity,BRWN.N0000,610,125,76250,0.00771033,0.00771565,0
2026-10-07,v0-52w,risk_parity,CALH.N0000,8305,11.9,98829.5,0.00999355,0.00999477,0
2026-10-07,v0-52w,risk_parity,CALT.N0000,3002,41.2,123682.4,0.01250665,0.01250985,0
2026-10-07,v0-52w,risk_parity,CBNK.N0000,21007,7.2,151250.4,0.0152943,0.01529499,0
2026-10-07,v0-52w,risk_parity,CCS.N0000,642,118,75756,0.00766038,0.00766728,0
2026-10-07,v0-52w,risk_parity,CDB.X0000,2745,28.5,78232.5,0.0079108,0.00791231,0
2026-10-07,v0-52w,risk_parity,CFIN.N0000,387,206,79722,0.00806141,0.00807512,0
2026-10-07,v0-52w,risk_parity,CFVF.N0000,1613,37.5,60487.5,0.00611644,0.00611821,0
2026-10-07,v0-52w,risk_parity,CIC.N0000,2394,27,64638,0.00653613,0.00653859,0
2026-10-07,v0-52w,risk_parity,CIC.X0000,2782,22.4,62316.8,0.00630142,0.00630306,0
2026-10-07,v0-52w,risk_parity,CIND.N0000,393,203,79779,0.00806718,0.00808162,0
2026-10-07,v0-52w,risk_parity,CINV.N0000,536,103,55208,0.00558258,0.0055924,0
2026-10-07,v0-52w,risk_parity,CITH.N0000,9567,4.6,44008.2,0.00445007,0.00445023,0
2026-10-07,v0-52w,risk_parity,CITW.N0000,83401,1.5,125101.5,0.01265015,0.01265028,0
2026-10-07,v0-52w,risk_parity,CLND.N0000,1375,45.6,62700,0.00634016,0.00634391,0
2026-10-07,v0-52w,risk_parity,COCO.N0000,2083,20.6,42909.8,0.004339,0.00434077,0
2026-10-07,v0-52w,risk_parity,COCR.N0000,596,94.9,56560.4,0.00571933,0.00572482,0
2026-10-07,v0-52w,risk_parity,COMB.N0000,372,200,74400,0.00752326,0.00753132,0
2026-10-07,v0-52w,risk_parity,COMB.X0000,447,183.25,81912.75,0.00828294,0.00828616,0
2026-10-07,v0-52w,risk_parity,COOP.N0000,15299,3,45897,0.00464106,0.00464121,0
2026-10-07,v0-52w,risk_parity,CRL.N0000,15292,3.4,51992.8,0.00525746,0.00525777,0
2026-10-07,v0-52w,risk_parity,CSLK.N0000,7398,13.3,98393.4,0.00994945,0.00994966,0
2026-10-07,v0-52w,risk_parity,CTC.N0000,156,1783.5,278226,0.02813395,0.02817523,0
2026-10-07,v0-52w,risk_parity,DFCC.N0000,634,118.75,75287.5,0.007613,0.0076212,0
2026-10-07,v0-52w,risk_parity,DIAL.N0000,1700,44.7,75990,0.00768404,0.00768453,0
2026-10-07,v0-52w,risk_parity,DIMO.N0000,40,1369,54760,0.00553728,0.00564857,0
2026-10-07,v0-52w,risk_parity,DIPD.N0000,1495,58.2,87009,0.00879827,0.0088026,0
2026-10-07,v0-52w,risk_parity,DIST.N0000,1978,52.6,104042.8,0.01052071,0.01052541,0
2026-10-07,v0-52w,risk_parity,DOCK.N0000,365,117,42705,0.00431829,0.00432399,0
2026-10-07,v0-52w,risk_parity,EAST.N0000,1049,70,73430,0.00742517,0.00742976,0
2026-10-07,v0-52w,risk_parity,EBCR.N0000,2263,34,76942,0.0077803,0.00778184,0
2026-10-07,v0-52w,risk_parity,EML.N0000,4103,7.9,32413.7,0.00327764,0.00327828,0
2026-10-07,v0-52w,risk_parity,FCT.N0000,3483,23.6,82198.8,0.00831186,0.00831336,0
2026-10-07,v0-52w,risk_parity,GRAN.N0000,114,458,52212,0.00527963,0.00530446,0
2026-10-07,v0-52w,risk_parity,HASU.N0000,599,140,83860,0.00847984,0.00849235,0
2026-10-07,v0-52w,risk_parity,HAYC.N0000,451,203.5,91778.5,0.00928056,0.00928944,0
2026-10-07,v0-52w,risk_parity,HAYL.N0000,333,222.5,74092.5,0.00749216,0.00749988,0
2026-10-07,v0-52w,risk_parity,HBS.N0000,2738,21,57498,0.00581414,0.00581497,0
2026-10-07,v0-52w,risk_parity,HDFC.N0000,709,60,42540,0.0043016,0.0043029,0
2026-10-07,v0-52w,risk_parity,HEXP.N0000,332,150,49800,0.00503573,0.00504289,0
2026-10-07,v0-52w,risk_parity,HHL.N0000,2435,31.3,76215.5,0.00770684,0.00770927,0
2026-10-07,v0-52w,risk_parity,HNB.N0000,237,379.25,89882.25,0.00908881,0.00910966,0
2026-10-07,v0-52w,risk_parity,HNB.X0000,214,319.5,68373,0.00691381,0.00692281,0
2026-10-07,v0-52w,risk_parity,HNBF.N0000,7198,7.5,53985,0.00545891,0.00545943,0
2026-10-07,v0-52w,risk_parity,HVA.N0000,10335,4.1,42373.5,0.00428477,0.0042851,0
2026-10-07,v0-52w,risk_parity,JAT.N0000,2426,32.4,78602.4,0.0079482,0.00795111,0
2026-10-07,v0-52w,risk_parity,JETS.N0000,5368,13.9,74615.2,0.00754502,0.00754593,0
2026-10-07,v0-52w,risk_parity,JINS.N0000,1533,35.4,54268.2,0.00548755,0.00548782,0
2026-10-07,v0-52w,risk_parity,JKH.N0000,4759,18.4,87565.6,0.00885455,0.0088564,0
2026-10-07,v0-52w,risk_parity,KCAB.N0000,689,96,66144,0.00668842,0.00669399,0
2026-10-07,v0-52w,risk_parity,KHL.N0000,4432,15.3,67809.6,0.00685684,0.00685808,0
2026-10-07,v0-52w,risk_parity,KOTA.N0000,7360,7.5,55200,0.00558177,0.00558223,0
2026-10-07,v0-52w,risk_parity,KPHL.N0000,1939,16.4,31799.6,0.00321555,0.00321658,0
2026-10-07,v0-52w,risk_parity,KZOO.N0000,4902,7.5,36765,0.00371764,0.00371803,0
2026-10-07,v0-52w,risk_parity,LALU.N0000,1909,35,66815,0.00675627,0.00675634,0
2026-10-07,v0-52w,risk_parity,LCBF.N0000,6676,5.6,37385.6,0.0037804,0.00378076,0
2026-10-07,v0-52w,risk_parity,LFIN.N0000,559,147,82173,0.00830926,0.00831798,0
2026-10-07,v0-52w,risk_parity,LGL.N0000,1213,40.7,49369.1,0.00499216,0.00499605,0
2026-10-07,v0-52w,risk_parity,LGL.X0000,1434,30,43020,0.00435014,0.00435176,0
2026-10-07,v0-52w,risk_parity,LIOC.N0000,1230,127,156210,0.01579581,0.01579739,0
2026-10-07,v0-52w,risk_parity,LLUB.N0000,570,205.5,117135,0.01184458,0.0118474,0
2026-10-07,v0-52w,risk_parity,LMF.N0000,674,83.1,56009.4,0.00566362,0.00566987,0
2026-10-07,v0-52w,risk_parity,LOFC.N0000,18963,5,94815,0.0095876,0.00958817,0
2026-10-07,v0-52w,risk_parity,LOLC.N0000,279,428,119412,0.01207483,0.01209368,0
2026-10-07,v0-52w,risk_parity,LUMX.N0000,7471,8,59768,0.00604368,0.00604378,0
2026-10-07,v0-52w,risk_parity,LVEF.N0000,11375,5.7,64837.5,0.00655631,0.00655672,0
2026-10-07,v0-52w,risk_parity,LWL.N0000,1628,42.2,68701.6,0.00694704,0.00695025,0
2026-10-07,v0-52w,risk_parity,MBSL.N0000,3918,9,35262,0.00356566,0.0035662,0
2026-10-07,v0-52w,risk_parity,MELS.N0000,550,181.5,99825,0.01009421,0.01010501,0
2026-10-07,v0-52w,risk_parity,MFPE.N0000,5555,14.5,80547.5,0.00814489,0.00814623,0
2026-10-07,v0-52w,risk_parity,MGT.N0000,4948,24.3,120236.4,0.01215819,0.01216025,0
2026-10-07,v0-52w,risk_parity,NAMU.N0000,1025,65,66625,0.00673706,0.00674367,0
2026-10-07,v0-52w,risk_parity,NDB.N0000,1007,107,107749,0.01089548,0.01090298,0
2026-10-07,v0-52w,risk_parity,NHL.N0000,3349,11.1,37173.9,0.00375899,0.0037595,0
2026-10-07,v0-52w,risk_parity,OSEA.N0000,1104,51.2,56524.8,0.00571573,0.00571585,0
2026-10-07,v0-52w,risk_parity,PABC.N0000,1554,49.9,77544.6,0.00784124,0.00784281,0
2026-10-07,v0-52w,risk_parity,PAP.N0000,5465,12.8,69952,0.00707348,0.00707356,0
2026-10-07,v0-52w,risk_parity,PARQ.N0000,1518,79.3,120377.4,0.01217245,0.01218057,0
2026-10-07,v0-52w,risk_parity,PKME.N0000,419,154.5,64735.5,0.00654599,0.00655157,0
2026-10-07,v0-52w,risk_parity,PLC.N0000,3436,17,58412,0.00590657,0.00590756,0
2026-10-07,v0-52w,risk_parity,PLR.N0000,1031,37.4,38559.4,0.00389909,0.00390114,0
2026-10-07,v0-52w,risk_parity,RAL.N0000,3472,10.8,37497.6,0.00379172,0.00379248,0
2026-10-07,v0-52w,risk_parity,RCL.N0000,1540,43.5,66990,0.00677397,0.00677635,0
2026-10-07,v0-52w,risk_parity,REEF.N0000,16852,3.3,55611.6,0.00562339,0.00562345,0
2026-10-07,v0-52w,risk_parity,RHL.N0000,1805,37.1,66965.5,0.00677149,0.00677431,0
2026-10-07,v0-52w,risk_parity,RICH.N0000,2074,26,53924,0.00545274,0.0054533,0
2026-10-07,v0-52w,risk_parity,RIL.N0000,1952,21.7,42358.4,0.00428324,0.00428385,0
2026-10-07,v0-52w,risk_parity,RWSL.N0000,2876,17.5,50330,0.00508932,0.00509011,0
2026-10-07,v0-52w,risk_parity,SAMP.N0000,752,140,105280,0.01064581,0.01065626,0
2026-10-07,v0-52w,risk_parity,SCAP.N0000,5095,9,45855,0.00463681,0.00463723,0
2026-10-07,v0-52w,risk_parity,SDB.N0000,1191,48,57168,0.00578077,0.00578467,0
2026-10-07,v0-52w,risk_parity,SEMB.N0000,55133,1.1,60646.3,0.0061325,0.00613258,0
2026-10-07,v0-52w,risk_parity,SERV.N0000,4042,13.3,53758.6,0.00543602,0.00543736,0
2026-10-07,v0-52w,risk_parity,SEYB.N0000,937,89.2,83580.4,0.00845157,0.00845342,0
2026-10-07,v0-52w,risk_parity,SEYB.X0000,1038,65.4,67885.2,0.00686449,0.00686598,0
2026-10-07,v0-52w,risk_parity,SFIN.N0000,873,44.4,38761.2,0.0039195,0.00392325,0
2026-10-07,v0-52w,risk_parity,SHAW.N0000,167,285,47595,0.00481276,0.00482412,0
2026-10-07,v0-52w,risk_parity,SHL.N0000,4845,6.6,31977,0.00323348,0.00323412,0
2026-10-07,v0-52w,risk_parity,SINH.N0000,2005,21.8,43709,0.00441981,0.00441996,0
2026-10-07,v0-52w,risk_parity,SINS.N0000,609,74.8,45553.2,0.0046063,0.00461344,0
2026-10-07,v0-52w,risk_parity,SIRA.N0000,1678,34.3,57555.4,0.00581995,0.00582179,0
2026-10-07,v0-52w,risk_parity,SLTL.N0000,758,82.6,62610.8,0.00633114,0.00633222,0
2026-10-07,v0-52w,risk_parity,SPEN.N0000,860,135.5,116530,0.0117834,0.01179299,0
2026-10-07,v0-52w,risk_parity,SUN.N0000,2092,28.3,59203.6,0.00598661,0.00598927,0
2026-10-07,v0-52w,risk_parity,TAFL.N0000,93,618.75,57543.75,0.00581877,0.00586459,0
2026-10-07,v0-52w,risk_parity,TAP.N0000,1748,29.3,51216.4,0.00517895,0.00518182,0
2026-10-07,v0-52w,risk_parity,TJL.N0000,2758,29.5,81361,0.00822715,0.00822829,0
2026-10-07,v0-52w,risk_parity,TKYO.N0000,1053,79,83187,0.00841179,0.0084135,0
2026-10-07,v0-52w,risk_parity,TKYO.X0000,1592,59.9,95360.8,0.00964279,0.00964815,0
2026-10-07,v0-52w,risk_parity,TYRE.N0000,2242,80.1,179584.2,0.01815938,0.01816165,0
2026-10-07,v0-52w,risk_parity,UBF.N0000,24003,2,48006,0.00485432,0.00485442,0
2026-10-07,v0-52w,risk_parity,UML.N0000,1617,23.1,37352.7,0.00377707,0.00377816,0
2026-10-07,v0-52w,risk_parity,VFIN.N0000,708,83.3,58976.4,0.00596364,0.00596978,0
2026-10-07,v0-52w,risk_parity,VLL.N0000,3270,22,71940,0.0072745,0.00727535,0
2026-10-07,v0-52w,risk_parity,VONE.N0000,738,87.8,64796.4,0.00655215,0.0065577,0
2026-10-07,v0-52w,risk_parity,VPEL.N0000,5744,14.7,84436.8,0.00853817,0.00853881,0
2026-10-07,v0-52w,risk_parity,WAPO.N0000,2755,17,46835,0.00473591,0.00473627,0
2026-10-07,v0-52w,risk_parity,WATA.N0000,1150,47.3,54395,0.00550037,0.00550519,0
2026-10-07,v0-52w,risk_parity,WIND.N0000,1721,39.7,68323.7,0.00690883,0.00691286,0
2026-10-07,v0-52w,risk_parity,YORK.N0000,2713,8.5,23060.5,0.00233186,0.00233192,0
2026-10-07,v0-52w,max_sharpe,ACME.N0000,41251,3.8,156753.8,0.01585091,0.01585118,0
2026-10-07,v0-52w,max_sharpe,AGST.N0000,5992,12.3,73701.6,0.00745269,0.00745362,0
2026-10-07,v0-52w,max_sharpe,AHUN.N0000,5372,82,440504,0.04454366,0.04454869,0
2026-10-07,v0-52w,max_sharpe,ALLI.N0000,1508,305.5,460694,0.04658526,0.04659996,0
2026-10-07,v0-52w,max_sharpe,APLA.N0000,322,161,51842,0.00524225,0.00524756,0
2026-10-07,v0-52w,max_sharpe,ASPH.N0000,867840,0.6,520704,0.05265346,0.05265363,0
2026-10-07,v0-52w,max_sharpe,ATL.N0000,21220,21.5,456230,0.04613386,0.04613591,0
2026-10-07,v0-52w,max_sharpe,BOGA.N0000,1794,117.5,210795,0.02131554,0.02132723,0
2026-10-07,v0-52w,max_sharpe,CALT.N0000,6496,41.2,267635.2,0.02706321,0.02706674,0
2026-10-07,v0-52w,max_sharpe,CFIN.N0000,671,206,138226,0.01397738,0.01397913,0
2026-10-07,v0-52w,max_sharpe,CITW.N0000,36018,1.5,54027,0.0054632,0.00546333,0
2026-10-07,v0-52w,max_sharpe,CLND.N0000,693,45.6,31600.8,0.00319547,0.00319978,0
2026-10-07,v0-52w,max_sharpe,DIPD.N0000,4186,58.2,243625.2,0.02463532,0.02463745,0
2026-10-07,v0-52w,max_sharpe,DOCK.N0000,951,117,111267,0.01125129,0.01125176,0
2026-10-07,v0-52w,max_sharpe,GRAN.N0000,331,458,151598,0.01532955,0.01537415,0
2026-10-07,v0-52w,max_sharpe,HAYC.N0000,2242,203.5,456247,0.04613558,0.04614909,0
2026-10-07,v0-52w,max_sharpe,HBS.N0000,32270,21,677670,0.06852582,0.06852711,0
2026-10-07,v0-52w,max_sharpe,HDFC.N0000,3947,60,236820,0.02394718,0.02395054,0
2026-10-07,v0-52w,max_sharpe,HEXP.N0000,999,150,149850,0.01515279,0.01515406,0
2026-10-07,v0-52w,max_sharpe,HNB.X0000,144,319.5,46008,0.00465232,0.00466115,0
2026-10-07,v0-52w,max_sharpe,JINS.N0000,9622,35.4,340618.8,0.03444329,0.03444454,0
2026-10-07,v0-52w,max_sharpe,KCAB.N0000,2151,96,206496,0.02088082,0.02088555,0
2026-10-07,v0-52w,max_sharpe,KZOO.N0000,39284,7.5,294630,0.02979291,0.02979302,0
2026-10-07,v0-52w,max_sharpe,LFIN.N0000,3350,147,492450,0.04979642,0.0498091,0
2026-10-07,v0-52w,max_sharpe,LGL.N0000,2814,40.7,114529.8,0.01158122,0.01158144,0
2026-10-07,v0-52w,max_sharpe,LGL.X0000,474,30,14220,0.00143792,0.00144018,0
2026-10-07,v0-52w,max_sharpe,LIOC.N0000,2243,127,284861,0.02880507,0.02881186,0
2026-10-07,v0-52w,max_sharpe,LLUB.N0000,369,205.5,75829.5,0.00766786,0.00767981,0
2026-10-07,v0-52w,max_sharpe,MGT.N0000,8355,24.3,203026.5,0.02052999,0.02053151,0
2026-10-07,v0-52w,max_sharpe,NAMU.N0000,10128,65,658320,0.06656916,0.06656993,0
2026-10-07,v0-52w,max_sharpe,NDB.N0000,2858,107,305806,0.03092303,0.03092454,0
2026-10-07,v0-52w,max_sharpe,OSEA.N0000,349,51.2,17868.8,0.00180689,0.00180822,0
2026-10-07,v0-52w,max_sharpe,RHL.N0000,10992,37.1,407803.2,0.04123696,0.04123895,0
2026-10-07,v0-52w,max_sharpe,SDB.N0000,5091,48,244368,0.02471043,0.02471493,0
2026-10-07,v0-52w,max_sharpe,SEMB.N0000,33042,1.1,36346.2,0.00367532,0.00367541,0
2026-10-07,v0-52w,max_sharpe,SPEN.N0000,2493,135.5,337801.5,0.0341584,0.03417216,0
2026-10-07,v0-52w,max_sharpe,TAFL.N0000,389,618.75,240693.75,0.02433889,0.02436116,0
2026-10-07,v0-52w,max_sharpe,TYRE.N0000,4535,80.1,363253.5,0.0367321,0.03673902,0
2026-10-07,v0-52w,max_sharpe,VLL.N0000,7853,22,172766,0.01747006,0.01747034,0
2026-10-07,v0-52w,max_sharpe,YORK.N0000,16422,8.5,139587,0.014115,0.01411579,0
2026-10-07,v0-52w,equal_weight,AAF.N0000,1558,45,70110,0.00708947,0.0070922,0
2026-10-07,v0-52w,equal_weight,AAIC.N0000,927,75.6,70081.2,0.00708656,0.0070922,0
2026-10-07,v0-52w,equal_weight,ABL.N0000,2862,24.5,70119,0.00709038,0.0070922,0
2026-10-07,v0-52w,equal_weight,ACL.N0000,770,91,70070,0.00708543,0.0070922,0
2026-10-07,v0-52w,equal_weight,ACME.N0000,18456,3.8,70132.8,0.00709178,0.0070922,0
2026-10-07,v0-52w,equal_weight,AEL.N0000,885,79.2,70092,0.00708765,0.0070922,0
2026-10-07,v0-52w,equal_weight,AGST.N0000,5702,12.3,70134.6,0.00709196,0.0070922,0
2026-10-07,v0-52w,equal_weight,AHUN.N0000,855,82,70110,0.00708947,0.0070922,0
2026-10-07,v0-52w,equal_weight,ALLI.N0000,229,305.5,69959.5,0.00707425,0.0070922,0
2026-10-07,v0-52w,equal_weight,ALUM.N0000,4614,15.2,70132.8,0.00709178,0.0070922,0
2026-10-07,v0-52w,equal_weight,AMSL.N0000,6944,10.1,70134.4,0.00709194,0.0070922,0
2026-10-07,v0-52w,equal_weight,APLA.N0000,435,161,70035,0.00708189,0.0070922,0
2026-10-07,v0-52w,equal_weight,ASCO.N0000,1440,48.7,70128,0.00709129,0.0070922,0
2026-10-07,v0-52w,equal_weight,ASHO.N0000,27,2591.25,69963.75,0.00707468,0.0070922,0
2026-10-07,v0-52w,equal_weight,ASIR.N0000,2578,27.2,70121.6,0.00709065,0.0070922,0
2026-10-07,v0-52w,equal_weight,ASIY.N0000,5119,13.7,70130.3,0.00709153,0.0070922,0
2026-10-07,v0-52w,equal_weight,ASPH.N0000,116894,0.6,70136.4,0.00709214,0.0070922,0
2026-10-07,v0-52w,equal_weight,ATL.N0000,3262,21.5,70133,0.0070918,0.0070922,0
2026-10-07,v0-52w,equal_weight,BFL.N0000,817,85.8,70098.6,0.00708832,0.0070922,0
2026-10-07,v0-52w,equal_weight,BIL.N0000,14611,4.8,70132.8,0.00709178,0.0070922,0
2026-10-07,v0-52w,equal_weight,BOGA.N0000,596,117.5,70030,0.00708138,0.0070922,0
2026-10-07,v0-52w,equal_weight,BRWN.N0000,561,125,70125,0.00709099,0.0070922,0
2026-10-07,v0-52w,equal_weight,CALH.N0000,5893,11.9,70126.7,0.00709116,0.0070922,0
2026-10-07,v0-52w,equal_weight,CALT.N0000,1702,41.2,70122.4,0.00709073,0.0070922,0
2026-10-07,v0-52w,equal_weight,CBNK.N0000,9741,7.2,70135.2,0.00709202,0.0070922,0
2026-10-07,v0-52w,equal_weight,CCS.N0000,594,118,70092,0.00708765,0.0070922,0
2026-10-07,v0-52w,equal_weight,CDB.X0000,2460,28.5,70110,0.00708947,0.0070922,0
2026-10-07,v0-52w,equal_weight,CFIN.N0000,340,206,70040,0.0070824,0.0070922,0
2026-10-07,v0-52w,equal_weight,CFVF.N0000,1870,37.5,70125,0.00709099,0.0070922,0
2026-10-07,v0-52w,equal_weight,CIC.N0000,2597,27,70119,0.00709038,0.0070922,0
2026-10-07,v0-52w,equal_weight,CIC.X0000,3131,22.4,70134.4,0.00709194,0.0070922,0
2026-10-07,v0-52w,equal_weight,CIND.N0000,345,203,70035,0.00708189,0.0070922,0
2026-10-07,v0-52w,equal_weight,CINV.N0000,680,103,70040,0.0070824,0.0070922,0
2026-10-07,v0-52w,equal_weight,CITH.N0000,15247,4.6,70136.2,0.00709212,0.0070922,0
2026-10-07,v0-52w,equal_weight,CITW.N0000,46757,1.5,70135.5,0.00709205,0.0070922,0
2026-10-07,v0-52w,equal_weight,CLND.N0000,1538,45.6,70132.8,0.00709178,0.0070922,0
2026-10-07,v0-52w,equal_weight,COCO.N0000,3404,20.6,70122.4,0.00709073,0.0070922,0
2026-10-07,v0-52w,equal_weight,COCR.N0000,739,94.9,70131.1,0.00709161,0.0070922,0
2026-10-07,v0-52w,equal_weight,COMB.N0000,350,200,70000,0.00707835,0.0070922,0
2026-10-07,v0-52w,equal_weight,COMB.X0000,382,183.25,70001.5,0.0070785,0.0070922,0
2026-10-07,v0-52w,equal_weight,COOP.N0000,23378,3,70134,0.0070919,0.0070922,0
2026-10-07,v0-52w,equal_weight,CRL.N0000,20628,3.4,70135.2,0.00709202,0.0070922,0
2026-10-07,v0-52w,equal_weight,CSLK.N0000,5273,13.3,70130.9,0.00709159,0.0070922,0
2026-10-07,v0-52w,equal_weight,CTC.N0000,39,1783.5,69556.5,0.0070335,0.0070922,0
2026-10-07,v0-52w,equal_weight,DFCC.N0000,590,118.75,70062.5,0.00708467,0.0070922,0
2026-10-07,v0-52w,equal_weight,DIAL.N0000,1569,44.7,70134.3,0.00709193,0.0070922,0
2026-10-07,v0-52w,equal_weight,DIMO.N0000,51,1369,69819,0.00706005,0.0070922,0
2026-10-07,v0-52w,equal_weight,DIPD.N0000,1205,58.2,70131,0.0070916,0.0070922,0
2026-10-07,v0-52w,equal_weight,DIST.N0000,1333,52.6,70115.8,0.00709006,0.0070922,0
2026-10-07,v0-52w,equal_weight,DOCK.N0000,599,117,70083,0.00708674,0.0070922,0
2026-10-07,v0-52w,equal_weight,EAST.N0000,1001,70,70070,0.00708543,0.0070922,0
2026-10-07,v0-52w,equal_weight,EBCR.N0000,2062,34,70108,0.00708927,0.0070922,0
2026-10-07,v0-52w,equal_weight,EML.N0000,8878,7.9,70136.2,0.00709212,0.0070922,0
2026-10-07,v0-52w,equal_weight,FCT.N0000,2971,23.6,70115.6,0.00709004,0.0070922,0
2026-10-07,v0-52w,equal_weight,GRAN.N0000,153,458,70074,0.00708583,0.0070922,0
2026-10-07,v0-52w,equal_weight,HASU.N0000,500,140,70000,0.00707835,0.0070922,0
2026-10-07,v0-52w,equal_weight,HAYC.N0000,344,203.5,70004,0.00707875,0.0070922,0
2026-10-07,v0-52w,equal_weight,HAYL.N0000,315,222.5,70087.5,0.0070872,0.0070922,0
2026-10-07,v0-52w,equal_weight,HBS.N0000,3339,21,70119,0.00709038,0.0070922,0
2026-10-07,v0-52w,equal_weight,HDFC.N0000,1168,60,70080,0.00708644,0.0070922,0
2026-10-07,v0-52w,equal_weight,HEXP.N0000,467,150,70050,0.00708341,0.0070922,0
2026-10-07,v0-52w,equal_weight,HHL.N0000,2240,31.3,70112,0.00708968,0.0070922,0
2026-10-07,v0-52w,equal_weight,HNB.N0000,184,379.25,69782,0.00705631,0.0070922,0
2026-10-07,v0-52w,equal_weight,HNB.X0000,219,319.5,69970.5,0.00707537,0.0070922,0
2026-10-07,v0-52w,equal_weight,HNBF.N0000,9351,7.5,70132.5,0.00709175,0.0070922,0
2026-10-07,v0-52w,equal_weight,HVA.N0000,17106,4.1,70134.6,0.00709196,0.0070922,0
2026-10-07,v0-52w,equal_weight,JAT.N0000,2164,32.4,70113.6,0.00708984,0.0070922,0
2026-10-07,v0-52w,equal_weight,JETS.N0000,5045,13.9,70125.5,0.00709104,0.0070922,0
2026-10-07,v0-52w,equal_weight,JINS.N0000,1981,35.4,70127.4,0.00709123,0.0070922,0
2026-10-07,v0-52w,equal_weight,JKH.N0000,3811,18.4,70122.4,0.00709073,0.0070922,0
2026-10-07,v0-52w,equal_weight,KCAB.N0000,730,96,70080,0.00708644,0.0070922,0
2026-10-07,v0-52w,equal_weight,KHL.N0000,4584,15.3,70135.2,0.00709202,0.0070922,0
2026-10-07,v0-52w,equal_weight,KOTA.N0000,9351,7.5,70132.5,0.00709175,0.0070922,0
2026-10-07,v0-52w,equal_weight,KPHL.N0000,4276,16.4,70126.4,0.00709113,0.0070922,0
2026-10-07,v0-52w,equal_weight,KZOO.N0000,9351,7.5,70132.5,0.00709175,0.0070922,0
2026-10-07,v0-52w,equal_weight,LALU.N0000,2003,35,70105,0.00708897,0.0070922,0
2026-10-07,v0-52w,equal_weight,LCBF.N0000,12524,5.6,70134.4,0.00709194,0.0070922,0
2026-10-07,v0-52w,equal_weight,LFIN.N0000,477,147,70119,0.00709038,0.0070922,0
2026-10-07,v0-52w,equal_weight,LGL.N0000,1723,40.7,70126.1,0.0070911,0.0070922,0
2026-10-07,v0-52w,equal_weight,LGL.X0000,2337,30,70110,0.00708947,0.0070922,0
2026-10-07,v0-52w,equal_weight,LIOC.N0000,552,127,70104,0.00708887,0.0070922,0
2026-10-07,v0-52w,equal_weight,LLUB.N0000,341,205.5,70075.5,0.00708598,0.0070922,0
2026-10-07,v0-52w,equal_weight,LMF.N0000,844,83.1,70136.4,0.00709214,0.0070922,0
2026-10-07,v0-52w,equal_weight,LOFC.N0000,14027,5,70135,0.007092,0.0070922,0
2026-10-07,v0-52w,equal_weight,LOLC.N0000,163,428,69764,0.00705449,0.0070922,0
2026-10-07,v0-52w,equal_weight,LUMX.N0000,8767,8,70136,0.0070921,0.0070922,0
2026-10-07,v0-52w,equal_weight,LVEF.N0000,12304,5.7,70132.8,0.00709178,0.0070922,0
2026-10-07,v0-52w,equal_weight,LWL.N0000,1662,42.2,70136.4,0.00709214,0.0070922,0
2026-10-07,v0-52w,equal_weight,MBSL.N0000,7792,9,70128,0.00709129,0.0070922,0
2026-10-07,v0-52w,equal_weight,MELS.N0000,386,181.5,70059,0.00708432,0.0070922,0
2026-10-07,v0-52w,equal_weight,MFPE.N0000,4836,14.5,70122,0.00709069,0.0070922,0
2026-10-07,v0-52w,equal_weight,MGT.N0000,2886,24.3,70129.8,0.00709148,0.0070922,0
2026-10-07,v0-52w,equal_weight,NAMU.N0000,1079,65,70135,0.007092,0.0070922,0
2026-10-07,v0-52w,equal_weight,NDB.N0000,655,107,70085,0.00708695,0.0070922,0
2026-10-07,v0-52w,equal_weight,NHL.N0000,6318,11.1,70129.8,0.00709148,0.0070922,0
2026-10-07,v0-52w,equal_weight,OSEA.N0000,1369,51.2,70092.8,0.00708773,0.0070922,0
2026-10-07,v0-52w,equal_weight,PABC.N0000,1405,49.9,70109.5,0.00708942,0.0070922,0
2026-10-07,v0-52w,equal_weight,PAP.N0000,5479,12.8,70131.2,0.00709162,0.0070922,0
2026-10-07,v0-52w,equal_weight,PARQ.N0000,884,79.3,70101.2,0.00708858,0.0070922,0
2026-10-07,v0-52w,equal_weight,PKME.N0000,453,154.5,69988.5,0.00707719,0.0070922,0
2026-10-07,v0-52w,equal_weight,PLC.N0000,4125,17,70125,0.00709099,0.0070922,0
2026-10-07,v0-52w,equal_weight,PLR.N0000,1875,37.4,70125,0.00709099,0.0070922,0
2026-10-07,v0-52w,equal_weight,RAL.N0000,6494,10.8,70135.2,0.00709202,0.0070922,0
2026-10-07,v0-52w,equal_weight,RCL.N0000,1612,43.5,70122,0.00709069,0.0070922,0
2026-10-07,v0-52w,equal_weight,REEF.N0000,21253,3.3,70134.9,0.00709199,0.0070922,0
2026-10-07,v0-52w,equal_weight,RHL.N0000,1890,37.1,70119,0.00709038,0.0070922,0
2026-10-07,v0-52w,equal_weight,RICH.N0000,2697,26,70122,0.00709069,0.0070922,0
2026-10-07,v0-52w,equal_weight,RIL.N0000,3232,21.7,70134.4,0.00709194,0.0070922,0
2026-10-07,v0-52w,equal_weight,RWSL.N0000,4007,17.5,70122.5,0.00709074,0.0070922,0
2026-10-07,v0-52w,equal_weight,SAMP.N0000,500,140,70000,0.00707835,0.0070922,0
2026-10-07,v0-52w,equal_weight,SCAP.N0000,7792,9,70128,0.00709129,0.0070922,0
2026-10-07,v0-52w,equal_weight,SDB.N0000,1461,48,70128,0.00709129,0.0070922,0
2026-10-07,v0-52w,equal_weight,SEMB.N0000,63760,1.1,70136,0.0070921,0.0070922,0
2026-10-07,v0-52w,equal_weight,SERV.N0000,5273,13.3,70130.9,0.00709159,0.0070922,0
2026-10-07,v0-52w,equal_weight,SEYB.N0000,786,89.2,70111.2,0.00708959,0.0070922,0
2026-10-07,v0-52w,equal_weight,SEYB.X0000,1072,65.4,70108.8,0.00708935,0.0070922,0
2026-10-07,v0-52w,equal_weight,SFIN.N0000,1579,44.4,70107.6,0.00708923,0.0070922,0
2026-10-07,v0-52w,equal_weight,SHAW.N0000,246,285,70110,0.00708947,0.0070922,0
2026-10-07,v0-52w,equal_weight,SHL.N0000,10626,6.6,70131.6,0.00709166,0.0070922,0
2026-10-07,v0-52w,equal_weight,SINH.N0000,3217,21.8,70130.6,0.00709156,0.0070922,0
2026-10-07,v0-52w,equal_weight,SINS.N0000,937,74.8,70087.6,0.00708721,0.0070922,0
2026-10-07,v0-52w,equal_weight,SIRA.N0000,2044,34.3,70109.2,0.00708939,0.0070922,0
2026-10-07,v0-52w,equal_weight,SLTL.N0000,849,82.6,70127.4,0.00709123,0.0070922,0
2026-10-07,v0-52w,equal_weight,SPEN.N0000,517,135.5,70053.5,0.00708376,0.0070922,0
2026-10-07,v0-52w,equal_weight,SUN.N0000,2478,28.3,70127.4,0.00709123,0.0070922,0
2026-10-07,v0-52w,equal_weight,TAFL.N0000,113,618.75,69918.75,0.00707013,0.0070922,0
2026-10-07,v0-52w,equal_weight,TAP.N0000,2393,29.3,70114.9,0.00708997,0.0070922,0
2026-10-07,v0-52w,equal_weight,TJL.N0000,2377,29.5,70121.5,0.00709064,0.0070922,0
2026-10-07,v0-52w,equal_weight,TKYO.N0000,887,79,70073,0.00708573,0.0070922,0
2026-10-07,v0-52w,equal_weight,TKYO.X0000,1170,59.9,70083,0.00708674,0.0070922,0
2026-10-07,v0-52w,equal_weight,TYRE.N0000,875,80.1,70087.5,0.0070872,0.0070922,0
2026-10-07,v0-52w,equal_weight,UBF.N0000,35068,2,70136,0.0070921,0.0070922,0
2026-10-07,v0-52w,equal_weight,UML.N0000,3036,23.1,70131.6,0.00709166,0.0070922,0
2026-10-07,v0-52w,equal_weight,VFIN.N0000,841,83.3,70055.3,0.00708394,0.0070922,0
2026-10-07,v0-52w,equal_weight,VLL.N0000,3188,22,70136,0.0070921,0.0070922,0
2026-10-07,v0-52w,equal_weight,VONE.N0000,798,87.8,70064.4,0.00708486,0.0070922,0
2026-10-07,v0-52w,equal_weight,VPEL.N0000,4771,14.7,70133.7,0.00709187,0.0070922,0
2026-10-07,v0-52w,equal_weight,WAPO.N0000,4125,17,70125,0.00709099,0.0070922,0
2026-10-07,v0-52w,equal_weight,WATA.N0000,1482,47.3,70098.6,0.00708832,0.0070922,0
2026-10-07,v0-52w,equal_weight,WIND.N0000,1766,39.7,70110.2,0.00708949,0.0070922,0
2026-10-07,v0-52w,equal_weight,YORK.N0000,8251,8.5,70133.5,0.00709185,0.0070922,0
2026-10-07,v0-52w,market,ASI,487.38762669,20517.55,10000000,1,1,0
2026-10-07,v1-52w-grp20,min_variance,ABL.N0000,4457,24.5,109196.5,0.01104192,0.0110443,0
2026-10-07,v1-52w-grp20,min_variance,AEL.N0000,612,79.2,48470.4,0.00490131,0.00490491,0
2026-10-07,v1-52w-grp20,min_variance,ALLI.N0000,840,305.5,256620,0.02594934,0.02596785,0
2026-10-07,v1-52w-grp20,min_variance,ALUM.N0000,27037,15.2,410962.4,0.04155639,0.04155723,0
2026-10-07,v1-52w-grp20,min_variance,ASPH.N0000,258723,0.6,155233.8,0.0156972,0.0156973,0
2026-10-07,v1-52w-grp20,min_variance,BIL.N0000,6863,4.8,32942.4,0.00333113,0.0033316,0
2026-10-07,v1-52w-grp20,min_variance,CALH.N0000,19746,11.9,234977.4,0.02376084,0.0237612,0
2026-10-07,v1-52w-grp20,min_variance,CALT.N0000,6491,41.2,267429.2,0.02704236,0.02704351,0
2026-10-07,v1-52w-grp20,min_variance,CBNK.N0000,113167,7.2,814802.4,0.08239257,0.08239325,0
2026-10-07,v1-52w-grp20,min_variance,CDB.X0000,38,28.5,1083,0.00010951,0.00011236,0
2026-10-07,v1-52w-grp20,min_variance,CFIN.N0000,143,206,29458,0.00297878,0.00299566,0
2026-10-07,v1-52w-grp20,min_variance,CITW.N0000,247810,1.5,371715,0.03758771,0.0375879,0
2026-10-07,v1-52w-grp20,min_variance,COMB.X0000,803,183.25,147149.75,0.01487974,0.01489625,0
2026-10-07,v1-52w-grp20,min_variance,CSLK.N0000,12956,13.3,172314.8,0.01742442,0.01742547,0
2026-10-07,v1-52w-grp20,min_variance,CTC.N0000,554,1783.5,988059,0.09991223,0.10000003,0
2026-10-07,v1-52w-grp20,min_variance,DIPD.N0000,0,58.2,0,0,3.97e-06,0
2026-10-07,v1-52w-grp20,min_variance,DIST.N0000,5913,52.6,311023.8,0.03145063,0.03145389,0
2026-10-07,v1-52w-grp20,min_variance,HASU.N0000,711,140,99540,0.01006545,0.0100769,0
2026-10-07,v1-52w-grp20,min_variance,HAYC.N0000,317,203.5,64509.5,0.00652318,0.00653049,0
2026-10-07,v1-52w-grp20,min_variance,HNB.N0000,469,379.25,177868.25,0.01798598,0.01799093,0
2026-10-07,v1-52w-grp20,min_variance,JAT.N0000,1393,32.4,45133.2,0.00456386,0.00456553,0
2026-10-07,v1-52w-grp20,min_variance,JKH.N0000,5493,18.4,101071.2,0.01022029,0.01022069,0
2026-10-07,v1-52w-grp20,min_variance,LIOC.N0000,6066,127,770382,0.0779008,0.07790846,0
2026-10-07,v1-52w-grp20,min_variance,LLUB.N0000,2353,205.5,483541.5,0.04889557,0.04890946,0
2026-10-07,v1-52w-grp20,min_variance,LOFC.N0000,19176,5,95880,0.00969536,0.00969573,0
2026-10-07,v1-52w-grp20,min_variance,LOLC.N0000,1134,428,485352,0.04907865,0.04908455,0
2026-10-07,v1-52w-grp20,min_variance,MELS.N0000,1628,181.5,295482,0.02987905,0.02988058,0
2026-10-07,v1-52w-grp20,min_variance,MGT.N0000,18852,24.3,458103.6,0.0463233,0.04632356,0
2026-10-07,v1-52w-grp20,min_variance,NDB.N0000,3173,107,339511,0.03433125,0.03433913,0
2026-10-07,v1-52w-grp20,min_variance,PARQ.N0000,4680,79.3,371124,0.03752795,0.0375356,0
2026-10-07,v1-52w-grp20,min_variance,SAMP.N0000,2482,140,347480,0.03513707,0.03515119,0
2026-10-07,v1-52w-grp20,min_variance,SEYB.N0000,563,89.2,50219.6,0.00507819,0.00508529,0
2026-10-07,v1-52w-grp20,min_variance,SPEN.N0000,3217,135.5,435903.5,0.04407843,0.04408061,0
2026-10-07,v1-52w-grp20,min_variance,TKYO.N0000,0,79,0,0,1.9e-06,0
2026-10-07,v1-52w-grp20,min_variance,TKYO.X0000,1081,59.9,64751.9,0.00654769,0.0065481,0
2026-10-07,v1-52w-grp20,min_variance,TYRE.N0000,9696,80.1,776649.6,0.07853457,0.07854211,0
2026-10-07,v1-52w-grp20,min_variance,VPEL.N0000,4677,14.7,68751.9,0.00695217,0.00695357,0
2026-10-07,v1-52w-grp20,min_variance,WIND.N0000,99,39.7,3930.3,0.00039743,0.00039894,0
2026-10-07,v1-52w-grp20,risk_parity,AAF.N0000,1516,45,68220,0.00689834,0.00690103,0
2026-10-07,v1-52w-grp20,risk_parity,AAIC.N0000,927,75.6,70081.2,0.00708655,0.00709294,0
2026-10-07,v1-52w-grp20,risk_parity,ABL.N0000,3357,24.5,82246.5,0.00831669,0.00831702,0
2026-10-07,v1-52w-grp20,risk_parity,ACL.N0000,790,91,71890,0.00726945,0.00727097,0
2026-10-07,v1-52w-grp20,risk_parity,ACME.N0000,9232,3.8,35081.6,0.00354742,0.00354756,0
2026-10-07,v1-52w-grp20,risk_parity,AEL.N0000,1058,79.2,83793.6,0.00847313,0.00847758,0
2026-10-07,v1-52w-grp20,risk_parity,AGST.N0000,5008,12.3,61598.4,0.00622877,0.00623002,0
2026-10-07,v1-52w-grp20,risk_parity,AHUN.N0000,823,82,67486,0.00682412,0.00683222,0
2026-10-07,v1-52w-grp20,risk_parity,ALLI.N0000,302,305.5,92261,0.00932935,0.00934607,0
2026-10-07,v1-52w-grp20,risk_parity,ALUM.N0000,7415,15.2,112708,0.01139693,0.01139811,0
2026-10-07,v1-52w-grp20,risk_parity,AMSL.N0000,4032,10.1,40723.2,0.00411789,0.00411852,0
2026-10-07,v1-52w-grp20,risk_parity,APLA.N0000,364,161,58604,0.00592598,0.00592921,0
2026-10-07,v1-52w-grp20,risk_parity,ASCO.N0000,706,48.7,34382.2,0.0034767,0.0034795,0
2026-10-07,v1-52w-grp20,risk_parity,ASHO.N0000,15,2591.25,38868.75,0.00393037,0.00407887,0
2026-10-07,v1-52w-grp20,risk_parity,ASIR.N0000,2327,27.2,63294.4,0.00640027,0.00640064,0
2026-10-07,v1-52w-grp20,risk_parity,ASIY.N0000,2792,13.7,38250.4,0.00386784,0.00386897,0
2026-10-07,v1-52w-grp20,risk_parity,ASPH.N0000,176821,0.6,106092.6,0.01072798,0.01072813,0
2026-10-07,v1-52w-grp20,risk_parity,ATL.N0000,3208,21.5,68972,0.00697438,0.00697597,0
2026-10-07,v1-52w-grp20,risk_parity,BFL.N0000,541,85.8,46417.8,0.00469372,0.00470084,0
2026-10-07,v1-52w-grp20,risk_parity,BIL.N0000,17044,4.8,81811.2,0.00827267,0.00827294,0
2026-10-07,v1-52w-grp20,risk_parity,BOGA.N0000,365,117.5,42887.5,0.00433674,0.00434506,0
2026-10-07,v1-52w-grp20,risk_parity,BRWN.N0000,610,125,76250,0.00771033,0.00771413,0
2026-10-07,v1-52w-grp20,risk_parity,CALH.N0000,8305,11.9,98829.5,0.00999355,0.0099947,0
2026-10-07,v1-52w-grp20,risk_parity,CALT.N0000,3003,41.2,123723.6,0.01251081,0.01251232,0
2026-10-07,v1-52w-grp20,risk_parity,CBNK.N0000,21006,7.2,151243.2,0.01529357,0.01529403,0
2026-10-07,v1-52w-grp20,risk_parity,CCS.N0000,642,118,75756,0.00766038,0.00766449,0
2026-10-07,v1-52w-grp20,risk_parity,CDB.X0000,2745,28.5,78232.5,0.0079108,0.00791228,0
2026-10-07,v1-52w-grp20,risk_parity,CFIN.N0000,387,206,79722,0.00806141,0.00807446,0
2026-10-07,v1-52w-grp20,risk_parity,CFVF.N0000,1613,37.5,60487.5,0.00611644,0.006119,0
2026-10-07,v1-52w-grp20,risk_parity,CIC.N0000,2395,27,64665,0.00653886,0.00654007,0
2026-10-07,v1-52w-grp20,risk_parity,CIC.X0000,2782,22.4,62316.8,0.00630142,0.00630218,0
2026-10-07,v1-52w-grp20,risk_parity,CIND.N0000,393,203,79779,0.00806718,0.008082,0
2026-10-07,v1-52w-grp20,risk_parity,CINV.N0000,536,103,55208,0.00558258,0.00559214,0
2026-10-07,v1-52w-grp20,risk_parity,CITH.N0000,9567,4.6,44008.2,0.00445007,0.00445014,0
2026-10-07,v1-52w-grp20,risk_parity,CITW.N0000,83398,1.5,125097,0.01264969,0.01264992,0
2026-10-07,v1-52w-grp20,risk_parity,CLND.N0000,1375,45.6,62700,0.00634017,0.00634362,0
2026-10-07,v1-52w-grp20,risk_parity,COCO.N0000,2084,20.6,42930.4,0.00434108,0.00434136,0
2026-10-07,v1-52w-grp20,risk_parity,COCR.N0000,596,94.9,56560.4,0.00571933,0.0057249,0
2026-10-07,v1-52w-grp20,risk_parity,COMB.N0000,372,200,74400,0.00752326,0.00753016,0
2026-10-07,v1-52w-grp20,risk_parity,COMB.X0000,447,183.25,81912.75,0.00828294,0.00828645,0
2026-10-07,v1-52w-grp20,risk_parity,COOP.N0000,15300,3,45900,0.00464137,0.00464155,0
2026-10-07,v1-52w-grp20,risk_parity,CRL.N0000,15294,3.4,51999.6,0.00525815,0.00525844,0
2026-10-07,v1-52w-grp20,risk_parity,CSLK.N0000,7397,13.3,98380.1,0.0099481,0.00994908,0
2026-10-07,v1-52w-grp20,risk_parity,CTC.N0000,156,1783.5,278226,0.02813395,0.02817508,0
2026-10-07,v1-52w-grp20,risk_parity,DFCC.N0000,634,118.75,75287.5,0.007613,0.00762149,0
2026-10-07,v1-52w-grp20,risk_parity,DIAL.N0000,1700,44.7,75990,0.00768404,0.0076854,0
2026-10-07,v1-52w-grp20,risk_parity,DIMO.N0000,40,1369,54760,0.00553728,0.00564802,0
2026-10-07,v1-52w-grp20,risk_parity,DIPD.N0000,1495,58.2,87009,0.00879827,0.00880288,0
2026-10-07,v1-52w-grp20,risk_parity,DIST.N0000,1979,52.6,104095.4,0.01052603,0.01052813,0
2026-10-07,v1-52w-grp20,risk_parity,DOCK.N0000,365,117,42705,0.00431829,0.00432389,0
2026-10-07,v1-52w-grp20,risk_parity,EAST.N0000,1049,70,73430,0.00742517,0.00743075,0
2026-10-07,v1-52w-grp20,risk_parity,EBCR.N0000,2262,34,76908,0.00777687,0.0077799,0
2026-10-07,v1-52w-grp20,risk_parity,EML.N0000,4103,7.9,32413.7,0.00327764,0.00327793,0
2026-10-07,v1-52w-grp20,risk_parity,FCT.N0000,3483,23.6,82198.8,0.00831187,0.0083143,0
2026-10-07,v1-52w-grp20,risk_parity,GRAN.N0000,114,458,52212,0.00527963,0.00530469,0
2026-10-07,v1-52w-grp20,risk_parity,HASU.N0000,599,140,83860,0.00847984,0.00849119,0
2026-10-07,v1-52w-grp20,risk_parity,HAYC.N0000,451,203.5,91778.5,0.00928056,0.00928934,0
2026-10-07,v1-52w-grp20,risk_parity,HAYL.N0000,333,222.5,74092.5,0.00749216,0.00749965,0
2026-10-07,v1-52w-grp20,risk_parity,HBS.N0000,2737,21,57477,0.00581202,0.00581413,0
2026-10-07,v1-52w-grp20,risk_parity,HDFC.N0000,709,60,42540,0.00430161,0.00430224,0
2026-10-07,v1-52w-grp20,risk_parity,HEXP.N0000,332,150,49800,0.00503573,0.00504366,0
2026-10-07,v1-52w-grp20,risk_parity,HHL.N0000,2435,31.3,76215.5,0.00770684,0.00770904,0
2026-10-07,v1-52w-grp20,risk_parity,HNB.N0000,237,379.25,89882.25,0.00908881,0.00910911,0
2026-10-07,v1-52w-grp20,risk_parity,HNB.X0000,214,319.5,68373,0.00691381,0.00692264,0
2026-10-07,v1-52w-grp20,risk_parity,HNBF.N0000,7198,7.5,53985,0.00545891,0.00545903,0
2026-10-07,v1-52w-grp20,risk_parity,HVA.N0000,10335,4.1,42373.5,0.00428477,0.00428521,0
2026-10-07,v1-52w-grp20,risk_parity,JAT.N0000,2426,32.4,78602.4,0.0079482,0.00795107,0
2026-10-07,v1-52w-grp20,risk_parity,JETS.N0000,5368,13.9,74615.2,0.00754502,0.00754615,0
2026-10-07,v1-52w-grp20,risk_parity,JINS.N0000,1532,35.4,54232.8,0.00548397,0.00548731,0
2026-10-07,v1-52w-grp20,risk_parity,JKH.N0000,4760,18.4,87584,0.00885641,0.00885682,0
2026-10-07,v1-52w-grp20,risk_parity,KCAB.N0000,689,96,66144,0.00668842,0.00669378,0
2026-10-07,v1-52w-grp20,risk_parity,KHL.N0000,4432,15.3,67809.6,0.00685684,0.00685808,0
2026-10-07,v1-52w-grp20,risk_parity,KOTA.N0000,7360,7.5,55200,0.00558177,0.00558246,0
2026-10-07,v1-52w-grp20,risk_parity,KPHL.N0000,1939,16.4,31799.6,0.00321555,0.00321708,0
2026-10-07,v1-52w-grp20,risk_parity,KZOO.N0000,4902,7.5,36765,0.00371764,0.00371828,0
2026-10-07,v1-52w-grp20,risk_parity,LALU.N0000,1908,35,66780,0.00675273,0.00675575,0
2026-10-07,v1-52w-grp20,risk_parity,LCBF.N0000,6677,5.6,37391.2,0.00378096,0.00378102,0
2026-10-07,v1-52w-grp20,risk_parity,LFIN.N0000,559,147,82173,0.00830926,0.00831525,0
2026-10-07,v1-52w-grp20,risk_parity,LGL.N0000,1214,40.7,49409.8,0.00499627,0.00499689,0
2026-10-07,v1-52w-grp20,risk_parity,LGL.X0000,1434,30,43020,0.00435014,0.00435244,0
2026-10-07,v1-52w-grp20,risk_parity,LIOC.N0000,1230,127,156210,0.01579581,0.01579928,0
2026-10-07,v1-52w-grp20,risk_parity,LLUB.N0000,570,205.5,117135,0.01184458,0.01184766,0
2026-10-07,v1-52w-grp20,risk_parity,LMF.N0000,674,83.1,56009.4,0.00566362,0.00567082,0
2026-10-07,v1-52w-grp20,risk_parity,LOFC.N0000,18963,5,94815,0.0095876,0.00958817,0
2026-10-07,v1-52w-grp20,risk_parity,LOLC.N0000,279,428,119412,0.01207483,0.01209243,0
2026-10-07,v1-52w-grp20,risk_parity,LUMX.N0000,7470,8,59760,0.00604288,0.00604337,0
2026-10-07,v1-52w-grp20,risk_parity,LVEF.N0000,11375,5.7,64837.5,0.00655631,0.00655679,0
2026-10-07,v1-52w-grp20,risk_parity,LWL.N0000,1629,42.2,68743.8,0.00695131,0.00695267,0
2026-10-07,v1-52w-grp20,risk_parity,MBSL.N0000,3918,9,35262,0.00356566,0.00356589,0
2026-10-07,v1-52w-grp20,risk_parity,MELS.N0000,550,181.5,99825,0.01009421,0.01010344,0
2026-10-07,v1-52w-grp20,risk_parity,MFPE.N0000,5556,14.5,80562,0.00814635,0.00814712,0
2026-10-07,v1-52w-grp20,risk_parity,MGT.N0000,4948,24.3,120236.4,0.01215819,0.01216021,0
2026-10-07,v1-52w-grp20,risk_parity,NAMU.N0000,1025,65,66625,0.00673706,0.00674333,0
2026-10-07,v1-52w-grp20,risk_parity,NDB.N0000,1007,107,107749,0.01089548,0.01090353,0
2026-10-07,v1-52w-grp20,risk_parity,NHL.N0000,3349,11.1,37173.9,0.00375899,0.00375948,0
2026-10-07,v1-52w-grp20,risk_parity,OSEA.N0000,1103,51.2,56473.6,0.00571056,0.00571539,0
2026-10-07,v1-52w-grp20,risk_parity,PABC.N0000,1554,49.9,77544.6,0.00784124,0.00784156,0
2026-10-07,v1-52w-grp20,risk_parity,PAP.N0000,5465,12.8,69952,0.00707348,0.00707358,0
2026-10-07,v1-52w-grp20,risk_parity,PARQ.N0000,1519,79.3,120456.7,0.01218047,0.01218237,0
2026-10-07,v1-52w-grp20,risk_parity,PKME.N0000,419,154.5,64735.5,0.00654599,0.00655135,0
2026-10-07,v1-52w-grp20,risk_parity,PLC.N0000,3436,17,58412,0.00590657,0.00590742,0
2026-10-07,v1-52w-grp20,risk_parity,PLR.N0000,1031,37.4,38559.4,0.00389909,0.00390099,0
2026-10-07,v1-52w-grp20,risk_parity,RAL.N0000,3472,10.8,37497.6,0.00379172,0.00379243,0
2026-10-07,v1-52w-grp20,risk_parity,RCL.N0000,1540,43.5,66990,0.00677397,0.006776,0
2026-10-07,v1-52w-grp20,risk_parity,REEF.N0000,16849,3.3,55601.7,0.00562239,0.00562253,0
2026-10-07,v1-52w-grp20,risk_parity,RHL.N0000,1805,37.1,66965.5,0.00677149,0.00677464,0
2026-10-07,v1-52w-grp20,risk_parity,RICH.N0000,2074,26,53924,0.00545274,0.00545381,0
2026-10-07,v1-52w-grp20,risk_parity,RIL.N0000,1951,21.7,42336.7,0.00428105,0.00428327,0
2026-10-07,v1-52w-grp20,risk_parity,RWSL.N0000,2876,17.5,50330,0.00508932,0.00509025,0
2026-10-07,v1-52w-grp20,risk_parity,SAMP.N0000,752,140,105280,0.01064582,0.01065688,0
2026-10-07,v1-52w-grp20,risk_parity,SCAP.N0000,5094,9,45846,0.0046359,0.00463665,0
2026-10-07,v1-52w-grp20,risk_parity,SDB.N0000,1191,48,57168,0.00578077,0.00578457,0
2026-10-07,v1-52w-grp20,risk_parity,SEMB.N0000,55133,1.1,60646.3,0.0061325,0.0061326,0
2026-10-07,v1-52w-grp20,risk_parity,SERV.N0000,4042,13.3,53758.6,0.00543602,0.0054374,0
2026-10-07,v1-52w-grp20,risk_parity,SEYB.N0000,937,89.2,83580.4,0.00845157,0.00845319,0
2026-10-07,v1-52w-grp20,risk_parity,SEYB.X0000,1038,65.4,67885.2,0.00686449,0.00686673,0
2026-10-07,v1-52w-grp20,risk_parity,SFIN.N0000,873,44.4,38761.2,0.0039195,0.00392319,0
2026-10-07,v1-52w-grp20,risk_parity,SHAW.N0000,167,285,47595,0.00481276,0.00482353,0
2026-10-07,v1-52w-grp20,risk_parity,SHL.N0000,4847,6.6,31990.2,0.00323482,0.00323495,0
2026-10-07,v1-52w-grp20,risk_parity,SINH.N0000,2005,21.8,43709,0.00441981,0.00442022,0
2026-10-07,v1-52w-grp20,risk_parity,SINS.N0000,609,74.8,45553.2,0.0046063,0.00461365,0
2026-10-07,v1-52w-grp20,risk_parity,SIRA.N0000,1678,34.3,57555.4,0.00581995,0.00582124,0
2026-10-07,v1-52w-grp20,risk_parity,SLTL.N0000,758,82.6,62610.8,0.00633115,0.00633151,0
2026-10-07,v1-52w-grp20,risk_parity,SPEN.N0000,860,135.5,116530,0.0117834,0.01179206,0
2026-10-07,v1-52w-grp20,risk_parity,SUN.N0000,2092,28.3,59203.6,0.00598661,0.00598908,0
2026-10-07,v1-52w-grp20,risk_parity,TAFL.N0000,93,618.75,57543.75,0.00581877,0.00586447,0
2026-10-07,v1-52w-grp20,risk_parity,TAP.N0000,1749,29.3,51245.7,0.00518192,0.00518378,0
2026-10-07,v1-52w-grp20,risk_parity,TJL.N0000,2759,29.5,81390.5,0.00823013,0.0082311,0
2026-10-07,v1-52w-grp20,risk_parity,TKYO.N0000,1053,79,83187,0.00841179,0.00841477,0
2026-10-07,v1-52w-grp20,risk_parity,TKYO.X0000,1592,59.9,95360.8,0.0096428,0.00964784,0
2026-10-07,v1-52w-grp20,risk_parity,TYRE.N0000,2241,80.1,179504.1,0.01815129,0.01815955,0
2026-10-07,v1-52w-grp20,risk_parity,UBF.N0000,24004,2,48008,0.00485452,0.00485458,0
2026-10-07,v1-52w-grp20,risk_parity,UML.N0000,1617,23.1,37352.7,0.00377707,0.00377785,0
2026-10-07,v1-52w-grp20,risk_parity,VFIN.N0000,708,83.3,58976.4,0.00596364,0.00596936,0
2026-10-07,v1-52w-grp20,risk_parity,VLL.N0000,3270,22,71940,0.00727451,0.00727573,0
2026-10-07,v1-52w-grp20,risk_parity,VONE.N0000,738,87.8,64796.4,0.00655215,0.0065579,0
2026-10-07,v1-52w-grp20,risk_parity,VPEL.N0000,5745,14.7,84451.5,0.00853966,0.00854037,0
2026-10-07,v1-52w-grp20,risk_parity,WAPO.N0000,2755,17,46835,0.00473591,0.00473621,0
2026-10-07,v1-52w-grp20,risk_parity,WATA.N0000,1150,47.3,54395,0.00550037,0.00550476,0
2026-10-07,v1-52w-grp20,risk_parity,WIND.N0000,1721,39.7,68323.7,0.00690883,0.00691275,0
2026-10-07,v1-52w-grp20,risk_parity,YORK.N0000,2713,8.5,23060.5,0.00233186,0.00233202,0
2026-10-07,v1-52w-grp20,max_sharpe,ACME.N0000,41251,3.8,156753.8,0.01585091,0.01585118,0
2026-10-07,v1-52w-grp20,max_sharpe,AGST.N0000,5992,12.3,73701.6,0.00745269,0.00745357,0
2026-10-07,v1-52w-grp20,max_sharpe,AHUN.N0000,5372,82,440504,0.04454366,0.04454871,0
2026-10-07,v1-52w-grp20,max_sharpe,ALLI.N0000,1508,305.5,460694,0.04658526,0.04659996,0
2026-10-07,v1-52w-grp20,max_sharpe,APLA.N0000,322,161,51842,0.00524225,0.00524757,0
2026-10-07,v1-52w-grp20,max_sharpe,ASPH.N0000,867840,0.6,520704,0.05265346,0.05265365,0
2026-10-07,v1-52w-grp20,max_sharpe,ATL.N0000,21220,21.5,456230,0.04613386,0.04613593,0
2026-10-07,v1-52w-grp20,max_sharpe,BOGA.N0000,1794,117.5,210795,0.02131554,0.02132724,0
2026-10-07,v1-52w-grp20,max_sharpe,CALT.N0000,6496,41.2,267635.2,0.02706321,0.02706672,0
2026-10-07,v1-52w-grp20,max_sharpe,CFIN.N0000,671,206,138226,0.01397738,0.01397911,0
2026-10-07,v1-52w-grp20,max_sharpe,CITW.N0000,36018,1.5,54027,0.0054632,0.00546333,0
2026-10-07,v1-52w-grp20,max_sharpe,CLND.N0000,693,45.6,31600.8,0.00319547,0.00319976,0
2026-10-07,v1-52w-grp20,max_sharpe,DIPD.N0000,4186,58.2,243625.2,0.02463532,0.02463746,0
2026-10-07,v1-52w-grp20,max_sharpe,DOCK.N0000,951,117,111267,0.01125129,0.01125176,0
2026-10-07,v1-52w-grp20,max_sharpe,GRAN.N0000,331,458,151598,0.01532955,0.01537415,0
2026-10-07,v1-52w-grp20,max_sharpe,HAYC.N0000,2242,203.5,456247,0.04613558,0.04614909,0
2026-10-07,v1-52w-grp20,max_sharpe,HBS.N0000,32270,21,677670,0.06852582,0.06852709,0
2026-10-07,v1-52w-grp20,max_sharpe,HDFC.N0000,3947,60,236820,0.02394718,0.02395051,0
2026-10-07,v1-52w-grp20,max_sharpe,HEXP.N0000,999,150,149850,0.01515279,0.01515407,0
2026-10-07,v1-52w-grp20,max_sharpe,HNB.X0000,144,319.5,46008,0.00465232,0.00466114,0
2026-10-07,v1-52w-grp20,max_sharpe,JINS.N0000,9622,35.4,340618.8,0.03444329,0.0344445,0
2026-10-07,v1-52w-grp20,max_sharpe,KCAB.N0000,2151,96,206496,0.02088082,0.02088552,0
2026-10-07,v1-52w-grp20,max_sharpe,KZOO.N0000,39284,7.5,294630,0.02979291,0.02979302,0
2026-10-07,v1-52w-grp20,max_sharpe,LFIN.N0000,3350,147,492450,0.04979642,0.04980911,0
2026-10-07,v1-52w-grp20,max_sharpe,LGL.N0000,2814,40.7,114529.8,0.01158122,0.01158143,0
2026-10-07,v1-52w-grp20,max_sharpe,LGL.X0000,474,30,14220,0.00143792,0.00144017,0
2026-10-07,v1-52w-grp20,max_sharpe,LIOC.N0000,2243,127,284861,0.02880507,0.02881184,0
2026-10-07,v1-52w-grp20,max_sharpe,LLUB.N0000,369,205.5,75829.5,0.00766786,0.00767981,0
2026-10-07,v1-52w-grp20,max_sharpe,MGT.N0000,8355,24.3,203026.5,0.02052999,0.0205315,0
2026-10-07,v1-52w-grp20,max_sharpe,NAMU.N0000,10128,65,658320,0.06656916,0.06656994,0
2026-10-07,v1-52w-grp20,max_sharpe,NDB.N0000,2858,107,305806,0.03092303,0.03092456,0
2026-10-07,v1-52w-grp20,max_sharpe,OSEA.N0000,349,51.2,17868.8,0.00180689,0.00180821,0
2026-10-07,v1-52w-grp20,max_sharpe,RHL.N0000,10992,37.1,407803.2,0.04123696,0.04123896,0
2026-10-07,v1-52w-grp20,max_sharpe,SDB.N0000,5091,48,244368,0.02471043,0.02471494,0
2026-10-07,v1-52w-grp20,max_sharpe,SEMB.N0000,33042,1.1,36346.2,0.00367532,0.00367541,0
2026-10-07,v1-52w-grp20,max_sharpe,SPEN.N0000,2493,135.5,337801.5,0.0341584,0.03417216,0
2026-10-07,v1-52w-grp20,max_sharpe,TAFL.N0000,389,618.75,240693.75,0.02433889,0.02436115,0
2026-10-07,v1-52w-grp20,max_sharpe,TYRE.N0000,4535,80.1,363253.5,0.0367321,0.03673902,0
2026-10-07,v1-52w-grp20,max_sharpe,VLL.N0000,7853,22,172766,0.01747006,0.01747035,0
2026-10-07,v1-52w-grp20,max_sharpe,YORK.N0000,16422,8.5,139587,0.014115,0.0141158,0
2026-10-07,v1-52w-grp20,equal_weight,AAF.N0000,1558,45,70110,0.00708947,0.0070922,0
2026-10-07,v1-52w-grp20,equal_weight,AAIC.N0000,927,75.6,70081.2,0.00708656,0.0070922,0
2026-10-07,v1-52w-grp20,equal_weight,ABL.N0000,2862,24.5,70119,0.00709038,0.0070922,0
2026-10-07,v1-52w-grp20,equal_weight,ACL.N0000,770,91,70070,0.00708543,0.0070922,0
2026-10-07,v1-52w-grp20,equal_weight,ACME.N0000,18456,3.8,70132.8,0.00709178,0.0070922,0
2026-10-07,v1-52w-grp20,equal_weight,AEL.N0000,885,79.2,70092,0.00708765,0.0070922,0
2026-10-07,v1-52w-grp20,equal_weight,AGST.N0000,5702,12.3,70134.6,0.00709196,0.0070922,0
2026-10-07,v1-52w-grp20,equal_weight,AHUN.N0000,855,82,70110,0.00708947,0.0070922,0
2026-10-07,v1-52w-grp20,equal_weight,ALLI.N0000,229,305.5,69959.5,0.00707425,0.0070922,0
2026-10-07,v1-52w-grp20,equal_weight,ALUM.N0000,4614,15.2,70132.8,0.00709178,0.0070922,0
2026-10-07,v1-52w-grp20,equal_weight,AMSL.N0000,6944,10.1,70134.4,0.00709194,0.0070922,0
2026-10-07,v1-52w-grp20,equal_weight,APLA.N0000,435,161,70035,0.00708189,0.0070922,0
2026-10-07,v1-52w-grp20,equal_weight,ASCO.N0000,1440,48.7,70128,0.00709129,0.0070922,0
2026-10-07,v1-52w-grp20,equal_weight,ASHO.N0000,27,2591.25,69963.75,0.00707468,0.0070922,0
2026-10-07,v1-52w-grp20,equal_weight,ASIR.N0000,2578,27.2,70121.6,0.00709065,0.0070922,0
2026-10-07,v1-52w-grp20,equal_weight,ASIY.N0000,5119,13.7,70130.3,0.00709153,0.0070922,0
2026-10-07,v1-52w-grp20,equal_weight,ASPH.N0000,116894,0.6,70136.4,0.00709214,0.0070922,0
2026-10-07,v1-52w-grp20,equal_weight,ATL.N0000,3262,21.5,70133,0.0070918,0.0070922,0
2026-10-07,v1-52w-grp20,equal_weight,BFL.N0000,817,85.8,70098.6,0.00708832,0.0070922,0
2026-10-07,v1-52w-grp20,equal_weight,BIL.N0000,14611,4.8,70132.8,0.00709178,0.0070922,0
2026-10-07,v1-52w-grp20,equal_weight,BOGA.N0000,596,117.5,70030,0.00708138,0.0070922,0
2026-10-07,v1-52w-grp20,equal_weight,BRWN.N0000,561,125,70125,0.00709099,0.0070922,0
2026-10-07,v1-52w-grp20,equal_weight,CALH.N0000,5893,11.9,70126.7,0.00709116,0.0070922,0
2026-10-07,v1-52w-grp20,equal_weight,CALT.N0000,1702,41.2,70122.4,0.00709073,0.0070922,0
2026-10-07,v1-52w-grp20,equal_weight,CBNK.N0000,9741,7.2,70135.2,0.00709202,0.0070922,0
2026-10-07,v1-52w-grp20,equal_weight,CCS.N0000,594,118,70092,0.00708765,0.0070922,0
2026-10-07,v1-52w-grp20,equal_weight,CDB.X0000,2460,28.5,70110,0.00708947,0.0070922,0
2026-10-07,v1-52w-grp20,equal_weight,CFIN.N0000,340,206,70040,0.0070824,0.0070922,0
2026-10-07,v1-52w-grp20,equal_weight,CFVF.N0000,1870,37.5,70125,0.00709099,0.0070922,0
2026-10-07,v1-52w-grp20,equal_weight,CIC.N0000,2597,27,70119,0.00709038,0.0070922,0
2026-10-07,v1-52w-grp20,equal_weight,CIC.X0000,3131,22.4,70134.4,0.00709194,0.0070922,0
2026-10-07,v1-52w-grp20,equal_weight,CIND.N0000,345,203,70035,0.00708189,0.0070922,0
2026-10-07,v1-52w-grp20,equal_weight,CINV.N0000,680,103,70040,0.0070824,0.0070922,0
2026-10-07,v1-52w-grp20,equal_weight,CITH.N0000,15247,4.6,70136.2,0.00709212,0.0070922,0
2026-10-07,v1-52w-grp20,equal_weight,CITW.N0000,46757,1.5,70135.5,0.00709205,0.0070922,0
2026-10-07,v1-52w-grp20,equal_weight,CLND.N0000,1538,45.6,70132.8,0.00709178,0.0070922,0
2026-10-07,v1-52w-grp20,equal_weight,COCO.N0000,3404,20.6,70122.4,0.00709073,0.0070922,0
2026-10-07,v1-52w-grp20,equal_weight,COCR.N0000,739,94.9,70131.1,0.00709161,0.0070922,0
2026-10-07,v1-52w-grp20,equal_weight,COMB.N0000,350,200,70000,0.00707835,0.0070922,0
2026-10-07,v1-52w-grp20,equal_weight,COMB.X0000,382,183.25,70001.5,0.0070785,0.0070922,0
2026-10-07,v1-52w-grp20,equal_weight,COOP.N0000,23378,3,70134,0.0070919,0.0070922,0
2026-10-07,v1-52w-grp20,equal_weight,CRL.N0000,20628,3.4,70135.2,0.00709202,0.0070922,0
2026-10-07,v1-52w-grp20,equal_weight,CSLK.N0000,5273,13.3,70130.9,0.00709159,0.0070922,0
2026-10-07,v1-52w-grp20,equal_weight,CTC.N0000,39,1783.5,69556.5,0.0070335,0.0070922,0
2026-10-07,v1-52w-grp20,equal_weight,DFCC.N0000,590,118.75,70062.5,0.00708467,0.0070922,0
2026-10-07,v1-52w-grp20,equal_weight,DIAL.N0000,1569,44.7,70134.3,0.00709193,0.0070922,0
2026-10-07,v1-52w-grp20,equal_weight,DIMO.N0000,51,1369,69819,0.00706005,0.0070922,0
2026-10-07,v1-52w-grp20,equal_weight,DIPD.N0000,1205,58.2,70131,0.0070916,0.0070922,0
2026-10-07,v1-52w-grp20,equal_weight,DIST.N0000,1333,52.6,70115.8,0.00709006,0.0070922,0
2026-10-07,v1-52w-grp20,equal_weight,DOCK.N0000,599,117,70083,0.00708674,0.0070922,0
2026-10-07,v1-52w-grp20,equal_weight,EAST.N0000,1001,70,70070,0.00708543,0.0070922,0
2026-10-07,v1-52w-grp20,equal_weight,EBCR.N0000,2062,34,70108,0.00708927,0.0070922,0
2026-10-07,v1-52w-grp20,equal_weight,EML.N0000,8878,7.9,70136.2,0.00709212,0.0070922,0
2026-10-07,v1-52w-grp20,equal_weight,FCT.N0000,2971,23.6,70115.6,0.00709004,0.0070922,0
2026-10-07,v1-52w-grp20,equal_weight,GRAN.N0000,153,458,70074,0.00708583,0.0070922,0
2026-10-07,v1-52w-grp20,equal_weight,HASU.N0000,500,140,70000,0.00707835,0.0070922,0
2026-10-07,v1-52w-grp20,equal_weight,HAYC.N0000,344,203.5,70004,0.00707875,0.0070922,0
2026-10-07,v1-52w-grp20,equal_weight,HAYL.N0000,315,222.5,70087.5,0.0070872,0.0070922,0
2026-10-07,v1-52w-grp20,equal_weight,HBS.N0000,3339,21,70119,0.00709038,0.0070922,0
2026-10-07,v1-52w-grp20,equal_weight,HDFC.N0000,1168,60,70080,0.00708644,0.0070922,0
2026-10-07,v1-52w-grp20,equal_weight,HEXP.N0000,467,150,70050,0.00708341,0.0070922,0
2026-10-07,v1-52w-grp20,equal_weight,HHL.N0000,2240,31.3,70112,0.00708968,0.0070922,0
2026-10-07,v1-52w-grp20,equal_weight,HNB.N0000,184,379.25,69782,0.00705631,0.0070922,0
2026-10-07,v1-52w-grp20,equal_weight,HNB.X0000,219,319.5,69970.5,0.00707537,0.0070922,0
2026-10-07,v1-52w-grp20,equal_weight,HNBF.N0000,9351,7.5,70132.5,0.00709175,0.0070922,0
2026-10-07,v1-52w-grp20,equal_weight,HVA.N0000,17106,4.1,70134.6,0.00709196,0.0070922,0
2026-10-07,v1-52w-grp20,equal_weight,JAT.N0000,2164,32.4,70113.6,0.00708984,0.0070922,0
2026-10-07,v1-52w-grp20,equal_weight,JETS.N0000,5045,13.9,70125.5,0.00709104,0.0070922,0
2026-10-07,v1-52w-grp20,equal_weight,JINS.N0000,1981,35.4,70127.4,0.00709123,0.0070922,0
2026-10-07,v1-52w-grp20,equal_weight,JKH.N0000,3811,18.4,70122.4,0.00709073,0.0070922,0
2026-10-07,v1-52w-grp20,equal_weight,KCAB.N0000,730,96,70080,0.00708644,0.0070922,0
2026-10-07,v1-52w-grp20,equal_weight,KHL.N0000,4584,15.3,70135.2,0.00709202,0.0070922,0
2026-10-07,v1-52w-grp20,equal_weight,KOTA.N0000,9351,7.5,70132.5,0.00709175,0.0070922,0
2026-10-07,v1-52w-grp20,equal_weight,KPHL.N0000,4276,16.4,70126.4,0.00709113,0.0070922,0
2026-10-07,v1-52w-grp20,equal_weight,KZOO.N0000,9351,7.5,70132.5,0.00709175,0.0070922,0
2026-10-07,v1-52w-grp20,equal_weight,LALU.N0000,2003,35,70105,0.00708897,0.0070922,0
2026-10-07,v1-52w-grp20,equal_weight,LCBF.N0000,12524,5.6,70134.4,0.00709194,0.0070922,0
2026-10-07,v1-52w-grp20,equal_weight,LFIN.N0000,477,147,70119,0.00709038,0.0070922,0
2026-10-07,v1-52w-grp20,equal_weight,LGL.N0000,1723,40.7,70126.1,0.0070911,0.0070922,0
2026-10-07,v1-52w-grp20,equal_weight,LGL.X0000,2337,30,70110,0.00708947,0.0070922,0
2026-10-07,v1-52w-grp20,equal_weight,LIOC.N0000,552,127,70104,0.00708887,0.0070922,0
2026-10-07,v1-52w-grp20,equal_weight,LLUB.N0000,341,205.5,70075.5,0.00708598,0.0070922,0
2026-10-07,v1-52w-grp20,equal_weight,LMF.N0000,844,83.1,70136.4,0.00709214,0.0070922,0
2026-10-07,v1-52w-grp20,equal_weight,LOFC.N0000,14027,5,70135,0.007092,0.0070922,0
2026-10-07,v1-52w-grp20,equal_weight,LOLC.N0000,163,428,69764,0.00705449,0.0070922,0
2026-10-07,v1-52w-grp20,equal_weight,LUMX.N0000,8767,8,70136,0.0070921,0.0070922,0
2026-10-07,v1-52w-grp20,equal_weight,LVEF.N0000,12304,5.7,70132.8,0.00709178,0.0070922,0
2026-10-07,v1-52w-grp20,equal_weight,LWL.N0000,1662,42.2,70136.4,0.00709214,0.0070922,0
2026-10-07,v1-52w-grp20,equal_weight,MBSL.N0000,7792,9,70128,0.00709129,0.0070922,0
2026-10-07,v1-52w-grp20,equal_weight,MELS.N0000,386,181.5,70059,0.00708432,0.0070922,0
2026-10-07,v1-52w-grp20,equal_weight,MFPE.N0000,4836,14.5,70122,0.00709069,0.0070922,0
2026-10-07,v1-52w-grp20,equal_weight,MGT.N0000,2886,24.3,70129.8,0.00709148,0.0070922,0
2026-10-07,v1-52w-grp20,equal_weight,NAMU.N0000,1079,65,70135,0.007092,0.0070922,0
2026-10-07,v1-52w-grp20,equal_weight,NDB.N0000,655,107,70085,0.00708695,0.0070922,0
2026-10-07,v1-52w-grp20,equal_weight,NHL.N0000,6318,11.1,70129.8,0.00709148,0.0070922,0
2026-10-07,v1-52w-grp20,equal_weight,OSEA.N0000,1369,51.2,70092.8,0.00708773,0.0070922,0
2026-10-07,v1-52w-grp20,equal_weight,PABC.N0000,1405,49.9,70109.5,0.00708942,0.0070922,0
2026-10-07,v1-52w-grp20,equal_weight,PAP.N0000,5479,12.8,70131.2,0.00709162,0.0070922,0
2026-10-07,v1-52w-grp20,equal_weight,PARQ.N0000,884,79.3,70101.2,0.00708858,0.0070922,0
2026-10-07,v1-52w-grp20,equal_weight,PKME.N0000,453,154.5,69988.5,0.00707719,0.0070922,0
2026-10-07,v1-52w-grp20,equal_weight,PLC.N0000,4125,17,70125,0.00709099,0.0070922,0
2026-10-07,v1-52w-grp20,equal_weight,PLR.N0000,1875,37.4,70125,0.00709099,0.0070922,0
2026-10-07,v1-52w-grp20,equal_weight,RAL.N0000,6494,10.8,70135.2,0.00709202,0.0070922,0
2026-10-07,v1-52w-grp20,equal_weight,RCL.N0000,1612,43.5,70122,0.00709069,0.0070922,0
2026-10-07,v1-52w-grp20,equal_weight,REEF.N0000,21253,3.3,70134.9,0.00709199,0.0070922,0
2026-10-07,v1-52w-grp20,equal_weight,RHL.N0000,1890,37.1,70119,0.00709038,0.0070922,0
2026-10-07,v1-52w-grp20,equal_weight,RICH.N0000,2697,26,70122,0.00709069,0.0070922,0
2026-10-07,v1-52w-grp20,equal_weight,RIL.N0000,3232,21.7,70134.4,0.00709194,0.0070922,0
2026-10-07,v1-52w-grp20,equal_weight,RWSL.N0000,4007,17.5,70122.5,0.00709074,0.0070922,0
2026-10-07,v1-52w-grp20,equal_weight,SAMP.N0000,500,140,70000,0.00707835,0.0070922,0
2026-10-07,v1-52w-grp20,equal_weight,SCAP.N0000,7792,9,70128,0.00709129,0.0070922,0
2026-10-07,v1-52w-grp20,equal_weight,SDB.N0000,1461,48,70128,0.00709129,0.0070922,0
2026-10-07,v1-52w-grp20,equal_weight,SEMB.N0000,63760,1.1,70136,0.0070921,0.0070922,0
2026-10-07,v1-52w-grp20,equal_weight,SERV.N0000,5273,13.3,70130.9,0.00709159,0.0070922,0
2026-10-07,v1-52w-grp20,equal_weight,SEYB.N0000,786,89.2,70111.2,0.00708959,0.0070922,0
2026-10-07,v1-52w-grp20,equal_weight,SEYB.X0000,1072,65.4,70108.8,0.00708935,0.0070922,0
2026-10-07,v1-52w-grp20,equal_weight,SFIN.N0000,1579,44.4,70107.6,0.00708923,0.0070922,0
2026-10-07,v1-52w-grp20,equal_weight,SHAW.N0000,246,285,70110,0.00708947,0.0070922,0
2026-10-07,v1-52w-grp20,equal_weight,SHL.N0000,10626,6.6,70131.6,0.00709166,0.0070922,0
2026-10-07,v1-52w-grp20,equal_weight,SINH.N0000,3217,21.8,70130.6,0.00709156,0.0070922,0
2026-10-07,v1-52w-grp20,equal_weight,SINS.N0000,937,74.8,70087.6,0.00708721,0.0070922,0
2026-10-07,v1-52w-grp20,equal_weight,SIRA.N0000,2044,34.3,70109.2,0.00708939,0.0070922,0
2026-10-07,v1-52w-grp20,equal_weight,SLTL.N0000,849,82.6,70127.4,0.00709123,0.0070922,0
2026-10-07,v1-52w-grp20,equal_weight,SPEN.N0000,517,135.5,70053.5,0.00708376,0.0070922,0
2026-10-07,v1-52w-grp20,equal_weight,SUN.N0000,2478,28.3,70127.4,0.00709123,0.0070922,0
2026-10-07,v1-52w-grp20,equal_weight,TAFL.N0000,113,618.75,69918.75,0.00707013,0.0070922,0
2026-10-07,v1-52w-grp20,equal_weight,TAP.N0000,2393,29.3,70114.9,0.00708997,0.0070922,0
2026-10-07,v1-52w-grp20,equal_weight,TJL.N0000,2377,29.5,70121.5,0.00709064,0.0070922,0
2026-10-07,v1-52w-grp20,equal_weight,TKYO.N0000,887,79,70073,0.00708573,0.0070922,0
2026-10-07,v1-52w-grp20,equal_weight,TKYO.X0000,1170,59.9,70083,0.00708674,0.0070922,0
2026-10-07,v1-52w-grp20,equal_weight,TYRE.N0000,875,80.1,70087.5,0.0070872,0.0070922,0
2026-10-07,v1-52w-grp20,equal_weight,UBF.N0000,35068,2,70136,0.0070921,0.0070922,0
2026-10-07,v1-52w-grp20,equal_weight,UML.N0000,3036,23.1,70131.6,0.00709166,0.0070922,0
2026-10-07,v1-52w-grp20,equal_weight,VFIN.N0000,841,83.3,70055.3,0.00708394,0.0070922,0
2026-10-07,v1-52w-grp20,equal_weight,VLL.N0000,3188,22,70136,0.0070921,0.0070922,0
2026-10-07,v1-52w-grp20,equal_weight,VONE.N0000,798,87.8,70064.4,0.00708486,0.0070922,0
2026-10-07,v1-52w-grp20,equal_weight,VPEL.N0000,4771,14.7,70133.7,0.00709187,0.0070922,0
2026-10-07,v1-52w-grp20,equal_weight,WAPO.N0000,4125,17,70125,0.00709099,0.0070922,0
2026-10-07,v1-52w-grp20,equal_weight,WATA.N0000,1482,47.3,70098.6,0.00708832,0.0070922,0
2026-10-07,v1-52w-grp20,equal_weight,WIND.N0000,1766,39.7,70110.2,0.00708949,0.0070922,0
2026-10-07,v1-52w-grp20,equal_weight,YORK.N0000,8251,8.5,70133.5,0.00709185,0.0070922,0
2026-10-07,v1-52w-grp20,market,ASI,487.38762669,20517.55,10000000,1,1,0
