date,series,portfolio,nav,cash,holdings_value,note
2026-10-07,v0-52w,min_variance,9889268.30592,2509.90592,9886758.4,inception
2026-10-07,v0-52w,risk_parity,9889332.94336,8345.74336,9880987.2,inception
2026-10-07,v0-52w,max_sharpe,9889264.76952,2190.61952,9887074.15,inception
2026-10-07,v0-52w,equal_weight,9889309.94416,6269.24416,9883040.7,inception
2026-10-07,v0-52w,market,10000000,0,10000000,inception; 487.387627 ASPI units
2026-10-07,v1-52w-grp20,min_variance,9889269.82352,2646.92352,9886622.9,inception
2026-10-07,v1-52w-grp20,risk_parity,9889331.78752,8241.38751999,9881090.4,inception
2026-10-07,v1-52w-grp20,max_sharpe,9889264.76952,2190.61952,9887074.15,inception
2026-10-07,v1-52w-grp20,equal_weight,9889309.94416,6269.24416,9883040.7,inception
2026-10-07,v1-52w-grp20,market,10000000,0,10000000,inception; 487.387627 ASPI units
