date,series,portfolio,symbol,action,shares,price,value,cost,reason
2026-10-07,v0-52w,min_variance,ABL.N0000,buy,4457,24.5,109196.5,1223.0008,inception
2026-10-07,v0-52w,min_variance,AEL.N0000,buy,612,79.2,48470.4,542.86848,inception
2026-10-07,v0-52w,min_variance,ALLI.N0000,buy,840,305.5,256620,2874.144,inception
2026-10-07,v0-52w,min_variance,ALUM.N0000,buy,27037,15.2,410962.4,4602.77888,inception
2026-10-07,v0-52w,min_variance,ASPH.N0000,buy,258728,0.6,155236.8,1738.65216,inception
2026-10-07,v0-52w,min_variance,BIL.N0000,buy,6864,4.8,32947.2,369.00864,inception
2026-10-07,v0-52w,min_variance,CALH.N0000,buy,19746,11.9,234977.4,2631.74688,inception
2026-10-07,v0-52w,min_variance,CALT.N0000,buy,6491,41.2,267429.2,2995.20704,inception
2026-10-07,v0-52w,min_variance,CBNK.N0000,buy,113167,7.2,814802.4,9125.78688,inception
2026-10-07,v0-52w,min_variance,CDB.X0000,buy,37,28.5,1054.5,11.8104,inception
2026-10-07,v0-52w,min_variance,CFIN.N0000,buy,143,206,29458,329.9296,inception
2026-10-07,v0-52w,min_variance,CITW.N0000,buy,247811,1.5,371716.5,4163.2248,inception
2026-10-07,v0-52w,min_variance,COMB.X0000,buy,803,183.25,147149.75,1648.0772,inception
2026-10-07,v0-52w,min_variance,CSLK.N0000,buy,12956,13.3,172314.8,1929.92576,inception
2026-10-07,v0-52w,min_variance,CTC.N0000,buy,554,1783.5,988059,11066.2608,inception
2026-10-07,v0-52w,min_variance,DIST.N0000,buy,5913,52.6,311023.8,3483.46656,inception
2026-10-07,v0-52w,min_variance,HASU.N0000,buy,711,140,99540,1114.848,inception
2026-10-07,v0-52w,min_variance,HAYC.N0000,buy,317,203.5,64509.5,722.5064,inception
2026-10-07,v0-52w,min_variance,HNB.N0000,buy,469,379.25,177868.25,1992.1244,inception
2026-10-07,v0-52w,min_variance,JAT.N0000,buy,1393,32.4,45133.2,505.49184,inception
2026-10-07,v0-52w,min_variance,JKH.N0000,buy,5493,18.4,101071.2,1131.99744,inception
2026-10-07,v0-52w,min_variance,LIOC.N0000,buy,6066,127,770382,8628.2784,inception
2026-10-07,v0-52w,min_variance,LLUB.N0000,buy,2353,205.5,483541.5,5415.6648,inception
2026-10-07,v0-52w,min_variance,LOFC.N0000,buy,19176,5,95880,1073.856,inception
2026-10-07,v0-52w,min_variance,LOLC.N0000,buy,1134,428,485352,5435.9424,inception
2026-10-07,v0-52w,min_variance,MELS.N0000,buy,1628,181.5,295482,3309.3984,inception
2026-10-07,v0-52w,min_variance,MGT.N0000,buy,18852,24.3,458103.6,5130.76032,inception
2026-10-07,v0-52w,min_variance,NDB.N0000,buy,3173,107,339511,3802.5232,inception
2026-10-07,v0-52w,min_variance,PARQ.N0000,buy,4680,79.3,371124,4156.5888,inception
2026-10-07,v0-52w,min_variance,SAMP.N0000,buy,2483,140,347620,3893.344,inception
2026-10-07,v0-52w,min_variance,SEYB.N0000,buy,563,89.2,50219.6,562.45952,inception
2026-10-07,v0-52w,min_variance,SPEN.N0000,buy,3217,135.5,435903.5,4882.1192,inception
2026-10-07,v0-52w,min_variance,TKYO.X0000,buy,1081,59.9,64751.9,725.22128,inception
2026-10-07,v0-52w,min_variance,TYRE.N0000,buy,9696,80.1,776649.6,8698.47552,inception
2026-10-07,v0-52w,min_variance,VPEL.N0000,buy,4678,14.7,68766.6,770.18592,inception
2026-10-07,v0-52w,min_variance,WIND.N0000,buy,99,39.7,3930.3,44.01936,inception
2026-10-07,v0-52w,risk_parity,AAF.N0000,buy,1516,45,68220,764.064,inception
2026-10-07,v0-52w,risk_parity,AAIC.N0000,buy,927,75.6,70081.2,784.90944,inception
2026-10-07,v0-52w,risk_parity,ABL.N0000,buy,3356,24.5,82222,920.8864,inception
2026-10-07,v0-52w,risk_parity,ACL.N0000,buy,790,91,71890,805.168,inception
2026-10-07,v0-52w,risk_parity,ACME.N0000,buy,9232,3.8,35081.6,392.91392,inception
2026-10-07,v0-52w,risk_parity,AEL.N0000,buy,1058,79.2,83793.6,938.48832,inception
2026-10-07,v0-52w,risk_parity,AGST.N0000,buy,5008,12.3,61598.4,689.90208,inception
2026-10-07,v0-52w,risk_parity,AHUN.N0000,buy,823,82,67486,755.8432,inception
2026-10-07,v0-52w,risk_parity,ALLI.N0000,buy,302,305.5,92261,1033.3232,inception
2026-10-07,v0-52w,risk_parity,ALUM.N0000,buy,7415,15.2,112708,1262.3296,inception
2026-10-07,v0-52w,risk_parity,AMSL.N0000,buy,4033,10.1,40733.3,456.21296,inception
2026-10-07,v0-52w,risk_parity,APLA.N0000,buy,364,161,58604,656.3648,inception
2026-10-07,v0-52w,risk_parity,ASCO.N0000,buy,706,48.7,34382.2,385.08064,inception
2026-10-07,v0-52w,risk_parity,ASHO.N0000,buy,15,2591.25,38868.75,435.33,inception
2026-10-07,v0-52w,risk_parity,ASIR.N0000,buy,2327,27.2,63294.4,708.89728,inception
2026-10-07,v0-52w,risk_parity,ASIY.N0000,buy,2792,13.7,38250.4,428.40448,inception
2026-10-07,v0-52w,risk_parity,ASPH.N0000,buy,176821,0.6,106092.6,1188.23712,inception
2026-10-07,v0-52w,risk_parity,ATL.N0000,buy,3209,21.5,68993.5,772.7272,inception
2026-10-07,v0-52w,risk_parity,BFL.N0000,buy,541,85.8,46417.8,519.87936,inception
2026-10-07,v0-52w,risk_parity,BIL.N0000,buy,17044,4.8,81811.2,916.28544,inception
2026-10-07,v0-52w,risk_parity,BOGA.N0000,buy,365,117.5,42887.5,480.34,inception
2026-10-07,v0-52w,risk_parity,BRWN.N0000,buy,610,125,76250,854,inception
2026-10-07,v0-52w,risk_parity,CALH.N0000,buy,8305,11.9,98829.5,1106.8904,inception
2026-10-07,v0-52w,risk_parity,CALT.N0000,buy,3002,41.2,123682.4,1385.24288,inception
2026-10-07,v0-52w,risk_parity,CBNK.N0000,buy,21007,7.2,151250.4,1694.00448,inception
2026-10-07,v0-52w,risk_parity,CCS.N0000,buy,642,118,75756,848.4672,inception
2026-10-07,v0-52w,risk_parity,CDB.X0000,buy,2745,28.5,78232.5,876.204,inception
2026-10-07,v0-52w,risk_parity,CFIN.N0000,buy,387,206,79722,892.8864,inception
2026-10-07,v0-52w,risk_parity,CFVF.N0000,buy,1613,37.5,60487.5,677.46,inception
2026-10-07,v0-52w,risk_parity,CIC.N0000,buy,2394,27,64638,723.9456,inception
2026-10-07,v0-52w,risk_parity,CIC.X0000,buy,2782,22.4,62316.8,697.94816,inception
2026-10-07,v0-52w,risk_parity,CIND.N0000,buy,393,203,79779,893.5248,inception
2026-10-07,v0-52w,risk_parity,CINV.N0000,buy,536,103,55208,618.3296,inception
2026-10-07,v0-52w,risk_parity,CITH.N0000,buy,9567,4.6,44008.2,492.89184,inception
2026-10-07,v0-52w,risk_parity,CITW.N0000,buy,83401,1.5,125101.5,1401.1368,inception
2026-10-07,v0-52w,risk_parity,CLND.N0000,buy,1375,45.6,62700,702.24,inception
2026-10-07,v0-52w,risk_parity,COCO.N0000,buy,2083,20.6,42909.8,480.58976,inception
2026-10-07,v0-52w,risk_parity,COCR.N0000,buy,596,94.9,56560.4,633.47648,inception
2026-10-07,v0-52w,risk_parity,COMB.N0000,buy,372,200,74400,833.28,inception
2026-10-07,v0-52w,risk_parity,COMB.X0000,buy,447,183.25,81912.75,917.4228,inception
2026-10-07,v0-52w,risk_parity,COOP.N0000,buy,15299,3,45897,514.0464,inception
2026-10-07,v0-52w,risk_parity,CRL.N0000,buy,15292,3.4,51992.8,582.31936,inception
2026-10-07,v0-52w,risk_parity,CSLK.N0000,buy,7398,13.3,98393.4,1102.00608,inception
2026-10-07,v0-52w,risk_parity,CTC.N0000,buy,156,1783.5,278226,3116.1312,inception
2026-10-07,v0-52w,risk_parity,DFCC.N0000,buy,634,118.75,75287.5,843.22,inception
2026-10-07,v0-52w,risk_parity,DIAL.N0000,buy,1700,44.7,75990,851.088,inception
2026-10-07,v0-52w,risk_parity,DIMO.N0000,buy,40,1369,54760,613.312,inception
2026-10-07,v0-52w,risk_parity,DIPD.N0000,buy,1495,58.2,87009,974.5008,inception
2026-10-07,v0-52w,risk_parity,DIST.N0000,buy,1978,52.6,104042.8,1165.27936,inception
2026-10-07,v0-52w,risk_parity,DOCK.N0000,buy,365,117,42705,478.296,inception
2026-10-07,v0-52w,risk_parity,EAST.N0000,buy,1049,70,73430,822.416,inception
2026-10-07,v0-52w,risk_parity,EBCR.N0000,buy,2263,34,76942,861.7504,inception
2026-10-07,v0-52w,risk_parity,EML.N0000,buy,4103,7.9,32413.7,363.03344,inception
2026-10-07,v0-52w,risk_parity,FCT.N0000,buy,3483,23.6,82198.8,920.62656,inception
2026-10-07,v0-52w,risk_parity,GRAN.N0000,buy,114,458,52212,584.7744,inception
2026-10-07,v0-52w,risk_parity,HASU.N0000,buy,599,140,83860,939.232,inception
2026-10-07,v0-52w,risk_parity,HAYC.N0000,buy,451,203.5,91778.5,1027.9192,inception
2026-10-07,v0-52w,risk_parity,HAYL.N0000,buy,333,222.5,74092.5,829.836,inception
2026-10-07,v0-52w,risk_parity,HBS.N0000,buy,2738,21,57498,643.9776,inception
2026-10-07,v0-52w,risk_parity,HDFC.N0000,buy,709,60,42540,476.448,inception
2026-10-07,v0-52w,risk_parity,HEXP.N0000,buy,332,150,49800,557.76,inception
2026-10-07,v0-52w,risk_parity,HHL.N0000,buy,2435,31.3,76215.5,853.6136,inception
2026-10-07,v0-52w,risk_parity,HNB.N0000,buy,237,379.25,89882.25,1006.6812,inception
2026-10-07,v0-52w,risk_parity,HNB.X0000,buy,214,319.5,68373,765.7776,inception
2026-10-07,v0-52w,risk_parity,HNBF.N0000,buy,7198,7.5,53985,604.632,inception
2026-10-07,v0-52w,risk_parity,HVA.N0000,buy,10335,4.1,42373.5,474.5832,inception
2026-10-07,v0-52w,risk_parity,JAT.N0000,buy,2426,32.4,78602.4,880.34688,inception
2026-10-07,v0-52w,risk_parity,JETS.N0000,buy,5368,13.9,74615.2,835.69024,inception
2026-10-07,v0-52w,risk_parity,JINS.N0000,buy,1533,35.4,54268.2,607.80384,inception
2026-10-07,v0-52w,risk_parity,JKH.N0000,buy,4759,18.4,87565.6,980.73472,inception
2026-10-07,v0-52w,risk_parity,KCAB.N0000,buy,689,96,66144,740.8128,inception
2026-10-07,v0-52w,risk_parity,KHL.N0000,buy,4432,15.3,67809.6,759.46752,inception
2026-10-07,v0-52w,risk_parity,KOTA.N0000,buy,7360,7.5,55200,618.24,inception
2026-10-07,v0-52w,risk_parity,KPHL.N0000,buy,1939,16.4,31799.6,356.15552,inception
2026-10-07,v0-52w,risk_parity,KZOO.N0000,buy,4902,7.5,36765,411.768,inception
2026-10-07,v0-52w,risk_parity,LALU.N0000,buy,1909,35,66815,748.328,inception
2026-10-07,v0-52w,risk_parity,LCBF.N0000,buy,6676,5.6,37385.6,418.71872,inception
2026-10-07,v0-52w,risk_parity,LFIN.N0000,buy,559,147,82173,920.3376,inception
2026-10-07,v0-52w,risk_parity,LGL.N0000,buy,1213,40.7,49369.1,552.93392,inception
2026-10-07,v0-52w,risk_parity,LGL.X0000,buy,1434,30,43020,481.824,inception
2026-10-07,v0-52w,risk_parity,LIOC.N0000,buy,1230,127,156210,1749.552,inception
2026-10-07,v0-52w,risk_parity,LLUB.N0000,buy,570,205.5,117135,1311.912,inception
2026-10-07,v0-52w,risk_parity,LMF.N0000,buy,674,83.1,56009.4,627.30528,inception
2026-10-07,v0-52w,risk_parity,LOFC.N0000,buy,18963,5,94815,1061.928,inception
2026-10-07,v0-52w,risk_parity,LOLC.N0000,buy,279,428,119412,1337.4144,inception
2026-10-07,v0-52w,risk_parity,LUMX.N0000,buy,7471,8,59768,669.4016,inception
2026-10-07,v0-52w,risk_parity,LVEF.N0000,buy,11375,5.7,64837.5,726.18,inception
2026-10-07,v0-52w,risk_parity,LWL.N0000,buy,1628,42.2,68701.6,769.45792,inception
2026-10-07,v0-52w,risk_parity,MBSL.N0000,buy,3918,9,35262,394.9344,inception
2026-10-07,v0-52w,risk_parity,MELS.N0000,buy,550,181.5,99825,1118.04,inception
2026-10-07,v0-52w,risk_parity,MFPE.N0000,buy,5555,14.5,80547.5,902.132,inception
2026-10-07,v0-52w,risk_parity,MGT.N0000,buy,4948,24.3,120236.4,1346.64768,inception
2026-10-07,v0-52w,risk_parity,NAMU.N0000,buy,1025,65,66625,746.2,inception
2026-10-07,v0-52w,risk_parity,NDB.N0000,buy,1007,107,107749,1206.7888,inception
2026-10-07,v0-52w,risk_parity,NHL.N0000,buy,3349,11.1,37173.9,416.34768,inception
2026-10-07,v0-52w,risk_parity,OSEA.N0000,buy,1104,51.2,56524.8,633.07776,inception
2026-10-07,v0-52w,risk_parity,PABC.N0000,buy,1554,49.9,77544.6,868.49952,inception
2026-10-07,v0-52w,risk_parity,PAP.N0000,buy,5465,12.8,69952,783.4624,inception
2026-10-07,v0-52w,risk_parity,PARQ.N0000,buy,1518,79.3,120377.4,1348.22688,inception
2026-10-07,v0-52w,risk_parity,PKME.N0000,buy,419,154.5,64735.5,725.0376,inception
2026-10-07,v0-52w,risk_parity,PLC.N0000,buy,3436,17,58412,654.2144,inception
2026-10-07,v0-52w,risk_parity,PLR.N0000,buy,1031,37.4,38559.4,431.86528,inception
2026-10-07,v0-52w,risk_parity,RAL.N0000,buy,3472,10.8,37497.6,419.97312,inception
2026-10-07,v0-52w,risk_parity,RCL.N0000,buy,1540,43.5,66990,750.288,inception
2026-10-07,v0-52w,risk_parity,REEF.N0000,buy,16852,3.3,55611.6,622.84992,inception
2026-10-07,v0-52w,risk_parity,RHL.N0000,buy,1805,37.1,66965.5,750.0136,inception
2026-10-07,v0-52w,risk_parity,RICH.N0000,buy,2074,26,53924,603.9488,inception
2026-10-07,v0-52w,risk_parity,RIL.N0000,buy,1952,21.7,42358.4,474.41408,inception
2026-10-07,v0-52w,risk_parity,RWSL.N0000,buy,2876,17.5,50330,563.696,inception
2026-10-07,v0-52w,risk_parity,SAMP.N0000,buy,752,140,105280,1179.136,inception
2026-10-07,v0-52w,risk_parity,SCAP.N0000,buy,5095,9,45855,513.576,inception
2026-10-07,v0-52w,risk_parity,SDB.N0000,buy,1191,48,57168,640.2816,inception
2026-10-07,v0-52w,risk_parity,SEMB.N0000,buy,55133,1.1,60646.3,679.23856,inception
2026-10-07,v0-52w,risk_parity,SERV.N0000,buy,4042,13.3,53758.6,602.09632,inception
2026-10-07,v0-52w,risk_parity,SEYB.N0000,buy,937,89.2,83580.4,936.10048,inception
2026-10-07,v0-52w,risk_parity,SEYB.X0000,buy,1038,65.4,67885.2,760.31424,inception
2026-10-07,v0-52w,risk_parity,SFIN.N0000,buy,873,44.4,38761.2,434.12544,inception
2026-10-07,v0-52w,risk_parity,SHAW.N0000,buy,167,285,47595,533.064,inception
2026-10-07,v0-52w,risk_parity,SHL.N0000,buy,4845,6.6,31977,358.1424,inception
2026-10-07,v0-52w,risk_parity,SINH.N0000,buy,2005,21.8,43709,489.5408,inception
2026-10-07,v0-52w,risk_parity,SINS.N0000,buy,609,74.8,45553.2,510.19584,inception
2026-10-07,v0-52w,risk_parity,SIRA.N0000,buy,1678,34.3,57555.4,644.62048,inception
2026-10-07,v0-52w,risk_parity,SLTL.N0000,buy,758,82.6,62610.8,701.24096,inception
2026-10-07,v0-52w,risk_parity,SPEN.N0000,buy,860,135.5,116530,1305.136,inception
2026-10-07,v0-52w,risk_parity,SUN.N0000,buy,2092,28.3,59203.6,663.08032,inception
2026-10-07,v0-52w,risk_parity,TAFL.N0000,buy,93,618.75,57543.75,644.49,inception
2026-10-07,v0-52w,risk_parity,TAP.N0000,buy,1748,29.3,51216.4,573.62368,inception
2026-10-07,v0-52w,risk_parity,TJL.N0000,buy,2758,29.5,81361,911.2432,inception
2026-10-07,v0-52w,risk_parity,TKYO.N0000,buy,1053,79,83187,931.6944,inception
2026-10-07,v0-52w,risk_parity,TKYO.X0000,buy,1592,59.9,95360.8,1068.04096,inception
2026-10-07,v0-52w,risk_parity,TYRE.N0000,buy,2242,80.1,179584.2,2011.34304,inception
2026-10-07,v0-52w,risk_parity,UBF.N0000,buy,24003,2,48006,537.6672,inception
2026-10-07,v0-52w,risk_parity,UML.N0000,buy,1617,23.1,37352.7,418.35024,inception
2026-10-07,v0-52w,risk_parity,VFIN.N0000,buy,708,83.3,58976.4,660.53568,inception
2026-10-07,v0-52w,risk_parity,VLL.N0000,buy,3270,22,71940,805.728,inception
2026-10-07,v0-52w,risk_parity,VONE.N0000,buy,738,87.8,64796.4,725.71968,inception
2026-10-07,v0-52w,risk_parity,VPEL.N0000,buy,5744,14.7,84436.8,945.69216,inception
2026-10-07,v0-52w,risk_parity,WAPO.N0000,buy,2755,17,46835,524.552,inception
2026-10-07,v0-52w,risk_parity,WATA.N0000,buy,1150,47.3,54395,609.224,inception
2026-10-07,v0-52w,risk_parity,WIND.N0000,buy,1721,39.7,68323.7,765.22544,inception
2026-10-07,v0-52w,risk_parity,YORK.N0000,buy,2713,8.5,23060.5,258.2776,inception
2026-10-07,v0-52w,max_sharpe,ACME.N0000,buy,41251,3.8,156753.8,1755.64256,inception
2026-10-07,v0-52w,max_sharpe,AGST.N0000,buy,5992,12.3,73701.6,825.45792,inception
2026-10-07,v0-52w,max_sharpe,AHUN.N0000,buy,5372,82,440504,4933.6448,inception
2026-10-07,v0-52w,max_sharpe,ALLI.N0000,buy,1508,305.5,460694,5159.7728,inception
2026-10-07,v0-52w,max_sharpe,APLA.N0000,buy,322,161,51842,580.6304,inception
2026-10-07,v0-52w,max_sharpe,ASPH.N0000,buy,867840,0.6,520704,5831.8848,inception
2026-10-07,v0-52w,max_sharpe,ATL.N0000,buy,21220,21.5,456230,5109.776,inception
2026-10-07,v0-52w,max_sharpe,BOGA.N0000,buy,1794,117.5,210795,2360.904,inception
2026-10-07,v0-52w,max_sharpe,CALT.N0000,buy,6496,41.2,267635.2,2997.51424,inception
2026-10-07,v0-52w,max_sharpe,CFIN.N0000,buy,671,206,138226,1548.1312,inception
2026-10-07,v0-52w,max_sharpe,CITW.N0000,buy,36018,1.5,54027,605.1024,inception
2026-10-07,v0-52w,max_sharpe,CLND.N0000,buy,693,45.6,31600.8,353.92896,inception
2026-10-07,v0-52w,max_sharpe,DIPD.N0000,buy,4186,58.2,243625.2,2728.60224,inception
2026-10-07,v0-52w,max_sharpe,DOCK.N0000,buy,951,117,111267,1246.1904,inception
2026-10-07,v0-52w,max_sharpe,GRAN.N0000,buy,331,458,151598,1697.8976,inception
2026-10-07,v0-52w,max_sharpe,HAYC.N0000,buy,2242,203.5,456247,5109.9664,inception
2026-10-07,v0-52w,max_sharpe,HBS.N0000,buy,32270,21,677670,7589.904,inception
2026-10-07,v0-52w,max_sharpe,HDFC.N0000,buy,3947,60,236820,2652.384,inception
2026-10-07,v0-52w,max_sharpe,HEXP.N0000,buy,999,150,149850,1678.32,inception
2026-10-07,v0-52w,max_sharpe,HNB.X0000,buy,144,319.5,46008,515.2896,inception
2026-10-07,v0-52w,max_sharpe,JINS.N0000,buy,9622,35.4,340618.8,3814.93056,inception
2026-10-07,v0-52w,max_sharpe,KCAB.N0000,buy,2151,96,206496,2312.7552,inception
2026-10-07,v0-52w,max_sharpe,KZOO.N0000,buy,39284,7.5,294630,3299.856,inception
2026-10-07,v0-52w,max_sharpe,LFIN.N0000,buy,3350,147,492450,5515.44,inception
2026-10-07,v0-52w,max_sharpe,LGL.N0000,buy,2814,40.7,114529.8,1282.73376,inception
2026-10-07,v0-52w,max_sharpe,LGL.X0000,buy,474,30,14220,159.264,inception
2026-10-07,v0-52w,max_sharpe,LIOC.N0000,buy,2243,127,284861,3190.4432,inception
2026-10-07,v0-52w,max_sharpe,LLUB.N0000,buy,369,205.5,75829.5,849.2904,inception
2026-10-07,v0-52w,max_sharpe,MGT.N0000,buy,8355,24.3,203026.5,2273.8968,inception
2026-10-07,v0-52w,max_sharpe,NAMU.N0000,buy,10128,65,658320,7373.184,inception
2026-10-07,v0-52w,max_sharpe,NDB.N0000,buy,2858,107,305806,3425.0272,inception
2026-10-07,v0-52w,max_sharpe,OSEA.N0000,buy,349,51.2,17868.8,200.13056,inception
2026-10-07,v0-52w,max_sharpe,RHL.N0000,buy,10992,37.1,407803.2,4567.39584,inception
2026-10-07,v0-52w,max_sharpe,SDB.N0000,buy,5091,48,244368,2736.9216,inception
2026-10-07,v0-52w,max_sharpe,SEMB.N0000,buy,33042,1.1,36346.2,407.07744,inception
2026-10-07,v0-52w,max_sharpe,SPEN.N0000,buy,2493,135.5,337801.5,3783.3768,inception
2026-10-07,v0-52w,max_sharpe,TAFL.N0000,buy,389,618.75,240693.75,2695.77,inception
2026-10-07,v0-52w,max_sharpe,TYRE.N0000,buy,4535,80.1,363253.5,4068.4392,inception
2026-10-07,v0-52w,max_sharpe,VLL.N0000,buy,7853,22,172766,1934.9792,inception
2026-10-07,v0-52w,max_sharpe,YORK.N0000,buy,16422,8.5,139587,1563.3744,inception
2026-10-07,v0-52w,equal_weight,AAF.N0000,buy,1558,45,70110,785.232,inception
2026-10-07,v0-52w,equal_weight,AAIC.N0000,buy,927,75.6,70081.2,784.90944,inception
2026-10-07,v0-52w,equal_weight,ABL.N0000,buy,2862,24.5,70119,785.3328,inception
2026-10-07,v0-52w,equal_weight,ACL.N0000,buy,770,91,70070,784.784,inception
2026-10-07,v0-52w,equal_weight,ACME.N0000,buy,18456,3.8,70132.8,785.48736,inception
2026-10-07,v0-52w,equal_weight,AEL.N0000,buy,885,79.2,70092,785.0304,inception
2026-10-07,v0-52w,equal_weight,AGST.N0000,buy,5702,12.3,70134.6,785.50752,inception
2026-10-07,v0-52w,equal_weight,AHUN.N0000,buy,855,82,70110,785.232,inception
2026-10-07,v0-52w,equal_weight,ALLI.N0000,buy,229,305.5,69959.5,783.5464,inception
2026-10-07,v0-52w,equal_weight,ALUM.N0000,buy,4614,15.2,70132.8,785.48736,inception
2026-10-07,v0-52w,equal_weight,AMSL.N0000,buy,6944,10.1,70134.4,785.50528,inception
2026-10-07,v0-52w,equal_weight,APLA.N0000,buy,435,161,70035,784.392,inception
2026-10-07,v0-52w,equal_weight,ASCO.N0000,buy,1440,48.7,70128,785.4336,inception
2026-10-07,v0-52w,equal_weight,ASHO.N0000,buy,27,2591.25,69963.75,783.594,inception
2026-10-07,v0-52w,equal_weight,ASIR.N0000,buy,2578,27.2,70121.6,785.36192,inception
2026-10-07,v0-52w,equal_weight,ASIY.N0000,buy,5119,13.7,70130.3,785.45936,inception
2026-10-07,v0-52w,equal_weight,ASPH.N0000,buy,116894,0.6,70136.4,785.52768,inception
2026-10-07,v0-52w,equal_weight,ATL.N0000,buy,3262,21.5,70133,785.4896,inception
2026-10-07,v0-52w,equal_weight,BFL.N0000,buy,817,85.8,70098.6,785.10432,inception
2026-10-07,v0-52w,equal_weight,BIL.N0000,buy,14611,4.8,70132.8,785.48736,inception
2026-10-07,v0-52w,equal_weight,BOGA.N0000,buy,596,117.5,70030,784.336,inception
2026-10-07,v0-52w,equal_weight,BRWN.N0000,buy,561,125,70125,785.4,inception
2026-10-07,v0-52w,equal_weight,CALH.N0000,buy,5893,11.9,70126.7,785.41904,inception
2026-10-07,v0-52w,equal_weight,CALT.N0000,buy,1702,41.2,70122.4,785.37088,inception
2026-10-07,v0-52w,equal_weight,CBNK.N0000,buy,9741,7.2,70135.2,785.51424,inception
2026-10-07,v0-52w,equal_weight,CCS.N0000,buy,594,118,70092,785.0304,inception
2026-10-07,v0-52w,equal_weight,CDB.X0000,buy,2460,28.5,70110,785.232,inception
2026-10-07,v0-52w,equal_weight,CFIN.N0000,buy,340,206,70040,784.448,inception
2026-10-07,v0-52w,equal_weight,CFVF.N0000,buy,1870,37.5,70125,785.4,inception
2026-10-07,v0-52w,equal_weight,CIC.N0000,buy,2597,27,70119,785.3328,inception
2026-10-07,v0-52w,equal_weight,CIC.X0000,buy,3131,22.4,70134.4,785.50528,inception
2026-10-07,v0-52w,equal_weight,CIND.N0000,buy,345,203,70035,784.392,inception
2026-10-07,v0-52w,equal_weight,CINV.N0000,buy,680,103,70040,784.448,inception
2026-10-07,v0-52w,equal_weight,CITH.N0000,buy,15247,4.6,70136.2,785.52544,inception
2026-10-07,v0-52w,equal_weight,CITW.N0000,buy,46757,1.5,70135.5,785.5176,inception
2026-10-07,v0-52w,equal_weight,CLND.N0000,buy,1538,45.6,70132.8,785.48736,inception
2026-10-07,v0-52w,equal_weight,COCO.N0000,buy,3404,20.6,70122.4,785.37088,inception
2026-10-07,v0-52w,equal_weight,COCR.N0000,buy,739,94.9,70131.1,785.46832,inception
2026-10-07,v0-52w,equal_weight,COMB.N0000,buy,350,200,70000,784,inception
2026-10-07,v0-52w,equal_weight,COMB.X0000,buy,382,183.25,70001.5,784.0168,inception
2026-10-07,v0-52w,equal_weight,COOP.N0000,buy,23378,3,70134,785.5008,inception
2026-10-07,v0-52w,equal_weight,CRL.N0000,buy,20628,3.4,70135.2,785.51424,inception
2026-10-07,v0-52w,equal_weight,CSLK.N0000,buy,5273,13.3,70130.9,785.46608,inception
2026-10-07,v0-52w,equal_weight,CTC.N0000,buy,39,1783.5,69556.5,779.0328,inception
2026-10-07,v0-52w,equal_weight,DFCC.N0000,buy,590,118.75,70062.5,784.7,inception
2026-10-07,v0-52w,equal_weight,DIAL.N0000,buy,1569,44.7,70134.3,785.50416,inception
2026-10-07,v0-52w,equal_weight,DIMO.N0000,buy,51,1369,69819,781.9728,inception
2026-10-07,v0-52w,equal_weight,DIPD.N0000,buy,1205,58.2,70131,785.4672,inception
2026-10-07,v0-52w,equal_weight,DIST.N0000,buy,1333,52.6,70115.8,785.29696,inception
2026-10-07,v0-52w,equal_weight,DOCK.N0000,buy,599,117,70083,784.9296,inception
2026-10-07,v0-52w,equal_weight,EAST.N0000,buy,1001,70,70070,784.784,inception
2026-10-07,v0-52w,equal_weight,EBCR.N0000,buy,2062,34,70108,785.2096,inception
2026-10-07,v0-52w,equal_weight,EML.N0000,buy,8878,7.9,70136.2,785.52544,inception
2026-10-07,v0-52w,equal_weight,FCT.N0000,buy,2971,23.6,70115.6,785.29472,inception
2026-10-07,v0-52w,equal_weight,GRAN.N0000,buy,153,458,70074,784.8288,inception
2026-10-07,v0-52w,equal_weight,HASU.N0000,buy,500,140,70000,784,inception
2026-10-07,v0-52w,equal_weight,HAYC.N0000,buy,344,203.5,70004,784.0448,inception
2026-10-07,v0-52w,equal_weight,HAYL.N0000,buy,315,222.5,70087.5,784.98,inception
2026-10-07,v0-52w,equal_weight,HBS.N0000,buy,3339,21,70119,785.3328,inception
2026-10-07,v0-52w,equal_weight,HDFC.N0000,buy,1168,60,70080,784.896,inception
2026-10-07,v0-52w,equal_weight,HEXP.N0000,buy,467,150,70050,784.56,inception
2026-10-07,v0-52w,equal_weight,HHL.N0000,buy,2240,31.3,70112,785.2544,inception
2026-10-07,v0-52w,equal_weight,HNB.N0000,buy,184,379.25,69782,781.5584,inception
2026-10-07,v0-52w,equal_weight,HNB.X0000,buy,219,319.5,69970.5,783.6696,inception
2026-10-07,v0-52w,equal_weight,HNBF.N0000,buy,9351,7.5,70132.5,785.484,inception
2026-10-07,v0-52w,equal_weight,HVA.N0000,buy,17106,4.1,70134.6,785.50752,inception
2026-10-07,v0-52w,equal_weight,JAT.N0000,buy,2164,32.4,70113.6,785.27232,inception
2026-10-07,v0-52w,equal_weight,JETS.N0000,buy,5045,13.9,70125.5,785.4056,inception
2026-10-07,v0-52w,equal_weight,JINS.N0000,buy,1981,35.4,70127.4,785.42688,inception
2026-10-07,v0-52w,equal_weight,JKH.N0000,buy,3811,18.4,70122.4,785.37088,inception
2026-10-07,v0-52w,equal_weight,KCAB.N0000,buy,730,96,70080,784.896,inception
2026-10-07,v0-52w,equal_weight,KHL.N0000,buy,4584,15.3,70135.2,785.51424,inception
2026-10-07,v0-52w,equal_weight,KOTA.N0000,buy,9351,7.5,70132.5,785.484,inception
2026-10-07,v0-52w,equal_weight,KPHL.N0000,buy,4276,16.4,70126.4,785.41568,inception
2026-10-07,v0-52w,equal_weight,KZOO.N0000,buy,9351,7.5,70132.5,785.484,inception
2026-10-07,v0-52w,equal_weight,LALU.N0000,buy,2003,35,70105,785.176,inception
2026-10-07,v0-52w,equal_weight,LCBF.N0000,buy,12524,5.6,70134.4,785.50528,inception
2026-10-07,v0-52w,equal_weight,LFIN.N0000,buy,477,147,70119,785.3328,inception
2026-10-07,v0-52w,equal_weight,LGL.N0000,buy,1723,40.7,70126.1,785.41232,inception
2026-10-07,v0-52w,equal_weight,LGL.X0000,buy,2337,30,70110,785.232,inception
2026-10-07,v0-52w,equal_weight,LIOC.N0000,buy,552,127,70104,785.1648,inception
2026-10-07,v0-52w,equal_weight,LLUB.N0000,buy,341,205.5,70075.5,784.8456,inception
2026-10-07,v0-52w,equal_weight,LMF.N0000,buy,844,83.1,70136.4,785.52768,inception
2026-10-07,v0-52w,equal_weight,LOFC.N0000,buy,14027,5,70135,785.512,inception
2026-10-07,v0-52w,equal_weight,LOLC.N0000,buy,163,428,69764,781.3568,inception
2026-10-07,v0-52w,equal_weight,LUMX.N0000,buy,8767,8,70136,785.5232,inception
2026-10-07,v0-52w,equal_weight,LVEF.N0000,buy,12304,5.7,70132.8,785.48736,inception
2026-10-07,v0-52w,equal_weight,LWL.N0000,buy,1662,42.2,70136.4,785.52768,inception
2026-10-07,v0-52w,equal_weight,MBSL.N0000,buy,7792,9,70128,785.4336,inception
2026-10-07,v0-52w,equal_weight,MELS.N0000,buy,386,181.5,70059,784.6608,inception
2026-10-07,v0-52w,equal_weight,MFPE.N0000,buy,4836,14.5,70122,785.3664,inception
2026-10-07,v0-52w,equal_weight,MGT.N0000,buy,2886,24.3,70129.8,785.45376,inception
2026-10-07,v0-52w,equal_weight,NAMU.N0000,buy,1079,65,70135,785.512,inception
2026-10-07,v0-52w,equal_weight,NDB.N0000,buy,655,107,70085,784.952,inception
2026-10-07,v0-52w,equal_weight,NHL.N0000,buy,6318,11.1,70129.8,785.45376,inception
2026-10-07,v0-52w,equal_weight,OSEA.N0000,buy,1369,51.2,70092.8,785.03936,inception
2026-10-07,v0-52w,equal_weight,PABC.N0000,buy,1405,49.9,70109.5,785.2264,inception
2026-10-07,v0-52w,equal_weight,PAP.N0000,buy,5479,12.8,70131.2,785.46944,inception
2026-10-07,v0-52w,equal_weight,PARQ.N0000,buy,884,79.3,70101.2,785.13344,inception
2026-10-07,v0-52w,equal_weight,PKME.N0000,buy,453,154.5,69988.5,783.8712,inception
2026-10-07,v0-52w,equal_weight,PLC.N0000,buy,4125,17,70125,785.4,inception
2026-10-07,v0-52w,equal_weight,PLR.N0000,buy,1875,37.4,70125,785.4,inception
2026-10-07,v0-52w,equal_weight,RAL.N0000,buy,6494,10.8,70135.2,785.51424,inception
2026-10-07,v0-52w,equal_weight,RCL.N0000,buy,1612,43.5,70122,785.3664,inception
2026-10-07,v0-52w,equal_weight,REEF.N0000,buy,21253,3.3,70134.9,785.51088,inception
2026-10-07,v0-52w,equal_weight,RHL.N0000,buy,1890,37.1,70119,785.3328,inception
2026-10-07,v0-52w,equal_weight,RICH.N0000,buy,2697,26,70122,785.3664,inception
2026-10-07,v0-52w,equal_weight,RIL.N0000,buy,3232,21.7,70134.4,785.50528,inception
2026-10-07,v0-52w,equal_weight,RWSL.N0000,buy,4007,17.5,70122.5,785.372,inception
2026-10-07,v0-52w,equal_weight,SAMP.N0000,buy,500,140,70000,784,inception
2026-10-07,v0-52w,equal_weight,SCAP.N0000,buy,7792,9,70128,785.4336,inception
2026-10-07,v0-52w,equal_weight,SDB.N0000,buy,1461,48,70128,785.4336,inception
2026-10-07,v0-52w,equal_weight,SEMB.N0000,buy,63760,1.1,70136,785.5232,inception
2026-10-07,v0-52w,equal_weight,SERV.N0000,buy,5273,13.3,70130.9,785.46608,inception
2026-10-07,v0-52w,equal_weight,SEYB.N0000,buy,786,89.2,70111.2,785.24544,inception
2026-10-07,v0-52w,equal_weight,SEYB.X0000,buy,1072,65.4,70108.8,785.21856,inception
2026-10-07,v0-52w,equal_weight,SFIN.N0000,buy,1579,44.4,70107.6,785.20512,inception
2026-10-07,v0-52w,equal_weight,SHAW.N0000,buy,246,285,70110,785.232,inception
2026-10-07,v0-52w,equal_weight,SHL.N0000,buy,10626,6.6,70131.6,785.47392,inception
2026-10-07,v0-52w,equal_weight,SINH.N0000,buy,3217,21.8,70130.6,785.46272,inception
2026-10-07,v0-52w,equal_weight,SINS.N0000,buy,937,74.8,70087.6,784.98112,inception
2026-10-07,v0-52w,equal_weight,SIRA.N0000,buy,2044,34.3,70109.2,785.22304,inception
2026-10-07,v0-52w,equal_weight,SLTL.N0000,buy,849,82.6,70127.4,785.42688,inception
2026-10-07,v0-52w,equal_weight,SPEN.N0000,buy,517,135.5,70053.5,784.5992,inception
2026-10-07,v0-52w,equal_weight,SUN.N0000,buy,2478,28.3,70127.4,785.42688,inception
2026-10-07,v0-52w,equal_weight,TAFL.N0000,buy,113,618.75,69918.75,783.09,inception
2026-10-07,v0-52w,equal_weight,TAP.N0000,buy,2393,29.3,70114.9,785.28688,inception
2026-10-07,v0-52w,equal_weight,TJL.N0000,buy,2377,29.5,70121.5,785.3608,inception
2026-10-07,v0-52w,equal_weight,TKYO.N0000,buy,887,79,70073,784.8176,inception
2026-10-07,v0-52w,equal_weight,TKYO.X0000,buy,1170,59.9,70083,784.9296,inception
2026-10-07,v0-52w,equal_weight,TYRE.N0000,buy,875,80.1,70087.5,784.98,inception
2026-10-07,v0-52w,equal_weight,UBF.N0000,buy,35068,2,70136,785.5232,inception
2026-10-07,v0-52w,equal_weight,UML.N0000,buy,3036,23.1,70131.6,785.47392,inception
2026-10-07,v0-52w,equal_weight,VFIN.N0000,buy,841,83.3,70055.3,784.61936,inception
2026-10-07,v0-52w,equal_weight,VLL.N0000,buy,3188,22,70136,785.5232,inception
2026-10-07,v0-52w,equal_weight,VONE.N0000,buy,798,87.8,70064.4,784.72128,inception
2026-10-07,v0-52w,equal_weight,VPEL.N0000,buy,4771,14.7,70133.7,785.49744,inception
2026-10-07,v0-52w,equal_weight,WAPO.N0000,buy,4125,17,70125,785.4,inception
2026-10-07,v0-52w,equal_weight,WATA.N0000,buy,1482,47.3,70098.6,785.10432,inception
2026-10-07,v0-52w,equal_weight,WIND.N0000,buy,1766,39.7,70110.2,785.23424,inception
2026-10-07,v0-52w,equal_weight,YORK.N0000,buy,8251,8.5,70133.5,785.4952,inception
2026-10-07,v1-52w-grp20,min_variance,ABL.N0000,buy,4457,24.5,109196.5,1223.0008,inception
2026-10-07,v1-52w-grp20,min_variance,AEL.N0000,buy,612,79.2,48470.4,542.86848,inception
2026-10-07,v1-52w-grp20,min_variance,ALLI.N0000,buy,840,305.5,256620,2874.144,inception
2026-10-07,v1-52w-grp20,min_variance,ALUM.N0000,buy,27037,15.2,410962.4,4602.77888,inception
2026-10-07,v1-52w-grp20,min_variance,ASPH.N0000,buy,258723,0.6,155233.8,1738.61856,inception
2026-10-07,v1-52w-grp20,min_variance,BIL.N0000,buy,6863,4.8,32942.4,368.95488,inception
2026-10-07,v1-52w-grp20,min_variance,CALH.N0000,buy,19746,11.9,234977.4,2631.74688,inception
2026-10-07,v1-52w-grp20,min_variance,CALT.N0000,buy,6491,41.2,267429.2,2995.20704,inception
2026-10-07,v1-52w-grp20,min_variance,CBNK.N0000,buy,113167,7.2,814802.4,9125.78688,inception
2026-10-07,v1-52w-grp20,min_variance,CDB.X0000,buy,38,28.5,1083,12.1296,inception
2026-10-07,v1-52w-grp20,min_variance,CFIN.N0000,buy,143,206,29458,329.9296,inception
2026-10-07,v1-52w-grp20,min_variance,CITW.N0000,buy,247810,1.5,371715,4163.208,inception
2026-10-07,v1-52w-grp20,min_variance,COMB.X0000,buy,803,183.25,147149.75,1648.0772,inception
2026-10-07,v1-52w-grp20,min_variance,CSLK.N0000,buy,12956,13.3,172314.8,1929.92576,inception
2026-10-07,v1-52w-grp20,min_variance,CTC.N0000,buy,554,1783.5,988059,11066.2608,inception
2026-10-07,v1-52w-grp20,min_variance,DIST.N0000,buy,5913,52.6,311023.8,3483.46656,inception
2026-10-07,v1-52w-grp20,min_variance,HASU.N0000,buy,711,140,99540,1114.848,inception
2026-10-07,v1-52w-grp20,min_variance,HAYC.N0000,buy,317,203.5,64509.5,722.5064,inception
2026-10-07,v1-52w-grp20,min_variance,HNB.N0000,buy,469,379.25,177868.25,1992.1244,inception
2026-10-07,v1-52w-grp20,min_variance,JAT.N0000,buy,1393,32.4,45133.2,505.49184,inception
2026-10-07,v1-52w-grp20,min_variance,JKH.N0000,buy,5493,18.4,101071.2,1131.99744,inception
2026-10-07,v1-52w-grp20,min_variance,LIOC.N0000,buy,6066,127,770382,8628.2784,inception
2026-10-07,v1-52w-grp20,min_variance,LLUB.N0000,buy,2353,205.5,483541.5,5415.6648,inception
2026-10-07,v1-52w-grp20,min_variance,LOFC.N0000,buy,19176,5,95880,1073.856,inception
2026-10-07,v1-52w-grp20,min_variance,LOLC.N0000,buy,1134,428,485352,5435.9424,inception
2026-10-07,v1-52w-grp20,min_variance,MELS.N0000,buy,1628,181.5,295482,3309.3984,inception
2026-10-07,v1-52w-grp20,min_variance,MGT.N0000,buy,18852,24.3,458103.6,5130.76032,inception
2026-10-07,v1-52w-grp20,min_variance,NDB.N0000,buy,3173,107,339511,3802.5232,inception
2026-10-07,v1-52w-grp20,min_variance,PARQ.N0000,buy,4680,79.3,371124,4156.5888,inception
2026-10-07,v1-52w-grp20,min_variance,SAMP.N0000,buy,2482,140,347480,3891.776,inception
2026-10-07,v1-52w-grp20,min_variance,SEYB.N0000,buy,563,89.2,50219.6,562.45952,inception
2026-10-07,v1-52w-grp20,min_variance,SPEN.N0000,buy,3217,135.5,435903.5,4882.1192,inception
2026-10-07,v1-52w-grp20,min_variance,TKYO.X0000,buy,1081,59.9,64751.9,725.22128,inception
2026-10-07,v1-52w-grp20,min_variance,TYRE.N0000,buy,9696,80.1,776649.6,8698.47552,inception
2026-10-07,v1-52w-grp20,min_variance,VPEL.N0000,buy,4677,14.7,68751.9,770.02128,inception
2026-10-07,v1-52w-grp20,min_variance,WIND.N0000,buy,99,39.7,3930.3,44.01936,inception
2026-10-07,v1-52w-grp20,risk_parity,AAF.N0000,buy,1516,45,68220,764.064,inception
2026-10-07,v1-52w-grp20,risk_parity,AAIC.N0000,buy,927,75.6,70081.2,784.90944,inception
2026-10-07,v1-52w-grp20,risk_parity,ABL.N0000,buy,3357,24.5,82246.5,921.1608,inception
2026-10-07,v1-52w-grp20,risk_parity,ACL.N0000,buy,790,91,71890,805.168,inception
2026-10-07,v1-52w-grp20,risk_parity,ACME.N0000,buy,9232,3.8,35081.6,392.91392,inception
2026-10-07,v1-52w-grp20,risk_parity,AEL.N0000,buy,1058,79.2,83793.6,938.48832,inception
2026-10-07,v1-52w-grp20,risk_parity,AGST.N0000,buy,5008,12.3,61598.4,689.90208,inception
2026-10-07,v1-52w-grp20,risk_parity,AHUN.N0000,buy,823,82,67486,755.8432,inception
2026-10-07,v1-52w-grp20,risk_parity,ALLI.N0000,buy,302,305.5,92261,1033.3232,inception
2026-10-07,v1-52w-grp20,risk_parity,ALUM.N0000,buy,7415,15.2,112708,1262.3296,inception
2026-10-07,v1-52w-grp20,risk_parity,AMSL.N0000,buy,4032,10.1,40723.2,456.09984,inception
2026-10-07,v1-52w-grp20,risk_parity,APLA.N0000,buy,364,161,58604,656.3648,inception
2026-10-07,v1-52w-grp20,risk_parity,ASCO.N0000,buy,706,48.7,34382.2,385.08064,inception
2026-10-07,v1-52w-grp20,risk_parity,ASHO.N0000,buy,15,2591.25,38868.75,435.33,inception
2026-10-07,v1-52w-grp20,risk_parity,ASIR.N0000,buy,2327,27.2,63294.4,708.89728,inception
2026-10-07,v1-52w-grp20,risk_parity,ASIY.N0000,buy,2792,13.7,38250.4,428.40448,inception
2026-10-07,v1-52w-grp20,risk_parity,ASPH.N0000,buy,176821,0.6,106092.6,1188.23712,inception
2026-10-07,v1-52w-grp20,risk_parity,ATL.N0000,buy,3208,21.5,68972,772.4864,inception
2026-10-07,v1-52w-grp20,risk_parity,BFL.N0000,buy,541,85.8,46417.8,519.87936,inception
2026-10-07,v1-52w-grp20,risk_parity,BIL.N0000,buy,17044,4.8,81811.2,916.28544,inception
2026-10-07,v1-52w-grp20,risk_parity,BOGA.N0000,buy,365,117.5,42887.5,480.34,inception
2026-10-07,v1-52w-grp20,risk_parity,BRWN.N0000,buy,610,125,76250,854,inception
2026-10-07,v1-52w-grp20,risk_parity,CALH.N0000,buy,8305,11.9,98829.5,1106.8904,inception
2026-10-07,v1-52w-grp20,risk_parity,CALT.N0000,buy,3003,41.2,123723.6,1385.70432,inception
2026-10-07,v1-52w-grp20,risk_parity,CBNK.N0000,buy,21006,7.2,151243.2,1693.92384,inception
2026-10-07,v1-52w-grp20,risk_parity,CCS.N0000,buy,642,118,75756,848.4672,inception
2026-10-07,v1-52w-grp20,risk_parity,CDB.X0000,buy,2745,28.5,78232.5,876.204,inception
2026-10-07,v1-52w-grp20,risk_parity,CFIN.N0000,buy,387,206,79722,892.8864,inception
2026-10-07,v1-52w-grp20,risk_parity,CFVF.N0000,buy,1613,37.5,60487.5,677.46,inception
2026-10-07,v1-52w-grp20,risk_parity,CIC.N0000,buy,2395,27,64665,724.248,inception
2026-10-07,v1-52w-grp20,risk_parity,CIC.X0000,buy,2782,22.4,62316.8,697.94816,inception
2026-10-07,v1-52w-grp20,risk_parity,CIND.N0000,buy,393,203,79779,893.5248,inception
2026-10-07,v1-52w-grp20,risk_parity,CINV.N0000,buy,536,103,55208,618.3296,inception
2026-10-07,v1-52w-grp20,risk_parity,CITH.N0000,buy,9567,4.6,44008.2,492.89184,inception
2026-10-07,v1-52w-grp20,risk_parity,CITW.N0000,buy,83398,1.5,125097,1401.0864,inception
2026-10-07,v1-52w-grp20,risk_parity,CLND.N0000,buy,1375,45.6,62700,702.24,inception
2026-10-07,v1-52w-grp20,risk_parity,COCO.N0000,buy,2084,20.6,42930.4,480.82048,inception
2026-10-07,v1-52w-grp20,risk_parity,COCR.N0000,buy,596,94.9,56560.4,633.47648,inception
2026-10-07,v1-52w-grp20,risk_parity,COMB.N0000,buy,372,200,74400,833.28,inception
2026-10-07,v1-52w-grp20,risk_parity,COMB.X0000,buy,447,183.25,81912.75,917.4228,inception
2026-10-07,v1-52w-grp20,risk_parity,COOP.N0000,buy,15300,3,45900,514.08,inception
2026-10-07,v1-52w-grp20,risk_parity,CRL.N0000,buy,15294,3.4,51999.6,582.39552,inception
2026-10-07,v1-52w-grp20,risk_parity,CSLK.N0000,buy,7397,13.3,98380.1,1101.85712,inception
2026-10-07,v1-52w-grp20,risk_parity,CTC.N0000,buy,156,1783.5,278226,3116.1312,inception
2026-10-07,v1-52w-grp20,risk_parity,DFCC.N0000,buy,634,118.75,75287.5,843.22,inception
2026-10-07,v1-52w-grp20,risk_parity,DIAL.N0000,buy,1700,44.7,75990,851.088,inception
2026-10-07,v1-52w-grp20,risk_parity,DIMO.N0000,buy,40,1369,54760,613.312,inception
2026-10-07,v1-52w-grp20,risk_parity,DIPD.N0000,buy,1495,58.2,87009,974.5008,inception
2026-10-07,v1-52w-grp20,risk_parity,DIST.N0000,buy,1979,52.6,104095.4,1165.86848,inception
2026-10-07,v1-52w-grp20,risk_parity,DOCK.N0000,buy,365,117,42705,478.296,inception
2026-10-07,v1-52w-grp20,risk_parity,EAST.N0000,buy,1049,70,73430,822.416,inception
2026-10-07,v1-52w-grp20,risk_parity,EBCR.N0000,buy,2262,34,76908,861.3696,inception
2026-10-07,v1-52w-grp20,risk_parity,EML.N0000,buy,4103,7.9,32413.7,363.03344,inception
2026-10-07,v1-52w-grp20,risk_parity,FCT.N0000,buy,3483,23.6,82198.8,920.62656,inception
2026-10-07,v1-52w-grp20,risk_parity,GRAN.N0000,buy,114,458,52212,584.7744,inception
2026-10-07,v1-52w-grp20,risk_parity,HASU.N0000,buy,599,140,83860,939.232,inception
2026-10-07,v1-52w-grp20,risk_parity,HAYC.N0000,buy,451,203.5,91778.5,1027.9192,inception
2026-10-07,v1-52w-grp20,risk_parity,HAYL.N0000,buy,333,222.5,74092.5,829.836,inception
2026-10-07,v1-52w-grp20,risk_parity,HBS.N0000,buy,2737,21,57477,643.7424,inception
2026-10-07,v1-52w-grp20,risk_parity,HDFC.N0000,buy,709,60,42540,476.448,inception
2026-10-07,v1-52w-grp20,risk_parity,HEXP.N0000,buy,332,150,49800,557.76,inception
2026-10-07,v1-52w-grp20,risk_parity,HHL.N0000,buy,2435,31.3,76215.5,853.6136,inception
2026-10-07,v1-52w-grp20,risk_parity,HNB.N0000,buy,237,379.25,89882.25,1006.6812,inception
2026-10-07,v1-52w-grp20,risk_parity,HNB.X0000,buy,214,319.5,68373,765.7776,inception
2026-10-07,v1-52w-grp20,risk_parity,HNBF.N0000,buy,7198,7.5,53985,604.632,inception
2026-10-07,v1-52w-grp20,risk_parity,HVA.N0000,buy,10335,4.1,42373.5,474.5832,inception
2026-10-07,v1-52w-grp20,risk_parity,JAT.N0000,buy,2426,32.4,78602.4,880.34688,inception
2026-10-07,v1-52w-grp20,risk_parity,JETS.N0000,buy,5368,13.9,74615.2,835.69024,inception
2026-10-07,v1-52w-grp20,risk_parity,JINS.N0000,buy,1532,35.4,54232.8,607.40736,inception
2026-10-07,v1-52w-grp20,risk_parity,JKH.N0000,buy,4760,18.4,87584,980.9408,inception
2026-10-07,v1-52w-grp20,risk_parity,KCAB.N0000,buy,689,96,66144,740.8128,inception
2026-10-07,v1-52w-grp20,risk_parity,KHL.N0000,buy,4432,15.3,67809.6,759.46752,inception
2026-10-07,v1-52w-grp20,risk_parity,KOTA.N0000,buy,7360,7.5,55200,618.24,inception
2026-10-07,v1-52w-grp20,risk_parity,KPHL.N0000,buy,1939,16.4,31799.6,356.15552,inception
2026-10-07,v1-52w-grp20,risk_parity,KZOO.N0000,buy,4902,7.5,36765,411.768,inception
2026-10-07,v1-52w-grp20,risk_parity,LALU.N0000,buy,1908,35,66780,747.936,inception
2026-10-07,v1-52w-grp20,risk_parity,LCBF.N0000,buy,6677,5.6,37391.2,418.78144,inception
2026-10-07,v1-52w-grp20,risk_parity,LFIN.N0000,buy,559,147,82173,920.3376,inception
2026-10-07,v1-52w-grp20,risk_parity,LGL.N0000,buy,1214,40.7,49409.8,553.38976,inception
2026-10-07,v1-52w-grp20,risk_parity,LGL.X0000,buy,1434,30,43020,481.824,inception
2026-10-07,v1-52w-grp20,risk_parity,LIOC.N0000,buy,1230,127,156210,1749.552,inception
2026-10-07,v1-52w-grp20,risk_parity,LLUB.N0000,buy,570,205.5,117135,1311.912,inception
2026-10-07,v1-52w-grp20,risk_parity,LMF.N0000,buy,674,83.1,56009.4,627.30528,inception
2026-10-07,v1-52w-grp20,risk_parity,LOFC.N0000,buy,18963,5,94815,1061.928,inception
2026-10-07,v1-52w-grp20,risk_parity,LOLC.N0000,buy,279,428,119412,1337.4144,inception
2026-10-07,v1-52w-grp20,risk_parity,LUMX.N0000,buy,7470,8,59760,669.312,inception
2026-10-07,v1-52w-grp20,risk_parity,LVEF.N0000,buy,11375,5.7,64837.5,726.18,inception
2026-10-07,v1-52w-grp20,risk_parity,LWL.N0000,buy,1629,42.2,68743.8,769.93056,inception
2026-10-07,v1-52w-grp20,risk_parity,MBSL.N0000,buy,3918,9,35262,394.9344,inception
2026-10-07,v1-52w-grp20,risk_parity,MELS.N0000,buy,550,181.5,99825,1118.04,inception
2026-10-07,v1-52w-grp20,risk_parity,MFPE.N0000,buy,5556,14.5,80562,902.2944,inception
2026-10-07,v1-52w-grp20,risk_parity,MGT.N0000,buy,4948,24.3,120236.4,1346.64768,inception
2026-10-07,v1-52w-grp20,risk_parity,NAMU.N0000,buy,1025,65,66625,746.2,inception
2026-10-07,v1-52w-grp20,risk_parity,NDB.N0000,buy,1007,107,107749,1206.7888,inception
2026-10-07,v1-52w-grp20,risk_parity,NHL.N0000,buy,3349,11.1,37173.9,416.34768,inception
2026-10-07,v1-52w-grp20,risk_parity,OSEA.N0000,buy,1103,51.2,56473.6,632.50432,inception
2026-10-07,v1-52w-grp20,risk_parity,PABC.N0000,buy,1554,49.9,77544.6,868.49952,inception
2026-10-07,v1-52w-grp20,risk_parity,PAP.N0000,buy,5465,12.8,69952,783.4624,inception
2026-10-07,v1-52w-grp20,risk_parity,PARQ.N0000,buy,1519,79.3,120456.7,1349.11504,inception
2026-10-07,v1-52w-grp20,risk_parity,PKME.N0000,buy,419,154.5,64735.5,725.0376,inception
2026-10-07,v1-52w-grp20,risk_parity,PLC.N0000,buy,3436,17,58412,654.2144,inception
2026-10-07,v1-52w-grp20,risk_parity,PLR.N0000,buy,1031,37.4,38559.4,431.86528,inception
2026-10-07,v1-52w-grp20,risk_parity,RAL.N0000,buy,3472,10.8,37497.6,419.97312,inception
2026-10-07,v1-52w-grp20,risk_parity,RCL.N0000,buy,1540,43.5,66990,750.288,inception
2026-10-07,v1-52w-grp20,risk_parity,REEF.N0000,buy,16849,3.3,55601.7,622.73904,inception
2026-10-07,v1-52w-grp20,risk_parity,RHL.N0000,buy,1805,37.1,66965.5,750.0136,inception
2026-10-07,v1-52w-grp20,risk_parity,RICH.N0000,buy,2074,26,53924,603.9488,inception
2026-10-07,v1-52w-grp20,risk_parity,RIL.N0000,buy,1951,21.7,42336.7,474.17104,inception
2026-10-07,v1-52w-grp20,risk_parity,RWSL.N0000,buy,2876,17.5,50330,563.696,inception
2026-10-07,v1-52w-grp20,risk_parity,SAMP.N0000,buy,752,140,105280,1179.136,inception
2026-10-07,v1-52w-grp20,risk_parity,SCAP.N0000,buy,5094,9,45846,513.4752,inception
2026-10-07,v1-52w-grp20,risk_parity,SDB.N0000,buy,1191,48,57168,640.2816,inception
2026-10-07,v1-52w-grp20,risk_parity,SEMB.N0000,buy,55133,1.1,60646.3,679.23856,inception
2026-10-07,v1-52w-grp20,risk_parity,SERV.N0000,buy,4042,13.3,53758.6,602.09632,inception
2026-10-07,v1-52w-grp20,risk_parity,SEYB.N0000,buy,937,89.2,83580.4,936.10048,inception
2026-10-07,v1-52w-grp20,risk_parity,SEYB.X0000,buy,1038,65.4,67885.2,760.31424,inception
2026-10-07,v1-52w-grp20,risk_parity,SFIN.N0000,buy,873,44.4,38761.2,434.12544,inception
2026-10-07,v1-52w-grp20,risk_parity,SHAW.N0000,buy,167,285,47595,533.064,inception
2026-10-07,v1-52w-grp20,risk_parity,SHL.N0000,buy,4847,6.6,31990.2,358.29024,inception
2026-10-07,v1-52w-grp20,risk_parity,SINH.N0000,buy,2005,21.8,43709,489.5408,inception
2026-10-07,v1-52w-grp20,risk_parity,SINS.N0000,buy,609,74.8,45553.2,510.19584,inception
2026-10-07,v1-52w-grp20,risk_parity,SIRA.N0000,buy,1678,34.3,57555.4,644.62048,inception
2026-10-07,v1-52w-grp20,risk_parity,SLTL.N0000,buy,758,82.6,62610.8,701.24096,inception
2026-10-07,v1-52w-grp20,risk_parity,SPEN.N0000,buy,860,135.5,116530,1305.136,inception
2026-10-07,v1-52w-grp20,risk_parity,SUN.N0000,buy,2092,28.3,59203.6,663.08032,inception
2026-10-07,v1-52w-grp20,risk_parity,TAFL.N0000,buy,93,618.75,57543.75,644.49,inception
2026-10-07,v1-52w-grp20,risk_parity,TAP.N0000,buy,1749,29.3,51245.7,573.95184,inception
2026-10-07,v1-52w-grp20,risk_parity,TJL.N0000,buy,2759,29.5,81390.5,911.5736,inception
2026-10-07,v1-52w-grp20,risk_parity,TKYO.N0000,buy,1053,79,83187,931.6944,inception
2026-10-07,v1-52w-grp20,risk_parity,TKYO.X0000,buy,1592,59.9,95360.8,1068.04096,inception
2026-10-07,v1-52w-grp20,risk_parity,TYRE.N0000,buy,2241,80.1,179504.1,2010.44592,inception
2026-10-07,v1-52w-grp20,risk_parity,UBF.N0000,buy,24004,2,48008,537.6896,inception
2026-10-07,v1-52w-grp20,risk_parity,UML.N0000,buy,1617,23.1,37352.7,418.35024,inception
2026-10-07,v1-52w-grp20,risk_parity,VFIN.N0000,buy,708,83.3,58976.4,660.53568,inception
2026-10-07,v1-52w-grp20,risk_parity,VLL.N0000,buy,3270,22,71940,805.728,inception
2026-10-07,v1-52w-grp20,risk_parity,VONE.N0000,buy,738,87.8,64796.4,725.71968,inception
2026-10-07,v1-52w-grp20,risk_parity,VPEL.N0000,buy,5745,14.7,84451.5,945.8568,inception
2026-10-07,v1-52w-grp20,risk_parity,WAPO.N0000,buy,2755,17,46835,524.552,inception
2026-10-07,v1-52w-grp20,risk_parity,WATA.N0000,buy,1150,47.3,54395,609.224,inception
2026-10-07,v1-52w-grp20,risk_parity,WIND.N0000,buy,1721,39.7,68323.7,765.22544,inception
2026-10-07,v1-52w-grp20,risk_parity,YORK.N0000,buy,2713,8.5,23060.5,258.2776,inception
2026-10-07,v1-52w-grp20,max_sharpe,ACME.N0000,buy,41251,3.8,156753.8,1755.64256,inception
2026-10-07,v1-52w-grp20,max_sharpe,AGST.N0000,buy,5992,12.3,73701.6,825.45792,inception
2026-10-07,v1-52w-grp20,max_sharpe,AHUN.N0000,buy,5372,82,440504,4933.6448,inception
2026-10-07,v1-52w-grp20,max_sharpe,ALLI.N0000,buy,1508,305.5,460694,5159.7728,inception
2026-10-07,v1-52w-grp20,max_sharpe,APLA.N0000,buy,322,161,51842,580.6304,inception
2026-10-07,v1-52w-grp20,max_sharpe,ASPH.N0000,buy,867840,0.6,520704,5831.8848,inception
2026-10-07,v1-52w-grp20,max_sharpe,ATL.N0000,buy,21220,21.5,456230,5109.776,inception
2026-10-07,v1-52w-grp20,max_sharpe,BOGA.N0000,buy,1794,117.5,210795,2360.904,inception
2026-10-07,v1-52w-grp20,max_sharpe,CALT.N0000,buy,6496,41.2,267635.2,2997.51424,inception
2026-10-07,v1-52w-grp20,max_sharpe,CFIN.N0000,buy,671,206,138226,1548.1312,inception
2026-10-07,v1-52w-grp20,max_sharpe,CITW.N0000,buy,36018,1.5,54027,605.1024,inception
2026-10-07,v1-52w-grp20,max_sharpe,CLND.N0000,buy,693,45.6,31600.8,353.92896,inception
2026-10-07,v1-52w-grp20,max_sharpe,DIPD.N0000,buy,4186,58.2,243625.2,2728.60224,inception
2026-10-07,v1-52w-grp20,max_sharpe,DOCK.N0000,buy,951,117,111267,1246.1904,inception
2026-10-07,v1-52w-grp20,max_sharpe,GRAN.N0000,buy,331,458,151598,1697.8976,inception
2026-10-07,v1-52w-grp20,max_sharpe,HAYC.N0000,buy,2242,203.5,456247,5109.9664,inception
2026-10-07,v1-52w-grp20,max_sharpe,HBS.N0000,buy,32270,21,677670,7589.904,inception
2026-10-07,v1-52w-grp20,max_sharpe,HDFC.N0000,buy,3947,60,236820,2652.384,inception
2026-10-07,v1-52w-grp20,max_sharpe,HEXP.N0000,buy,999,150,149850,1678.32,inception
2026-10-07,v1-52w-grp20,max_sharpe,HNB.X0000,buy,144,319.5,46008,515.2896,inception
2026-10-07,v1-52w-grp20,max_sharpe,JINS.N0000,buy,9622,35.4,340618.8,3814.93056,inception
2026-10-07,v1-52w-grp20,max_sharpe,KCAB.N0000,buy,2151,96,206496,2312.7552,inception
2026-10-07,v1-52w-grp20,max_sharpe,KZOO.N0000,buy,39284,7.5,294630,3299.856,inception
2026-10-07,v1-52w-grp20,max_sharpe,LFIN.N0000,buy,3350,147,492450,5515.44,inception
2026-10-07,v1-52w-grp20,max_sharpe,LGL.N0000,buy,2814,40.7,114529.8,1282.73376,inception
2026-10-07,v1-52w-grp20,max_sharpe,LGL.X0000,buy,474,30,14220,159.264,inception
2026-10-07,v1-52w-grp20,max_sharpe,LIOC.N0000,buy,2243,127,284861,3190.4432,inception
2026-10-07,v1-52w-grp20,max_sharpe,LLUB.N0000,buy,369,205.5,75829.5,849.2904,inception
2026-10-07,v1-52w-grp20,max_sharpe,MGT.N0000,buy,8355,24.3,203026.5,2273.8968,inception
2026-10-07,v1-52w-grp20,max_sharpe,NAMU.N0000,buy,10128,65,658320,7373.184,inception
2026-10-07,v1-52w-grp20,max_sharpe,NDB.N0000,buy,2858,107,305806,3425.0272,inception
2026-10-07,v1-52w-grp20,max_sharpe,OSEA.N0000,buy,349,51.2,17868.8,200.13056,inception
2026-10-07,v1-52w-grp20,max_sharpe,RHL.N0000,buy,10992,37.1,407803.2,4567.39584,inception
2026-10-07,v1-52w-grp20,max_sharpe,SDB.N0000,buy,5091,48,244368,2736.9216,inception
2026-10-07,v1-52w-grp20,max_sharpe,SEMB.N0000,buy,33042,1.1,36346.2,407.07744,inception
2026-10-07,v1-52w-grp20,max_sharpe,SPEN.N0000,buy,2493,135.5,337801.5,3783.3768,inception
2026-10-07,v1-52w-grp20,max_sharpe,TAFL.N0000,buy,389,618.75,240693.75,2695.77,inception
2026-10-07,v1-52w-grp20,max_sharpe,TYRE.N0000,buy,4535,80.1,363253.5,4068.4392,inception
2026-10-07,v1-52w-grp20,max_sharpe,VLL.N0000,buy,7853,22,172766,1934.9792,inception
2026-10-07,v1-52w-grp20,max_sharpe,YORK.N0000,buy,16422,8.5,139587,1563.3744,inception
2026-10-07,v1-52w-grp20,equal_weight,AAF.N0000,buy,1558,45,70110,785.232,inception
2026-10-07,v1-52w-grp20,equal_weight,AAIC.N0000,buy,927,75.6,70081.2,784.90944,inception
2026-10-07,v1-52w-grp20,equal_weight,ABL.N0000,buy,2862,24.5,70119,785.3328,inception
2026-10-07,v1-52w-grp20,equal_weight,ACL.N0000,buy,770,91,70070,784.784,inception
2026-10-07,v1-52w-grp20,equal_weight,ACME.N0000,buy,18456,3.8,70132.8,785.48736,inception
2026-10-07,v1-52w-grp20,equal_weight,AEL.N0000,buy,885,79.2,70092,785.0304,inception
2026-10-07,v1-52w-grp20,equal_weight,AGST.N0000,buy,5702,12.3,70134.6,785.50752,inception
2026-10-07,v1-52w-grp20,equal_weight,AHUN.N0000,buy,855,82,70110,785.232,inception
2026-10-07,v1-52w-grp20,equal_weight,ALLI.N0000,buy,229,305.5,69959.5,783.5464,inception
2026-10-07,v1-52w-grp20,equal_weight,ALUM.N0000,buy,4614,15.2,70132.8,785.48736,inception
2026-10-07,v1-52w-grp20,equal_weight,AMSL.N0000,buy,6944,10.1,70134.4,785.50528,inception
2026-10-07,v1-52w-grp20,equal_weight,APLA.N0000,buy,435,161,70035,784.392,inception
2026-10-07,v1-52w-grp20,equal_weight,ASCO.N0000,buy,1440,48.7,70128,785.4336,inception
2026-10-07,v1-52w-grp20,equal_weight,ASHO.N0000,buy,27,2591.25,69963.75,783.594,inception
2026-10-07,v1-52w-grp20,equal_weight,ASIR.N0000,buy,2578,27.2,70121.6,785.36192,inception
2026-10-07,v1-52w-grp20,equal_weight,ASIY.N0000,buy,5119,13.7,70130.3,785.45936,inception
2026-10-07,v1-52w-grp20,equal_weight,ASPH.N0000,buy,116894,0.6,70136.4,785.52768,inception
2026-10-07,v1-52w-grp20,equal_weight,ATL.N0000,buy,3262,21.5,70133,785.4896,inception
2026-10-07,v1-52w-grp20,equal_weight,BFL.N0000,buy,817,85.8,70098.6,785.10432,inception
2026-10-07,v1-52w-grp20,equal_weight,BIL.N0000,buy,14611,4.8,70132.8,785.48736,inception
2026-10-07,v1-52w-grp20,equal_weight,BOGA.N0000,buy,596,117.5,70030,784.336,inception
2026-10-07,v1-52w-grp20,equal_weight,BRWN.N0000,buy,561,125,70125,785.4,inception
2026-10-07,v1-52w-grp20,equal_weight,CALH.N0000,buy,5893,11.9,70126.7,785.41904,inception
2026-10-07,v1-52w-grp20,equal_weight,CALT.N0000,buy,1702,41.2,70122.4,785.37088,inception
2026-10-07,v1-52w-grp20,equal_weight,CBNK.N0000,buy,9741,7.2,70135.2,785.51424,inception
2026-10-07,v1-52w-grp20,equal_weight,CCS.N0000,buy,594,118,70092,785.0304,inception
2026-10-07,v1-52w-grp20,equal_weight,CDB.X0000,buy,2460,28.5,70110,785.232,inception
2026-10-07,v1-52w-grp20,equal_weight,CFIN.N0000,buy,340,206,70040,784.448,inception
2026-10-07,v1-52w-grp20,equal_weight,CFVF.N0000,buy,1870,37.5,70125,785.4,inception
2026-10-07,v1-52w-grp20,equal_weight,CIC.N0000,buy,2597,27,70119,785.3328,inception
2026-10-07,v1-52w-grp20,equal_weight,CIC.X0000,buy,3131,22.4,70134.4,785.50528,inception
2026-10-07,v1-52w-grp20,equal_weight,CIND.N0000,buy,345,203,70035,784.392,inception
2026-10-07,v1-52w-grp20,equal_weight,CINV.N0000,buy,680,103,70040,784.448,inception
2026-10-07,v1-52w-grp20,equal_weight,CITH.N0000,buy,15247,4.6,70136.2,785.52544,inception
2026-10-07,v1-52w-grp20,equal_weight,CITW.N0000,buy,46757,1.5,70135.5,785.5176,inception
2026-10-07,v1-52w-grp20,equal_weight,CLND.N0000,buy,1538,45.6,70132.8,785.48736,inception
2026-10-07,v1-52w-grp20,equal_weight,COCO.N0000,buy,3404,20.6,70122.4,785.37088,inception
2026-10-07,v1-52w-grp20,equal_weight,COCR.N0000,buy,739,94.9,70131.1,785.46832,inception
2026-10-07,v1-52w-grp20,equal_weight,COMB.N0000,buy,350,200,70000,784,inception
2026-10-07,v1-52w-grp20,equal_weight,COMB.X0000,buy,382,183.25,70001.5,784.0168,inception
2026-10-07,v1-52w-grp20,equal_weight,COOP.N0000,buy,23378,3,70134,785.5008,inception
2026-10-07,v1-52w-grp20,equal_weight,CRL.N0000,buy,20628,3.4,70135.2,785.51424,inception
2026-10-07,v1-52w-grp20,equal_weight,CSLK.N0000,buy,5273,13.3,70130.9,785.46608,inception
2026-10-07,v1-52w-grp20,equal_weight,CTC.N0000,buy,39,1783.5,69556.5,779.0328,inception
2026-10-07,v1-52w-grp20,equal_weight,DFCC.N0000,buy,590,118.75,70062.5,784.7,inception
2026-10-07,v1-52w-grp20,equal_weight,DIAL.N0000,buy,1569,44.7,70134.3,785.50416,inception
2026-10-07,v1-52w-grp20,equal_weight,DIMO.N0000,buy,51,1369,69819,781.9728,inception
2026-10-07,v1-52w-grp20,equal_weight,DIPD.N0000,buy,1205,58.2,70131,785.4672,inception
2026-10-07,v1-52w-grp20,equal_weight,DIST.N0000,buy,1333,52.6,70115.8,785.29696,inception
2026-10-07,v1-52w-grp20,equal_weight,DOCK.N0000,buy,599,117,70083,784.9296,inception
2026-10-07,v1-52w-grp20,equal_weight,EAST.N0000,buy,1001,70,70070,784.784,inception
2026-10-07,v1-52w-grp20,equal_weight,EBCR.N0000,buy,2062,34,70108,785.2096,inception
2026-10-07,v1-52w-grp20,equal_weight,EML.N0000,buy,8878,7.9,70136.2,785.52544,inception
2026-10-07,v1-52w-grp20,equal_weight,FCT.N0000,buy,2971,23.6,70115.6,785.29472,inception
2026-10-07,v1-52w-grp20,equal_weight,GRAN.N0000,buy,153,458,70074,784.8288,inception
2026-10-07,v1-52w-grp20,equal_weight,HASU.N0000,buy,500,140,70000,784,inception
2026-10-07,v1-52w-grp20,equal_weight,HAYC.N0000,buy,344,203.5,70004,784.0448,inception
2026-10-07,v1-52w-grp20,equal_weight,HAYL.N0000,buy,315,222.5,70087.5,784.98,inception
2026-10-07,v1-52w-grp20,equal_weight,HBS.N0000,buy,3339,21,70119,785.3328,inception
2026-10-07,v1-52w-grp20,equal_weight,HDFC.N0000,buy,1168,60,70080,784.896,inception
2026-10-07,v1-52w-grp20,equal_weight,HEXP.N0000,buy,467,150,70050,784.56,inception
2026-10-07,v1-52w-grp20,equal_weight,HHL.N0000,buy,2240,31.3,70112,785.2544,inception
2026-10-07,v1-52w-grp20,equal_weight,HNB.N0000,buy,184,379.25,69782,781.5584,inception
2026-10-07,v1-52w-grp20,equal_weight,HNB.X0000,buy,219,319.5,69970.5,783.6696,inception
2026-10-07,v1-52w-grp20,equal_weight,HNBF.N0000,buy,9351,7.5,70132.5,785.484,inception
2026-10-07,v1-52w-grp20,equal_weight,HVA.N0000,buy,17106,4.1,70134.6,785.50752,inception
2026-10-07,v1-52w-grp20,equal_weight,JAT.N0000,buy,2164,32.4,70113.6,785.27232,inception
2026-10-07,v1-52w-grp20,equal_weight,JETS.N0000,buy,5045,13.9,70125.5,785.4056,inception
2026-10-07,v1-52w-grp20,equal_weight,JINS.N0000,buy,1981,35.4,70127.4,785.42688,inception
2026-10-07,v1-52w-grp20,equal_weight,JKH.N0000,buy,3811,18.4,70122.4,785.37088,inception
2026-10-07,v1-52w-grp20,equal_weight,KCAB.N0000,buy,730,96,70080,784.896,inception
2026-10-07,v1-52w-grp20,equal_weight,KHL.N0000,buy,4584,15.3,70135.2,785.51424,inception
2026-10-07,v1-52w-grp20,equal_weight,KOTA.N0000,buy,9351,7.5,70132.5,785.484,inception
2026-10-07,v1-52w-grp20,equal_weight,KPHL.N0000,buy,4276,16.4,70126.4,785.41568,inception
2026-10-07,v1-52w-grp20,equal_weight,KZOO.N0000,buy,9351,7.5,70132.5,785.484,inception
2026-10-07,v1-52w-grp20,equal_weight,LALU.N0000,buy,2003,35,70105,785.176,inception
2026-10-07,v1-52w-grp20,equal_weight,LCBF.N0000,buy,12524,5.6,70134.4,785.50528,inception
2026-10-07,v1-52w-grp20,equal_weight,LFIN.N0000,buy,477,147,70119,785.3328,inception
2026-10-07,v1-52w-grp20,equal_weight,LGL.N0000,buy,1723,40.7,70126.1,785.41232,inception
2026-10-07,v1-52w-grp20,equal_weight,LGL.X0000,buy,2337,30,70110,785.232,inception
2026-10-07,v1-52w-grp20,equal_weight,LIOC.N0000,buy,552,127,70104,785.1648,inception
2026-10-07,v1-52w-grp20,equal_weight,LLUB.N0000,buy,341,205.5,70075.5,784.8456,inception
2026-10-07,v1-52w-grp20,equal_weight,LMF.N0000,buy,844,83.1,70136.4,785.52768,inception
2026-10-07,v1-52w-grp20,equal_weight,LOFC.N0000,buy,14027,5,70135,785.512,inception
2026-10-07,v1-52w-grp20,equal_weight,LOLC.N0000,buy,163,428,69764,781.3568,inception
2026-10-07,v1-52w-grp20,equal_weight,LUMX.N0000,buy,8767,8,70136,785.5232,inception
2026-10-07,v1-52w-grp20,equal_weight,LVEF.N0000,buy,12304,5.7,70132.8,785.48736,inception
2026-10-07,v1-52w-grp20,equal_weight,LWL.N0000,buy,1662,42.2,70136.4,785.52768,inception
2026-10-07,v1-52w-grp20,equal_weight,MBSL.N0000,buy,7792,9,70128,785.4336,inception
2026-10-07,v1-52w-grp20,equal_weight,MELS.N0000,buy,386,181.5,70059,784.6608,inception
2026-10-07,v1-52w-grp20,equal_weight,MFPE.N0000,buy,4836,14.5,70122,785.3664,inception
2026-10-07,v1-52w-grp20,equal_weight,MGT.N0000,buy,2886,24.3,70129.8,785.45376,inception
2026-10-07,v1-52w-grp20,equal_weight,NAMU.N0000,buy,1079,65,70135,785.512,inception
2026-10-07,v1-52w-grp20,equal_weight,NDB.N0000,buy,655,107,70085,784.952,inception
2026-10-07,v1-52w-grp20,equal_weight,NHL.N0000,buy,6318,11.1,70129.8,785.45376,inception
2026-10-07,v1-52w-grp20,equal_weight,OSEA.N0000,buy,1369,51.2,70092.8,785.03936,inception
2026-10-07,v1-52w-grp20,equal_weight,PABC.N0000,buy,1405,49.9,70109.5,785.2264,inception
2026-10-07,v1-52w-grp20,equal_weight,PAP.N0000,buy,5479,12.8,70131.2,785.46944,inception
2026-10-07,v1-52w-grp20,equal_weight,PARQ.N0000,buy,884,79.3,70101.2,785.13344,inception
2026-10-07,v1-52w-grp20,equal_weight,PKME.N0000,buy,453,154.5,69988.5,783.8712,inception
2026-10-07,v1-52w-grp20,equal_weight,PLC.N0000,buy,4125,17,70125,785.4,inception
2026-10-07,v1-52w-grp20,equal_weight,PLR.N0000,buy,1875,37.4,70125,785.4,inception
2026-10-07,v1-52w-grp20,equal_weight,RAL.N0000,buy,6494,10.8,70135.2,785.51424,inception
2026-10-07,v1-52w-grp20,equal_weight,RCL.N0000,buy,1612,43.5,70122,785.3664,inception
2026-10-07,v1-52w-grp20,equal_weight,REEF.N0000,buy,21253,3.3,70134.9,785.51088,inception
2026-10-07,v1-52w-grp20,equal_weight,RHL.N0000,buy,1890,37.1,70119,785.3328,inception
2026-10-07,v1-52w-grp20,equal_weight,RICH.N0000,buy,2697,26,70122,785.3664,inception
2026-10-07,v1-52w-grp20,equal_weight,RIL.N0000,buy,3232,21.7,70134.4,785.50528,inception
2026-10-07,v1-52w-grp20,equal_weight,RWSL.N0000,buy,4007,17.5,70122.5,785.372,inception
2026-10-07,v1-52w-grp20,equal_weight,SAMP.N0000,buy,500,140,70000,784,inception
2026-10-07,v1-52w-grp20,equal_weight,SCAP.N0000,buy,7792,9,70128,785.4336,inception
2026-10-07,v1-52w-grp20,equal_weight,SDB.N0000,buy,1461,48,70128,785.4336,inception
2026-10-07,v1-52w-grp20,equal_weight,SEMB.N0000,buy,63760,1.1,70136,785.5232,inception
2026-10-07,v1-52w-grp20,equal_weight,SERV.N0000,buy,5273,13.3,70130.9,785.46608,inception
2026-10-07,v1-52w-grp20,equal_weight,SEYB.N0000,buy,786,89.2,70111.2,785.24544,inception
2026-10-07,v1-52w-grp20,equal_weight,SEYB.X0000,buy,1072,65.4,70108.8,785.21856,inception
2026-10-07,v1-52w-grp20,equal_weight,SFIN.N0000,buy,1579,44.4,70107.6,785.20512,inception
2026-10-07,v1-52w-grp20,equal_weight,SHAW.N0000,buy,246,285,70110,785.232,inception
2026-10-07,v1-52w-grp20,equal_weight,SHL.N0000,buy,10626,6.6,70131.6,785.47392,inception
2026-10-07,v1-52w-grp20,equal_weight,SINH.N0000,buy,3217,21.8,70130.6,785.46272,inception
2026-10-07,v1-52w-grp20,equal_weight,SINS.N0000,buy,937,74.8,70087.6,784.98112,inception
2026-10-07,v1-52w-grp20,equal_weight,SIRA.N0000,buy,2044,34.3,70109.2,785.22304,inception
2026-10-07,v1-52w-grp20,equal_weight,SLTL.N0000,buy,849,82.6,70127.4,785.42688,inception
2026-10-07,v1-52w-grp20,equal_weight,SPEN.N0000,buy,517,135.5,70053.5,784.5992,inception
2026-10-07,v1-52w-grp20,equal_weight,SUN.N0000,buy,2478,28.3,70127.4,785.42688,inception
2026-10-07,v1-52w-grp20,equal_weight,TAFL.N0000,buy,113,618.75,69918.75,783.09,inception
2026-10-07,v1-52w-grp20,equal_weight,TAP.N0000,buy,2393,29.3,70114.9,785.28688,inception
2026-10-07,v1-52w-grp20,equal_weight,TJL.N0000,buy,2377,29.5,70121.5,785.3608,inception
2026-10-07,v1-52w-grp20,equal_weight,TKYO.N0000,buy,887,79,70073,784.8176,inception
2026-10-07,v1-52w-grp20,equal_weight,TKYO.X0000,buy,1170,59.9,70083,784.9296,inception
2026-10-07,v1-52w-grp20,equal_weight,TYRE.N0000,buy,875,80.1,70087.5,784.98,inception
2026-10-07,v1-52w-grp20,equal_weight,UBF.N0000,buy,35068,2,70136,785.5232,inception
2026-10-07,v1-52w-grp20,equal_weight,UML.N0000,buy,3036,23.1,70131.6,785.47392,inception
2026-10-07,v1-52w-grp20,equal_weight,VFIN.N0000,buy,841,83.3,70055.3,784.61936,inception
2026-10-07,v1-52w-grp20,equal_weight,VLL.N0000,buy,3188,22,70136,785.5232,inception
2026-10-07,v1-52w-grp20,equal_weight,VONE.N0000,buy,798,87.8,70064.4,784.72128,inception
2026-10-07,v1-52w-grp20,equal_weight,VPEL.N0000,buy,4771,14.7,70133.7,785.49744,inception
2026-10-07,v1-52w-grp20,equal_weight,WAPO.N0000,buy,4125,17,70125,785.4,inception
2026-10-07,v1-52w-grp20,equal_weight,WATA.N0000,buy,1482,47.3,70098.6,785.10432,inception
2026-10-07,v1-52w-grp20,equal_weight,WIND.N0000,buy,1766,39.7,70110.2,785.23424,inception
2026-10-07,v1-52w-grp20,equal_weight,YORK.N0000,buy,8251,8.5,70133.5,785.4952,inception
