code,name,report_id,kind,period_date,report_status,status_N,note_N,status_X,note_X,rows,top_holders_pct_voting,market_cap,controller_key,controller_name,controller_type,control_pct,control_level,chain,source_url
AAF,ASIA ASSET FINANCE PLC,52138,quarterly,2026-06-30,ok,verified_total,"rows agree with the report's own total of 124,195,533 shares; the CSE now reports 222,706,141 (shares issued or cancelled since the period end?); rows add up to the table's stated total (90.35%)",,,25,90.36,10021776345,MUTHOOTFINANCE,MUTHOOT FINANCE LIMITED,company,72.92,controlled,AAF <- MUTHOOT FINANCE LIMITED,https://cdn.cse.lk/cmt/upload_report_file/1108_1785236157796.pdf
AAIC,SOFTLOGIC LIFE INSURANCE PLC,52358,quarterly,2026-06-30,ok,verified,implied total within 0.0% of the CSE share count; rows add up to the table's stated total (83.30%),,,20,83.3,23920312500,LISTED:SHL,SOFTLOGIC HOLDINGS PLC,listed,53.6,controlled,AAIC <- SCAP <- SHL,https://cdn.cse.lk/cmt/upload_report_file/364_1786443015903.%20Interim%20Financial%20Statements%20-%20For%20the_Period%20ended%2030%20June%202026-CSE.pdf
ABAN,ABANS ELECTRICALS PLC,52462,quarterly,2026-06-30,ok,verified,implied total within 0.0% of the CSE share count,,,20,84.05,5228102880,ABANS,ABANS PLC,company,48.84,influence,ABAN <- ABANS PLC,https://cdn.cse.lk/cmt/upload_report_file/642_1786615449693.06.2026.pdf
ABL,AMANA BANK PLC,52543,quarterly,2026-06-30,ok,verified,implied total within 0.0% of the CSE share count; rows add up to the table's stated total (82.51%),,,20,82.51,13504958747,IBGROWTHFUNDLABUANLLP,IB Growth Fund (Labuan) LLP,institution,24.9,influence,ABL <- IB Growth Fund (Labuan) LLP,https://cdn.cse.lk/cmt/upload_report_file/1303_1786627989885.pdf
ACAP,ASIA CAPITAL PLC,53053,quarterly,2026-06-30,no_text,,,,,,,0,,,,,,,https://cdn.cse.lk/cmt/upload_report_file/363_1788253429479.pdf
ACL,ACL CABLES PLC,52620,quarterly,2026-06-30,ok,verified,implied total within 0.0% of the CSE share count; rows add up to the table's stated total (79.86%),,,20,79.87,65403898560,UGMADANAYAKE,Mr. U. G. Madanayake,individual,38.15,influence,ACL <- Mr. U. G. Madanayake,https://cdn.cse.lk/cmt/upload_report_file/644_1786700245863.06.2026%201.pdf
ACME,ACME PRINTING & PACKAGING PLC,52502,quarterly,2026-06-30,ok,verified,implied total within 0.0% of the CSE share count,,,20,76.66,2527000000,LISTED:CFLB,THE COLOMBO FORT LAND & BUILDING PLC,listed,50.5,controlled,ACME <- LCEY <- CFLB,https://cdn.cse.lk/cmt/upload_report_file/661_1786617805817.pdf
AEL,ACCESS ENGINEERING PLC,52404,quarterly,2026-06-30,ok,verified,implied total within 0.0% of the CSE share count; rows add up to the table's stated total (79.11%),,,20,79.14,79200000000,SUMALJSPERERA,Mr Sumal.J.S. Perera,individual,25,influence,AEL <- Mr Sumal.J.S. Perera,https://cdn.cse.lk/cmt/upload_report_file/1141_1786533585205.pdf
AFS,ALPHA FIRE SERVICES PLC,52493,quarterly,2026-06-30,ok,verified,implied total within 0.0% of the CSE share count,,,20,83.31,815925000,ARCASIAINVESTMENTSANDTRADING,ARCASIA INVESTMENTS & TRADING (PVT) LTD,company,26.82,influence,AFS <- ARCASIA INVESTMENTS & TRADING (PVT) LTD,https://cdn.cse.lk/cmt/upload_report_file/2774_1786618602975.06.2026_CSE%20FORMAT_V1%20FINAL.pdf
AFSL,ABANS FINANCE PLC,52327,quarterly,2026-06-30,ok,unverified,"rows sum to 38,837,140 shares / 52.70% but the table's total says 72,737,459 / 98.70%",,,10,,5902822997.1,,,,,,,https://cdn.cse.lk/cmt/upload_report_file/1069_1786361353003.06.2026.pdf
AGAL,AGALAWATTE PLANTATIONS PLC,52444,quarterly,2026-06-30,ok,verified,implied total within 0.0% of the CSE share count; rows add up to the table's stated total (90.27%),,,20,90.26,7953125000,DAMROMANUFACTURING,DAMRO MANUFACTURING (PRIVATE) LIMITED,company,59.2,controlled,AGAL <- DAMRO MANUFACTURING (PRIVATE) LIMITED,https://cdn.cse.lk/cmt/upload_report_file/704_1786612872079.Quarterly%20Financial%20%20Statements%20-%2030th%20June%202026.pdf
AGPL,Agarapatana Plantations PLC,52313,quarterly,2026-06-30,ok,verified,implied total within 0.0% of the CSE share count; rows add up to the table's stated total (93.96%),,,20,93.96,6650000000,LISTED:LDEV,LANKEM DEVELOPMENTS PLC,listed,57.65,controlled,AGPL <- LDEV,https://cdn.cse.lk/cmt/upload_report_file/3027_1786356977487.06.2026%20%20Consolidated%20%20Interim%20FS%20-.pdf
AGST,AGSTAR PLC,52546,quarterly,2026-06-30,ok,verified,implied total within 0.0% of the CSE share count; rows add up to the table's stated total (86.53%),verified,implied total within 0.0% of the CSE share count; rows add up to the table's stated total (97.29%),25,86.53,5959555251,LISTED:LOLC,LOLC HOLDINGS PLC,listed,58.32,controlled,AGST <- BRWN <- LOLC,https://cdn.cse.lk/cmt/upload_report_file/1121_1786626236244.pdf
AHPL,ASIAN HOTELS & PROPERTIES PLC,52119,quarterly,2026-07-28,ok,verified,implied total within 0.0% of the CSE share count,,,20,95.77,20101998620,LISTED:JKH,JOHN KEELLS HOLDINGS PLC,listed,78.56,controlled,AHPL <- JKH,https://cdn.cse.lk/cmt/upload_report_file/690_1785229453374.pdf
AHUN,AITKEN SPENCE HOTEL HOLDINGS PLC,52596,quarterly,2026-06-30,ok,verified,implied total within 0.0% of the CSE share count; rows add up to the table's stated total (89.67%),,,20,89.7,27575780820,LISTED:MELS,MELSTACORP PLC,listed,71.21,controlled,AHUN <- SPEN <- MELS,https://cdn.cse.lk/cmt/upload_report_file/521_1786698820226.pdf
AINS,ARPICO INSURANCE PLC,52651,quarterly,2026-06-30,ok,verified,implied total within 0.0% of the CSE share count; rows add up to the table's stated total (98.43%),,,20,98.43,1589529768,RPCPLANTATIONMANAGEMENTSERVICES,RPC Plantation Management Services (Pvt) Ltd,company,40.29,influence,AINS <- KGAL <- RPC Plantation Management Services (Pvt) Ltd,https://cdn.cse.lk/cmt/upload_report_file/1405_1786702427086.pdf
ALHP,ANILANA HOTELS AND PROPERTIES PLC,52471,quarterly,2026-06-30,ok,unverified,"rows imply different totals (6,805,464,825 > 1,123,463,389); 'NATION LANKA FINANCE PLC' implies 6,811,737,143",,,13,,0,,,,,,,https://cdn.cse.lk/cmt/upload_report_file/1283_1786616798591.%20%281%29.pdf
ALLI,ALLIANCE FINANCE COMPANY PLC,52668,quarterly,2026-06-30,ok,verified,implied total within 0.0% of the CSE share count,,,20,81,10294128000,RKEPDESILVA,Mr.R.K.E.P. de Silva,individual,36.87,influence,ALLI <- Mr.R.K.E.P. de Silva,https://cdn.cse.lk/cmt/upload_report_file/341_1786703508139.Interim%20FS%20Q1-2026-Published%20Format%20_%2030_06_2026.pdf
ALUM,ALUMEX PLC,52060,quarterly,2026-06-30,ok,verified,implied total within 0.0% of the CSE share count; rows add up to the table's stated total (79.51%),,,20,79.51,9098806336,KDDPERERA,Mr. K.D.D. Perera,individual,52.59,controlled,ALUM <- HAYL <- Mr. K.D.D. Perera,https://cdn.cse.lk/cmt/upload_report_file/1323_1784802624825.27%20Q01%20%28CSE%29%20Sgd%20%28Final%29%20%28002%29.pdf
AMCL,AMW CAPITAL LEASING AND FINANCE PLC,52526,quarterly,2026-06-30,no_table,,,,,0,,448000000,,,,,,,https://cdn.cse.lk/cmt/upload_report_file/1065_1786622193946.pdf
AMSL,ASIRI  SURGICAL HOSPITAL PLC,52244,quarterly,2026-06-30,ok,verified,implied total within 0.0% of the CSE share count; rows add up to the table's stated total (89.39%),,,20,89.41,5337421204.5,LISTED:SHL,SOFTLOGIC HOLDINGS PLC,listed,76.33,controlled,AMSL <- ASIR <- SHL,https://cdn.cse.lk/cmt/upload_report_file/513_1786008455842.pdf
APLA,ACL PLASTICS PLC,52600,quarterly,2026-06-30,ok,verified,implied total within 0.0% of the CSE share count,,,20,78.9,6782125000,LISTED:ACL,ACL CABLES PLC,listed,65.21,controlled,APLA <- ACL,https://cdn.cse.lk/cmt/upload_report_file/643_1786699006375.pdf
ASCO,LANKA REALTY INVESTMENTS PLC,52700,quarterly,2026-06-30,ok,verified,implied total within 0.0% of the CSE share count,,,20,85.91,10293739843.6,EIGHTHWONDER,EIGHTH WONDER,individual,29.17,influence,ASCO <- EIGHTH WONDER,https://cdn.cse.lk/cmt/upload_report_file/401_1786710067619.%20LRI%20-%20IFS%20-%2030.6.2026..pdf
ASHO,LANKA ASHOK LEYLAND PLC,52686,quarterly,2026-06-30,ok,unverified,"rows imply different totals (6,271,429 > 930,465); 'Peoples leasing and Finance PLC / P. Til' implies 6,503,704",,,11,,9382509423.75,,,,,,,https://cdn.cse.lk/cmt/upload_report_file/695_1786704866573.06.2026.pdf
ASIR,ASIRI HOSPITAL HOLDINGS PLC,52241,quarterly,2026-06-30,ok,verified,implied total within 0.0% of the CSE share count; rows add up to the table's stated total (91.84%),,,20,91.83,30940913811.2,LISTED:SHL,SOFTLOGIC HOLDINGS PLC,listed,55.12,controlled,ASIR <- SHL,https://cdn.cse.lk/cmt/upload_report_file/512_1786008393675.pdf
ASIY,ASIA SIYAKA COMMODITIES PLC,52326,quarterly,2026-06-30,ok,verified,implied total within 0.0% of the CSE share count; rows add up to the table's stated total (76.59%),,,20,76.59,3562000000,LANKACOMMODITYBROKERS,Lanka Commodity Brokers Limited,company,51.03,controlled,ASIY <- Lanka Commodity Brokers Limited,https://cdn.cse.lk/cmt/upload_report_file/1205_1786360840907.pdf
ASPH,INDUSTRIAL ASPHALTS (CEYLON) PLC,52768,quarterly,2026-06-30,ok,verified,implied total within 0.0% of the CSE share count; rows add up to the table's stated total (67.69%),,,20,67.69,2249646750,GOVINDASAMYRAMANAN,MR. GOVINDASAMY RAMANAN,individual,48.03,influence,ASPH <- MR. GOVINDASAMY RAMANAN,https://cdn.cse.lk/cmt/upload_report_file/495_1786964612003.pdf
ATL,AMANA TAKAFUL  PLC,52599,quarterly,2026-06-30,ok,verified,implied total within 0.0% of the CSE share count; rows add up to the table's stated total (92.25%),,,25,92.28,6439483361,,,,,,,https://cdn.cse.lk/cmt/upload_report_file/361_1786698848189.pdf
ATLL,AMANA TAKAFUL LIFE PLC,52530,quarterly,2026-06-30,ok,verified,implied total within 0.0% of the CSE share count; rows add up to the table's stated total (94.29%),,,25,94.3,1020000000,LISTED:ATL,AMANA TAKAFUL  PLC,listed,76.3,controlled,ATLL <- ATL,https://cdn.cse.lk/cmt/upload_report_file/1484_1786622361189.pdf
AUTO,THE AUTODROME PLC,52382,quarterly,2026-06-30,ok,verified,implied total within 0.0% of the CSE share count; rows add up to the table's stated total (97.80%),,,20,97.78,3708000000,BERNADETTEJALOYSIUS,Ms. Bernadette J. Aloysius,individual,29.96,influence,AUTO <- Ms. Bernadette J. Aloysius,https://cdn.cse.lk/cmt/upload_report_file/692_1786504151278.pdf
BALA,BALANGODA PLANTATIONS PLC,52634,quarterly,2026-06-30,ok,verified,implied total within 0.0% of the CSE share count; rows add up to the table's stated total (81.98%); ranks not parsed: [14],,,19,81.71,2609454475.2,LISTED:MELS,MELSTACORP PLC,listed,72.21,controlled,BALA <- MELS,https://cdn.cse.lk/cmt/upload_report_file/705_1786700646235.pdf
BBH,BROWNS BEACH HOTELS PLC,51495,quarterly,2026-03-31,ok,verified,implied total within 0.0% of the CSE share count; rows add up to the table's stated total (93.92%),,,20,93.92,0,LISTED:MELS,MELSTACORP PLC,listed,78.5,controlled,BBH <- MELS,https://cdn.cse.lk/cmt/upload_report_file/525_1780023928829.pdf
BERU,BERUWALA RESORTS PLC,52397,quarterly,2026-06-30,ok,verified,implied total within 0.0% of the CSE share count; rows add up to the table's stated total (80.19%),,,20,80.18,1821415167,COLOMBOFORTHOTELS,COLOMBO FORT HOTELS LIMITED,company,66.75,controlled,BERU <- COLOMBO FORT HOTELS LIMITED,https://cdn.cse.lk/cmt/upload_report_file/1201_1786527928384.06.2026%20Final.pdf
BFL,BAIRAHA FARMS PLC,52174,quarterly,2026-06-30,ok,verified,implied total within 0.0% of the CSE share count; rows add up to the table's stated total (69.75%),,,30,69.74,7550400000,,,,,,,https://cdn.cse.lk/cmt/upload_report_file/452_1785489467094.06.2026.pdf
BFN,JANASHAKTHI FINANCE PLC,52564,quarterly,2026-06-30,ok,verified,implied total within 0.0% of the CSE share count,,,25,99.1,5488630030,SCHAFFTERS,Schaffters (Private) Limited,company,92.9,controlled,BFN <- JXG <- Schaffters (Private) Limited,https://cdn.cse.lk/cmt/upload_report_file/1072_1786698231742.pdf
BIL,BROWNS INVESTMENTS PLC,52689,quarterly,2026-06-30,ok,verified,implied total within 0.0% of the CSE share count; rows add up to the table's stated total (84.54%),,,25,84.54,68974643808,LISTED:LOLC,LOLC HOLDINGS PLC,listed,46.06,influence,BIL <- BRWN <- LOLC,https://cdn.cse.lk/cmt/upload_report_file/1077_1786706606278.pdf
BLI,BIMPUTH LANKA INVESTMENTS PLC,47515,quarterly,2024-12-31,ok,verified,implied total within 0.0% of the CSE share count,,,20,92.61,0,,,,,,,https://cdn.cse.lk/cmt/upload_report_file/1067_1740051959744.pdf
BLUE,BLUE DIAMONDS JEWELLERY WORLDWIDE PLC,52653,quarterly,2026-06-30,ok,unverified,"rows imply different totals (699,364,214 > 690,178,380); 'AMBROSIA MANAGEMENT PTE LTD' implies 699,523,052",,,20,,0,,,,,,,https://cdn.cse.lk/cmt/upload_report_file/663_1786701524640.06.2026_Blue%20Diamonds.pdf
BOGA,BOGALA GRAPHITE LANKA PLC,52368,quarterly,2026-06-30,no_table,,,,,0,,11119366220,,,,,,,https://cdn.cse.lk/cmt/upload_report_file/664_1786448088740.pdf
BOPL,BOGAWANTALAWA TEA ESTATES PLC,52453,quarterly,2026-06-30,ok,verified,implied total within 0.0% of the CSE share count; rows add up to the table's stated total (93.59%),,,30,93.61,5720125000,METROPOLITANRESOURCEHOLDINGS,Metropolitan Resource Holdings Limited,company,78.45,controlled,BOPL <- Metropolitan Resource Holdings Limited,https://cdn.cse.lk/cmt/upload_report_file/706_1786614111259.pdf
BPPL,B P P L HOLDINGS PLC,52762,quarterly,2026-06-30,ok,verified,implied total within 0.0% of the CSE share count; rows add up to the table's stated total (94.07%),,,25,94.07,5277705740.4,INFINITYCAPITAL,INFINITY CAPITAL (PVT) LTD,company,50.31,controlled,BPPL <- INFINITY CAPITAL (PVT) LTD,https://cdn.cse.lk/cmt/upload_report_file/1524_1786957511832.pdf
BREW,CEYLON BEVERAGE HOLDINGS PLC,52624,quarterly,2026-06-30,ok,verified,"implied total within 0.0% of the CSE share count; ranks not parsed: [5, 10]",,,20,98.37,52737823147.5,LISTED:CARS,CARSON CUMBERBATCH PLC,listed,75.62,controlled,BREW <- CARS,https://cdn.cse.lk/cmt/upload_report_file/458_1786700204782.pdf
BRR,BANSEI ROYAL RESORTS HIKKADUWA PLC,52069,quarterly,2026-06-30,ok,verified,implied total within 0.0% of the CSE share count; rows add up to the table's stated total (98.08%),,,21,98.07,1117542400,BANSEISECURITIESCO,BANSEI SECURITIES COMPANY LIMITED,company,39,influence,BRR <- BANSEI SECURITIES COMPANY LIMITED,https://cdn.cse.lk/cmt/upload_report_file/1322_1784884758710.pdf
BRWN,BROWN & COMPANY PLC,52734,quarterly,2026-06-30,ok,verified,"implied total within 0.0% of the CSE share count; rows add up to the table's stated total (89.57%); ranks not parsed: [21, 22]",,,23,89.66,26578125000,LISTED:LOLC,LOLC HOLDINGS PLC,listed,66.83,controlled,BRWN <- LOLC,https://cdn.cse.lk/cmt/upload_report_file/764_1786723515855.pdf
BUKI,BUKIT DARAH PLC,52667,quarterly,2026-06-30,ok,verified,implied total within 0.0% of the CSE share count,,,20,95.74,85986000000,RUBBERINVESTMENTTRUST,RUBBER INVESTMENT TRUST LTD,company,20.04,influence,BUKI <- RUBBER INVESTMENT TRUST LTD,https://cdn.cse.lk/cmt/upload_report_file/456_1786703596800.pdf
CABO,CARGO BOAT DEVELOPMENT COMPANY PLC,52451,quarterly,2026-06-30,no_table,,,,,0,,3096995141.25,,,,,,,https://cdn.cse.lk/cmt/upload_report_file/615_1786613871112.pdf
CALF,DIALOG FINANCE PLC,52263,quarterly,2026-06-30,ok,verified,implied total within 0.0% of the CSE share count; rows add up to the table's stated total (99.62%),,,20,99.62,13178134958.5,AXIATAINVESTMENTSLABUAN,Axiata Investments (Labuan) Limited,company,99.05,controlled,CALF <- DIAL <- Axiata Investments (Labuan) Limited,https://cdn.cse.lk/cmt/upload_report_file/1101_1786093873886.pdf
CALH,CAPITAL ALLIANCE HOLDINGS PLC,52669,quarterly,2026-06-30,ok,verified,implied total within 0.0% of the CSE share count; rows add up to the table's stated total (94.05%),,,20,94.04,24657387205.5,ASHTHIHOLDINGS,Ashthi Holdings (Private) Limited,company,26.88,influence,CALH <- Ashthi Holdings (Private) Limited,https://cdn.cse.lk/cmt/upload_report_file/3319_1786703471596.pdf
CALT,CAPITAL ALLIANCE PLC,52663,quarterly,2026-06-30,ok,verified,implied total within 0.0% of the CSE share count,,,20,89.54,13572016820.8,LISTED:CALH,CAPITAL ALLIANCE HOLDINGS PLC,listed,86,controlled,CALT <- CALH,https://cdn.cse.lk/cmt/upload_report_file/2647_1786703367877.pdf
CARE,PRINTCARE  PLC,52533,quarterly,2026-06-30,ok,verified,implied total within 0.0% of the CSE share count; rows add up to the table's stated total (91.81%),,,20,91.82,3008833450,MJFHOLDINGS,M J F Holdings Ltd,company,26.87,influence,CARE <- M J F Holdings Ltd,https://cdn.cse.lk/cmt/upload_report_file/681_1786622430738.06.2026.pdf
CARG,CARGILLS (CEYLON) PLC,52441,quarterly,2026-06-30,ok,verified,implied total within 0.0% of the CSE share count; rows add up to the table's stated total (95.81%),,,20,95.8,172321982606.25,ODEONHOLDINGSCEYLON,Odeon Holdings (Ceylon) (Private) Ltd,company,71.18,controlled,CARG <- CTHR <- Odeon Holdings (Ceylon) (Private) Ltd,https://cdn.cse.lk/cmt/upload_report_file/457_1786612412536.pdf
CARS,CARSON CUMBERBATCH PLC,52659,quarterly,2026-06-30,ok,verified,implied total within 0.0% of the CSE share count,,,20,96.52,137470839800,LISTED:BUKI,BUKIT DARAH PLC,listed,45.68,influence,CARS <- BUKI,https://cdn.cse.lk/cmt/upload_report_file/502_1786702657991.pdf
CBNK,CARGILLS BANK PLC,52432,quarterly,2026-06-30,ok,verified,"implied total within 0.0% of the CSE share count; rows add up to the table's stated total (81.17%); ranks not parsed: [10, 20]",,,25,81.17,8926868577.6,ODEONHOLDINGSCEYLON,Odeon Holdings (Ceylon) (Private) Ltd,company,50,influence,CBNK <- CARG <- CTHR <- Odeon Holdings (Ceylon) (Private) Ltd,https://cdn.cse.lk/cmt/upload_report_file/3118_1786612056865.pdf
CCS,CEYLON COLD STORES PLC,52077,quarterly,2026-07-27,ok,verified,implied total within 0.0% of the CSE share count,,,20,90.35,112147200000,LISTED:JKH,JOHN KEELLS HOLDINGS PLC,listed,70.66,controlled,CCS <- JKH,https://cdn.cse.lk/cmt/upload_report_file/462_1785118569713.pdf
CDB,CITIZENS DEVELOPMENT BUSINESS FINANCE PLC,52217,quarterly,2026-06-30,ok,verified,implied total within 1.5% of the CSE share count,verified,implied total within 0.0% of the CSE share count,40,84.8,23953269623,CEYLINCOLIFEINSURANCESHAREHOLDERSFUND,CEYLINCO LIFE INSURANCE LIMITED SHAREHOLDER'S FUND,institution,31.14,influence,CDB <- CEYLINCO LIFE INSURANCE LIMITED SHAREHOLDER'S FUND,https://cdn.cse.lk/cmt/upload_report_file/981_1785924600634.pdf
CERA,LANKA CERAMIC PLC,52230,quarterly,2026-06-30,ok,verified,implied total within 0.0% of the CSE share count; rows add up to the table's stated total (91.34%),,,25,91.34,1014000000,KDDPERERA,Mr. K.D.D. Perera,individual,73.56,controlled,CERA <- RCL <- VONE <- Mr. K.D.D. Perera,https://cdn.cse.lk/cmt/upload_report_file/676_1785932677514.pdf
CFI,COLOMBO FORT INVESTMENTS PLC,52246,quarterly,2026-06-30,ok,verified,implied total within 0.0% of the CSE share count; rows add up to the table's stated total (94.27%),,,20,94.27,2836104279.75,LISTED:CIT,COLOMBO INVESTMENT TRUST PLC,listed,35.32,influence,CFI <- CIT,https://cdn.cse.lk/cmt/upload_report_file/609_1786011697427.06.2026%20-%20CSE%20UPLOAD.pdf
CFIN,CENTRAL FINANCE COMPANY PLC,52430,quarterly,2026-06-30,ok,verified,implied total within 0.0% of the CSE share count; rows add up to the table's stated total (72.84%),,,20,72.84,46835019172,,,,,,,https://cdn.cse.lk/cmt/upload_report_file/366_1786612306505.06.2026.pdf
CFLB,THE COLOMBO FORT LAND & BUILDING PLC,52697,quarterly,2026-06-30,ok,verified,implied total within 0.0% of the CSE share count; rows add up to the table's stated total (95.65%),,,20,95.65,12000000000,SENTHILVERLHOLDINGS,Senthilverl Holdings (Pvt) Ltd,company,20.14,influence,CFLB <- Senthilverl Holdings (Pvt) Ltd,https://cdn.cse.lk/cmt/upload_report_file/504_1786708377969.pdf
CFVF,FIRST CAPITAL HOLDINGS PLC,52532,quarterly,2026-06-30,ok,verified,implied total within 0.0% of the CSE share count; rows add up to the table's stated total (86.69%),,,27,86.69,15187500000,SCHAFFTERS,Schaffters (Private) Limited,company,83.01,controlled,CFVF <- JXG <- Schaffters (Private) Limited,https://cdn.cse.lk/cmt/upload_report_file/698_1786622764951.pdf
CHL,CEYLON HOSPITALS PLC (DURDANS),52470,quarterly,2026-06-30,ok,verified,implied total within 0.0% of the CSE share count; rows add up to the table's stated total (86.52%),,,20,86.53,9597110942,DURDANSMANAGEMENTSERVICESSRILANKA,Durdans Management Services Ltd Sri Lanka,company,67.93,controlled,CHL <- Durdans Management Services Ltd Sri Lanka,https://cdn.cse.lk/cmt/upload_report_file/514_1786616285443.pdf
CHMX,CHEMANEX PLC,52070,quarterly,2026-06-30,ok,verified,implied total within 2.8% of the CSE share count; rows add up to the table's stated total (85.34%),,,20,85.33,2422852950,PAINTSANDGENERALINDUSTRIES,Paints & General Industries Limited,company,51.98,controlled,CHMX <- CIC <- Paints & General Industries Limited,https://cdn.cse.lk/cmt/upload_report_file/492_1784886642958.06.26.pdf
CHOT,CEYLON HOTELS CORPORATION PLC,52676,quarterly,2026-06-30,no_table,,,,,0,,4968853999.2,,,,,,,https://cdn.cse.lk/cmt/upload_report_file/545_1786703619990.06.2026.pdf
CHOU,CITY HOUSING & REAL ESTATE CO. PLC,33913,quarterly,2019-06-30,ok,verified,implied total within 0.0% of the CSE share count; rows add up to the table's stated total (69.01%),,,20,69.01,0,FINANCECO,The Finance Company PLC,company,24.66,influence,CHOU <- The Finance Company PLC,https://cdn.cse.lk/cmt/upload_report_file/616_1565870266655.pdf
CIC,CIC HOLDINGS PLC,52180,quarterly,2026-06-30,ok,verified,implied total within 0.0% of the CSE share count; rows add up to the table's stated total (77.94%),verified,implied total within 0.0% of the CSE share count; rows add up to the table's stated total (43.32%),40,77.94,49163760000,PAINTSANDGENERALINDUSTRIES,Paints & General Industries Limited,company,53.31,controlled,CIC <- Paints & General Industries Limited,https://cdn.cse.lk/cmt/upload_report_file/493_1785498051666.pdf
CIND,CENTRAL INDUSTRIES PLC,52349,quarterly,2026-06-30,ok,verified,implied total within 0.0% of the CSE share count; rows add up to the table's stated total (69.42%),,,20,69.4,4911624179,LISTED:CFIN,CENTRAL FINANCE COMPANY PLC,listed,44.06,influence,CIND <- CFIN,https://cdn.cse.lk/cmt/upload_report_file/665_1786441930423.pdf
CINS,CEYLINCO HOLDINGS PLC,52551,quarterly,2026-06-30,ok,verified,implied total within 0.0% of the CSE share count,verified,implied total within 0.0% of the CSE share count,40,91.44,67561251220,GLOBALRUBBERINDUSTRIES,Global Rubber Industries (Private) Limited,company,22.25,influence,CINS <- Global Rubber Industries (Private) Limited,https://cdn.cse.lk/cmt/upload_report_file/367_1786675938303.pdf
CINV,CEYLON INVESTMENT PLC,52602,quarterly,2026-06-30,ok,verified,implied total within 0.0% of the CSE share count; ranks not parsed: [7],,,19,79.78,10011676529,LISTED:CARS,CARSON CUMBERBATCH PLC,listed,66.58,controlled,CINV <- GUAR <- CARS,https://cdn.cse.lk/cmt/upload_report_file/608_1786699059250.pdf
CIT,COLOMBO INVESTMENT TRUST PLC,52245,quarterly,2026-06-30,ok,verified,implied total within 0.0% of the CSE share count; rows add up to the table's stated total (95.46%),,,20,95.45,2451674720,FINANCIALTRUST,FINANCIAL TRUST LIMITED,company,38.22,influence,CIT <- FINANCIAL TRUST LIMITED,https://cdn.cse.lk/cmt/upload_report_file/610_1786011861143.06.2026.pdf
CITH,HIKKADUWA BEACH RESORT PLC,52721,quarterly,2026-06-30,ok,verified,implied total within 0.0% of the CSE share count; rows add up to the table's stated total (77.77%),,,20,77.77,2496252242.6,GEORGESTEUARTANDCO,GEORGE STEUART & CO LTD,company,63.79,controlled,CITH <- REEF <- GEORGE STEUART & CO LTD,https://cdn.cse.lk/cmt/upload_report_file/1222_1786715903157.pdf
CITW,WASKADUWA BEACH RESORT PLC,52722,quarterly,2026-06-30,ok,verified,implied total within 0.0% of the CSE share count; rows add up to the table's stated total (62.42%),,,21,62.43,1405025982,GEORGESTEUARTANDCO,GEORGE STEUART & CO LTD,company,51.05,controlled,CITW <- CITH <- REEF <- GEORGE STEUART & CO LTD,https://cdn.cse.lk/cmt/upload_report_file/1106_1786716003157.pdf
CLND,COLOMBO LAND & DEVELOPMENT COMPANY PLC,52300,quarterly,2026-06-30,ok,verified,implied total within 0.0% of the CSE share count; rows add up to the table's stated total (80.50%),,,20,80.52,9114573964.8,EGNG,MR. E.G. NG,individual,23.71,influence,CLND <- MR. E.G. NG,https://cdn.cse.lk/cmt/upload_report_file/618_1786106099468.06.2026.pdf
COCO,RENUKA FOODS PLC,52640,quarterly,2026-06-30,ok,verified,implied total within 0.0% of the CSE share count; rows add up to the table's stated total (83.04%),verified,implied total within 0.0% of the CSE share count; rows add up to the table's stated total (63.62%),41,83.05,7730450812.1,RENUKAENTERPRISES,Renuka Enterprises (Private) Limited,company,46.06,influence,COCO <- Renuka Enterprises (Private) Limited,https://cdn.cse.lk/cmt/upload_report_file/461_1786701901029.pdf
COCR,COMMERCIAL CREDIT AND FINANCE PLC,52149,quarterly,2026-06-30,ok,verified,implied total within 0.0% of the CSE share count,,,20,90.61,30185257238.5,BGINVESTMENTS,B G INVESTMENTS (PVT) LIMITED,company,50.26,controlled,COCR <- B G INVESTMENTS (PVT) LIMITED,https://cdn.cse.lk/cmt/upload_report_file/1063_1785402292736.pdf
COLO,C M HOLDINGS PLC,52299,quarterly,2026-06-30,ok,verified,implied total within 0.0% of the CSE share count; rows add up to the table's stated total (86.82%),,,20,86.82,4894400000,LISTED:CFLB,THE COLOMBO FORT LAND & BUILDING PLC,listed,63.32,controlled,COLO <- CFLB,https://cdn.cse.lk/cmt/upload_report_file/693_1786109223030.06.2026.pdf
COMB,COMMERCIAL BANK OF CEYLON PLC,52504,quarterly,2026-06-30,ok,verified,implied total within 0.1% of the CSE share count; rows add up to the table's stated total (71.61%); ranks not parsed: [9],verified,implied total within 0.0% of the CSE share count; rows add up to the table's stated total (34.38%),40,71.61,329261082421.25,,,,,,,https://cdn.cse.lk/cmt/upload_report_file/369_1786618965674.pdf
COMD,COMMERCIAL DEVELOPMENT COMPANY PLC,52125,quarterly,2026-06-30,ok,verified,implied total within 0.0% of the CSE share count; rows add up to the table's stated total (95.49%); row 'Talpawila Kankanamge Don Aruna Prasad' disagrees with the others (excluded from the check),,,20,95.49,3522000000,LISTED:COMB,COMMERCIAL BANK OF CEYLON PLC,listed,90,controlled,COMD <- COMB,https://cdn.cse.lk/cmt/upload_report_file/619_1785229895765.06.2026-sgd.pdf
CONN,HAYLEYS LEISURE  PLC,52091,quarterly,2026-06-30,ok,verified,implied total within 0.0% of the CSE share count; rows add up to the table's stated total (88.19%),,,20,88.19,2591758992,KDDPERERA,Mr. K.D.D. Perera,individual,43.24,influence,CONN <- HAYL <- Mr. K.D.D. Perera,https://cdn.cse.lk/cmt/upload_report_file/532_1785148360885.pdf
COOP,CO-OPERATIVE INSURANCE COMPANY PLC,52656,quarterly,2026-06-30,ok,unverified,"rows imply different totals (1,655,533,752 > 1,044,995,959); 'PUTTALAM SALT LIMITED' implies 1,044,732,071",,,20,,4956532800,,,,,,,https://cdn.cse.lk/cmt/upload_report_file/2692_1786702616219.pdf
CPRT,KERNER HAUS GLOBAL SOLUTIONS PLC,52342,quarterly,2026-06-30,ok,verified,implied total within 0.0% of the CSE share count,,,20,84.52,1293966520,EKTAGLOBALPTE,EKTA GLOBAL PTE LTD,company,63.62,controlled,CPRT <- EKTA GLOBAL PTE LTD,https://cdn.cse.lk/cmt/upload_report_file/730_1786441697469.pdf
CRL,SOFTLOGIC FINANCE PLC,52248,quarterly,2026-06-30,ok,verified,implied total within 0.0% of the CSE share count; rows add up to the table's stated total (90.02%),,,20,90.03,3272748849.4,LISTED:SHL,SOFTLOGIC HOLDINGS PLC,listed,79.18,controlled,CRL <- SCAP <- SHL,https://cdn.cse.lk/cmt/upload_report_file/863_1786010214601.pdf
CSD,SEYLAN DEVELOPMENTS PLC,52143,quarterly,2026-06-30,ok,verified,implied total within 0.0% of the CSE share count,,,20,85.8,3282675003,LISTED:SEYB,SEYLAN BANK PLC,listed,74.69,controlled,CSD <- SEYB,https://cdn.cse.lk/cmt/upload_report_file/617_1785380309313.pdf
CSF,NATION LANKA FINANCE PLC,53041,quarterly,2026-07-31,ok,verified,implied total within 0.0% of the CSE share count; rows add up to the table's stated total (83.45%),,,20,83.45,0,SINGHECAPITALINVESTMENT,Singhe Capital Investment Limited,company,38.21,influence,CSF <- Singhe Capital Investment Limited,https://cdn.cse.lk/cmt/upload_report_file/368_1788178329369.pdf
CSLK,CABLE SOLUTIONS PLC,52585,quarterly,2026-06-30,ok,verified,implied total within 0.0% of the CSE share count,,,20,86.28,6259865780,LISTED:ACL,ACL CABLES PLC,listed,51,controlled,CSLK <- ACL,https://cdn.cse.lk/cmt/upload_report_file/3198_1786698481905.06.2026-CSE.pdf
CTBL,CEYLON TEA BROKERS PLC,52650,quarterly,2026-06-30,ok,verified,implied total within 0.0% of the CSE share count; rows add up to the table's stated total (90.58%),,,30,90.587,1860480000,ASHTHIHOLDINGS,Ashthi Holdings (Private) Limited,company,29.914,influence,CTBL <- Ashthi Holdings (Private) Limited,https://cdn.cse.lk/cmt/upload_report_file/923_1786702597204.06.2026.pdf
CTC,CEYLON TOBACCO COMPANY PLC,52517,quarterly,2026-06-30,ok,verified,implied total within 0.0% of the CSE share count; rows add up to the table's stated total (96.26%),,,20,96.26,334091909908.5,BRITISHAMERICANTOBACCOINTERNATIONALHOLDINGSBV,British American Tobacco International Holdings B.V.,company,84.13,controlled,CTC <- British American Tobacco International Holdings B.V.,https://cdn.cse.lk/cmt/upload_report_file/460_1786619524644.pdf
CTEA,DILMAH CEYLON TEA COMPANY PLC,52273,quarterly,2026-06-30,ok,verified,implied total within 0.0% of the CSE share count,,,20,97.99,29105081250,MJFTEAS,MJF Teas (Pvt) Ltd,company,66.61,controlled,CTEA <- MJF Teas (Pvt) Ltd,https://cdn.cse.lk/cmt/upload_report_file/489_1786100741840.06.2026.pdf
CTHR,C T HOLDINGS PLC,52445,quarterly,2026-06-30,ok,verified,implied total within 0.0% of the CSE share count; rows add up to the table's stated total (92.16%),,,20,92.19,110673134411,ODEONHOLDINGSCEYLON,Odeon Holdings (Ceylon) (Private) Ltd,company,50.11,controlled,CTHR <- Odeon Holdings (Ceylon) (Private) Ltd,https://cdn.cse.lk/cmt/upload_report_file/503_1786612568252.pdf
CTLD,C T LAND DEVELOPMENT PLC,52695,quarterly,2026-06-30,ok,verified,implied total within 0.0% of the CSE share count; rows add up to the table's stated total (90.00%),,,20,90.2,3087500000,ODEONHOLDINGSCEYLON,Odeon Holdings (Ceylon) (Private) Ltd,company,69.3,controlled,CTLD <- CTHR <- Odeon Holdings (Ceylon) (Private) Ltd,https://cdn.cse.lk/cmt/upload_report_file/614_1786708158156.pdf
CWL,CHRISSWORLD PLC,52486,quarterly,2026-06-30,ok,verified,implied total within 0.3% of the CSE share count,,,20,77,468000000,CHRISSLOGIX,CHRISSLOGIX (PRIVATE) LIMITED,company,67,controlled,CWL <- CHRISSLOGIX (PRIVATE) LIMITED,https://cdn.cse.lk/cmt/upload_report_file/2236_1786618536850.06.30.pdf
CWM,C. W. MACKIE PLC,52554,quarterly,2026-06-30,ok,verified,implied total within 0.0% of the CSE share count,,,20,90.27,6226020188,LISTED:CFLB,THE COLOMBO FORT LAND & BUILDING PLC,listed,52.6,controlled,CWM <- LCEY <- CFLB,https://cdn.cse.lk/cmt/upload_report_file/765_1786677688956.W.Mackie%20PLC%20Interim%20Report%20as%20of%2030.06.2026.pdf
DFCC,DFCC BANK PLC,52464,quarterly,2026-06-30,ok,verified,implied total within 0.0% of the CSE share count,,,20,77.74,53522416225,,,,,,,https://cdn.cse.lk/cmt/upload_report_file/371_1786617016139.pdf
DIAL,DIALOG AXIATA PLC,52713,quarterly,2026-06-30,ok,verified,implied total within 0.0% of the CSE share count,,,20,96.17,411254974231.8,AXIATAINVESTMENTSLABUAN,Axiata Investments (Labuan) Limited,company,73.75,controlled,DIAL <- Axiata Investments (Labuan) Limited,https://cdn.cse.lk/cmt/upload_report_file/389_1786711190916.pdf
DIMO,DIESEL & MOTOR ENGINEERING PLC,52510,quarterly,2026-06-30,ok,verified,implied total within 0.0% of the CSE share count; rows add up to the table's stated total (82.65%),,,20,82.64,12637915286,,,,,,,https://cdn.cse.lk/cmt/upload_report_file/694_1786620097859.pdf
DIPD,DIPPED PRODUCTS PLC,52370,quarterly,2026-06-30,ok,verified,implied total within 0.0% of the CSE share count; rows add up to the table's stated total (74.32%),,,20,74.33,34839399984,KDDPERERA,Mr. K.D.D. Perera,individual,48.92,influence,DIPD <- HAYL <- Mr. K.D.D. Perera,https://cdn.cse.lk/cmt/upload_report_file/670_1786447666602.06.2026.pdf
DIST,DISTILLERIES COMPANY OF SRI LANKA PLC,52520,quarterly,2026-06-30,ok,verified,implied total within 0.0% of the CSE share count; rows add up to the table's stated total (98.37%),,,30,98.36,241960000000,LISTED:MELS,MELSTACORP PLC,listed,92.35,controlled,DIST <- MELS,https://cdn.cse.lk/cmt/upload_report_file/463_1786620025048.pdf
DOCK,COLOMBO DOCKYARD PLC,52083,quarterly,2026-06-30,ok,verified,implied total within 0.0% of the CSE share count,,,20,84.42,46241217594,MAZAGONDOCKSHIPBUILDERS,MAZAGON DOCK SHIPBUILDERS LIMITED,company,51,controlled,DOCK <- MAZAGON DOCK SHIPBUILDERS LIMITED,https://cdn.cse.lk/cmt/upload_report_file/442_1785143710255.06.2026.pdf
DPL,DANKOTUWA PORCELAIN PLC,52365,quarterly,2026-06-30,ok,verified,implied total within 0.0% of the CSE share count,,,20,75.85,1918124456,CEYLINEINVESTMENTS,Ceyline Investments (Pvt) Ltd,company,64.89,controlled,DPL <- Ceyline Investments (Pvt) Ltd,https://cdn.cse.lk/cmt/upload_report_file/669_1786446438375.pdf
EAST,EAST WEST PROPERTIES PLC,52677,quarterly,2026-06-30,ok,verified,implied total within 0.0% of the CSE share count; rows add up to the table's stated total (85.83%),,,20,85.83,9676800000,KDDPERERA,Mr. K.D.D. Perera,individual,77.4,controlled,EAST <- Mr. K.D.D. Perera,https://cdn.cse.lk/cmt/upload_report_file/620_1786705027895.pdf
EBCR,E B CREASY & COMPANY PLC,52222,quarterly,2026-06-30,ok,verified,implied total within 0.0% of the CSE share count; rows add up to the table's stated total (90.31%),,,20,90.3,9482612920,LISTED:CFLB,THE COLOMBO FORT LAND & BUILDING PLC,listed,52.39,controlled,EBCR <- CFLB,https://cdn.cse.lk/cmt/upload_report_file/745_1785929418695.pdf
ECL,E-CHANNELLING PLC,52614,quarterly,2026-06-30,ok,verified,implied total within 0.0% of the CSE share count; rows add up to the table's stated total (93.70%),,,20,93.7,1844184366.5,MOBITEL,Mobitel (Pvt) Ltd,company,87.59,controlled,ECL <- Mobitel (Pvt) Ltd,https://cdn.cse.lk/cmt/upload_report_file/374_1786701666452.pdf
EDEN,EDEN HOTEL LANKA PLC,52706,quarterly,2026-06-30,ok,verified,implied total within 0.0% of the CSE share count; rows add up to the table's stated total (96.54%),,,25,96.55,14572800000,BROWNSHOTELSANDRESORTS,Browns Hotels And Resorts Limited,company,95.22,controlled,EDEN <- PALM <- Browns Hotels And Resorts Limited,https://cdn.cse.lk/cmt/upload_report_file/533_1786710942880.06..2026-Sgd.pdf
ELPL,ELPITIYA PLANTATIONS PLC,52578,quarterly,2026-06-30,ok,verified,"implied total within 0.0% of the CSE share count; rows add up to the table's stated total (87.99%); ranks not parsed: [4, 10]",,,20,88.02,12496592402,AITKENSPENCEPLANTATIONMANAGEMENTS,Aitken Spence Plantation Managements Ltd,company,61.64,controlled,ELPL <- Aitken Spence Plantation Managements Ltd,https://cdn.cse.lk/cmt/upload_report_file/707_1786698974534.PDF
EMER,EASTERN MERCHANTS PLC,52759,quarterly,2026-06-30,ok,verified,implied total within 0.0% of the CSE share count,,,20,83.85,1127481600,JBLDESILVA,J. B. L. De Silva,individual,27.57,influence,EMER <- J. B. L. De Silva,https://cdn.cse.lk/cmt/upload_report_file/767_1786958730465.pdf
EML,E M L CONSULTANTS PLC,52529,quarterly,2026-06-30,no_table,,,,,0,,718110000,,,,,,,https://cdn.cse.lk/cmt/upload_report_file/2386_1786622267076.06.2026.pdf
ETWO,EQUITY TWO PLC,52581,quarterly,2026-06-30,ok,verified,implied total within 0.0% of the CSE share count,,,20,93.43,1757700000,EQUITYONE,EQUITY ONE LIMITED,company,88.87,controlled,ETWO <- EQUITY ONE LIMITED,https://cdn.cse.lk/cmt/upload_report_file/621_1786699193144.pdf
EXT,EXTERMINATORS PLC,50758,quarterly,2026-09-30,no_table,,,,,0,,708222950.6,,,,,,,https://cdn.cse.lk/cmt/upload_report_file/2741_1773228266391.09.2025-merged.pdf
FCT,FIRST CAPITAL TREASURIES PLC,52521,quarterly,2026-06-30,ok,verified,implied total within 0.0% of the CSE share count; rows add up to the table's stated total (94.97%),,,20,94.97,14528160000,FIRSTCAPITAL,FIRST CAPITAL LIMITED,company,89.36,controlled,FCT <- FIRST CAPITAL LIMITED,https://cdn.cse.lk/cmt/upload_report_file/1426_1786621908905.pdf
GEST,GESTETNER OF CEYLON PLC,52255,quarterly,2026-06-30,no_text,,,,,,,780732275,,,,,,,https://cdn.cse.lk/cmt/upload_report_file/746_1786072361966.%20Financials%20as%20at%2030th%20Jun%2026.pdf
GHLL,GALADARI HOTELS (LANKA) PLC,52645,quarterly,2026-06-30,ok,verified,implied total within 0.0% of the CSE share count,,,20,91.21,7512443460,GALADARIBROTHERSCO,GALADARI BROTHERS CO.(LLC),company,63.57,controlled,GHLL <- GALADARI BROTHERS CO.(LLC),https://cdn.cse.lk/cmt/upload_report_file/541_1786702326114.pdf
GLAS,PGP GLASS CEYLON PLC,52112,quarterly,2026-06-30,ok,verified,implied total within 0.0% of the CSE share count; rows add up to the table's stated total (93.74%),,,20,93.74,53584854912,PGPGLASS,PGP GLASS PRIVATE LIMITED,company,78.65,controlled,GLAS <- PGP GLASS PRIVATE LIMITED,https://cdn.cse.lk/cmt/upload_report_file/666_1785230428618.pdf
GRAN,CEYLON GRAIN ELEVATORS PLC,52171,quarterly,2026-06-30,ok,verified,implied total within 0.0% of the CSE share count; rows add up to the table's stated total (77.68%),,,20,77.68,27480000000,PRIMASINGAPORE,"Prima Limited, Singapore",company,45.45,influence,"GRAN <- Prima Limited, Singapore",https://cdn.cse.lk/cmt/upload_report_file/671_1785489157209.pdf
GREG,AMBEON HOLDINGS PLC,52740,quarterly,2026-06-30,ok,verified,implied total within 0.0% of the CSE share count,,,27,98.07,49390761774.4,AMBEONCONSOLIDATED,AMBEON CONSOLIDATED (PRIVATE) LIMITED,company,81.43,controlled,GREG <- TAP <- AMBEON CONSOLIDATED (PRIVATE) LIMITED,https://cdn.cse.lk/cmt/upload_report_file/782_1786930433403.06.2026.pdf
GUAR,CEYLON GUARDIAN INVESTMENT TRUST PLC,52603,quarterly,2026-06-30,ok,verified,implied total within 0.0% of the CSE share count,,,21,88.67,17612758020,LISTED:CARS,CARSON CUMBERBATCH PLC,listed,68.26,controlled,GUAR <- CARS,https://cdn.cse.lk/cmt/upload_report_file/607_1786699109479.pdf
HAPU,HAPUGASTENNE PLANTATIONS PLC,52540,quarterly,2026-06-30,ok,verified,implied total within 0.0% of the CSE share count; rows add up to the table's stated total (93.83%); ranks not parsed: [17],,,20,93.83,2417684185.8,BROWNSPOWERHOLDINGS,Browns Power Holdings (Private) Limited,company,89.99,controlled,HAPU <- Browns Power Holdings (Private) Limited,https://cdn.cse.lk/cmt/upload_report_file/708_1786627801129.06.2026%20-%20Sgd_.pdf
HARI,HARISCHANDRA MILLS PLC,52181,quarterly,2026-06-30,ok,verified,implied total within 0.0% of the CSE share count,,,20,97.57,9617196000,AMBEONESSENTIALS,Ambeon Essentials(Private)Limited,company,51.11,controlled,HARI <- Ambeon Essentials(Private)Limited,https://cdn.cse.lk/cmt/upload_report_file/482_1785489989941.pdf
HASU,HNB LIFE  PLC,52151,quarterly,2026-06-30,ok,verified,implied total within 0.0% of the CSE share count,,,20,79.13,21000000000,LISTED:HNB,HATTON NATIONAL BANK PLC,listed,59.99,controlled,HASU <- HNB,https://cdn.cse.lk/cmt/upload_report_file/375_1785404787909.pdf
HAYC,HAYCARB PLC,52376,quarterly,2026-06-30,ok,verified,implied total within 0.0% of the CSE share count; rows add up to the table's stated total (81.86%),,,20,81.88,60464683125,KDDPERERA,Mr. K.D.D. Perera,individual,67.73,controlled,HAYC <- HAYL <- Mr. K.D.D. Perera,https://cdn.cse.lk/cmt/upload_report_file/494_1786449855350..pdf
HAYL,HAYLEYS PLC,52406,quarterly,2026-06-30,ok,verified,implied total within 0.0% of the CSE share count; rows add up to the table's stated total (79.23%),,,20,79.21,176887500000,KDDPERERA,Mr. K.D.D. Perera,individual,51.01,controlled,HAYL <- Mr. K.D.D. Perera,https://cdn.cse.lk/cmt/upload_report_file/505_1786534657894.27%20CSE.pdf
HBS,HSENID BUSINESS SOLUTIONS PLC,52147,quarterly,2026-06-30,no_table,,,,,0,,5994612162,,,,,,,https://cdn.cse.lk/cmt/upload_report_file/2652_1785405993049.pdf
HDFC,HOUSING DEVELOPMENT FINANCE CORPORATION BANK OF SRI LANKA,52458,quarterly,2026-06-30,ok,verified,implied total within 0.0% of the CSE share count; rows add up to the table's stated total (82.81%); ranks not parsed: [10],,,20,82.81,3882631200,NATIONALHOUSINGDEVELOPMENTAUTHORITY,National Housing Development Authority,institution,49.73,influence,HDFC <- National Housing Development Authority,https://cdn.cse.lk/cmt/upload_report_file/376_1786614164242.06.2026.pdf
HELA,HELA APPAREL HOLDINGS PLC,50514,quarterly,2025-12-31,ok,verified,implied total within 0.0% of the CSE share count; rows add up to the table's stated total (80.53%),,,20,80.53,0,LESINGHELA,Lesing Hela Limited,company,48.43,influence,HELA <- Lesing Hela Limited,https://cdn.cse.lk/cmt/upload_report_file/2727_1771210726666.pdf
HEXP,HAYLEYS FIBRE PLC,52205,quarterly,2026-06-30,ok,verified,implied total within 0.0% of the CSE share count; rows add up to the table's stated total (74.66%),,,20,74.68,3600000000,KDDPERERA,Mr. K.D.D. Perera,individual,65,controlled,HEXP <- HAYL <- Mr. K.D.D. Perera,https://cdn.cse.lk/cmt/upload_report_file/768_1785840975698.06.2026.pdf
HHL,HEMAS HOLDINGS PLC,52251,quarterly,2026-06-30,ok,verified,implied total within 0.0% of the CSE share count,,,20,80.38,93774330969.5,,,,,,,https://cdn.cse.lk/cmt/upload_report_file/506_1786012625482.pdf
HNB,HATTON NATIONAL BANK PLC,52411,quarterly,2026-06-30,ok,verified,implied total within 0.0% of the CSE share count,verified,implied total within 0.0% of the CSE share count,41,78.22,211952469570,,,,,,,https://cdn.cse.lk/cmt/upload_report_file/373_1786545582269.pdf
HNBF,HNB FINANCE PLC,52723,quarterly,2026-06-30,no_table,,,,,0,,18562306765.8,,,,,,,https://cdn.cse.lk/cmt/upload_report_file/1992_1786717837836.pdf
HOPL,HORANA PLANTATIONS PLC,52191,quarterly,2026-06-30,ok,verified,implied total within 0.0% of the CSE share count; rows add up to the table's stated total (78.28%),,,20,78.276,1372500000,HAYLEYSPLANTATIONSERVICES,Hayleys Plantation Services (Private) Limited,company,51,controlled,HOPL <- Hayleys Plantation Services (Private) Limited,https://cdn.cse.lk/cmt/upload_report_file/709_1785750237485.pdf
HPFL,LOTUS HYDRO POWER PLC,52362,quarterly,2026-06-30,ok,verified,"implied total within 0.0% of the CSE share count; rows add up to the table's stated total (93.20%); ranks not parsed: [6, 9]",,,22,93.22,1210878043.2,LOTUSRENEWABLEENERGY,LOTUS RENEWABLE ENERGY (PVT) LTD,company,73.66,controlled,HPFL <- LOTUS RENEWABLE ENERGY (PVT) LTD,https://cdn.cse.lk/cmt/upload_report_file/1000_1786445069288.pdf
HPL,HATTON PLANTATIONS PLC,52226,quarterly,2026-06-30,ok,verified,implied total within 0.0% of the CSE share count; rows add up to the table's stated total (85.89%),,,20,85.89,5893000107.9,LOTUSRENEWABLEENERGY,LOTUS RENEWABLE ENERGY (PVT) LTD,company,58.15,controlled,HPL <- LOTUS RENEWABLE ENERGY (PVT) LTD,https://cdn.cse.lk/cmt/upload_report_file/1045_1785930542137.pdf
HPWR,RESUS ENERGY PLC,52487,quarterly,2026-06-30,ok,verified,implied total within 0.0% of the CSE share count; rows add up to the table's stated total (85.00%),,,23,85.01,3835224801.5,TRYDANPARTNERS,Trydan Partners (Pvt) Ltd,company,32.54,influence,HPWR <- Trydan Partners (Pvt) Ltd,https://cdn.cse.lk/cmt/upload_report_file/881_1786618547655.pdf
HSIG,HOTEL SIGIRIYA PLC,52708,quarterly,2026-06-30,ok,verified,implied total within 0.0% of the CSE share count; rows add up to the table's stated total (78.85%),,,25,78.85,1160082000,BROWNSHOTELSANDRESORTS,Browns Hotels And Resorts Limited,company,64.29,controlled,HSIG <- SHOT <- EDEN <- PALM <- Browns Hotels And Resorts Limited,https://cdn.cse.lk/cmt/upload_report_file/544_1786710980615.pdf
HUNA,HUNAS HOLDINGS PLC,52698,quarterly,2026-06-30,ok,verified,implied total within 0.0% of the CSE share count; rows add up to the table's stated total (94.07%),,,20,94.07,12395838000,SERENITYLAKELEISURE,SERENITY LAKE LEISURE (PVT) LTD,company,89.91,controlled,HUNA <- SERENITY LAKE LEISURE (PVT) LTD,https://cdn.cse.lk/cmt/upload_report_file/546_1786704776742.pdf
HUNT,HUNTERS & COMPANY PLC,52682,quarterly,2026-06-30,ok,verified,implied total within 0.0% of the CSE share count,,,20,97.58,7717500000,LRPDOSSA,MRS L.R.P. DOSSA,individual,72.912,controlled,HUNT <- MRS L.R.P. DOSSA,https://cdn.cse.lk/cmt/upload_report_file/747_1786705934380.%20PLC%202026.06.30%20Final.compressed.pdf
HVA,HVA FOODS PLC,52183,quarterly,2026-06-30,ok,verified,implied total within 0.0% of the CSE share count; rows add up to the table's stated total (67.93%),,,20,67.93,1002557370.8,GEORGESTEUARTANDCO,GEORGE STEUART & CO LTD,company,54.4,controlled,HVA <- GEORGE STEUART & CO LTD,https://cdn.cse.lk/cmt/upload_report_file/1046_1785503009792.pdf
INME,INSUREME INSURANCE BROKERS PLC,52194,quarterly,2026-06-30,ok,verified,implied total within 0.0% of the CSE share count,,,9,99.45,3596243677.5,DIALOGAXIATADIGITALINNOVATIONFUND,DIALOG AXIATA DIGITAL INNOVATION FUND (PRIVATE) LIMITED,institution,25.67,influence,INME <- DIALOG AXIATA DIGITAL INNOVATION FUND (PRIVATE) LIMITED,https://cdn.cse.lk/cmt/upload_report_file/3421_1785753621580.pdf
JAT,JAT HOLDINGS PLC,52243,quarterly,2026-06-30,ok,verified,implied total within 0.0% of the CSE share count; rows add up to the table's stated total (84.58%),,,20,84.57,16926941822.4,AWGUNAWARDENE,Mr. A.W. Gunawardene,individual,63.63,controlled,JAT <- Mr. A.W. Gunawardene,https://cdn.cse.lk/cmt/upload_report_file/2353_1786011152811.27_Q1_SIGNED.pdf
JETS,JETWING SYMPHONY PLC,52218,quarterly,2026-06-30,no_text,,,,,,,8370420970.1,,,,,,,https://cdn.cse.lk/cmt/upload_report_file/1686_1785923191727.pdf
JFP,JF PACKAGING PLC,52724,quarterly,2026-06-30,ok,verified,implied total within 0.0% of the CSE share count; rows add up to the table's stated total (86.96%),,,20,86.97,2788521292.8,LISTED:CFLB,THE COLOMBO FORT LAND & BUILDING PLC,listed,69.95,controlled,JFP <- LCEY <- CFLB,https://cdn.cse.lk/cmt/upload_report_file/3399_1786716080566.06.2026%20CSE.pdf
JINS,JANASHAKTHI INSURANCE PLC,52661,quarterly,2026-06-30,ok,verified,implied total within 0.3% of the CSE share count; rows add up to the table's stated total (89.27%),,,20,89.27,24057077448.6,SCHAFFTERS,Schaffters (Private) Limited,company,74.24,controlled,JINS <- JXG <- Schaffters (Private) Limited,https://cdn.cse.lk/cmt/upload_report_file/841_1786704588262.pdf
JKH,JOHN KEELLS HOLDINGS PLC,52111,quarterly,2026-07-28,ok,verified,implied total within 0.0% of the CSE share count,,,20,71.6,326438179452,HWICASIAFUND,HWIC Asia Fund,institution,26.5,influence,JKH <- HWIC Asia Fund,https://cdn.cse.lk/cmt/upload_report_file/508_1785229278745.pdf
JKL,JOHN KEELLS PLC,52101,quarterly,2026-07-27,ok,verified,implied total within 0.0% of the CSE share count; rows add up to the table's stated total (94.20%),,,20,94.18,4389760000,LISTED:JKH,JOHN KEELLS HOLDINGS PLC,listed,86.9,controlled,JKL <- JKH,https://cdn.cse.lk/cmt/upload_report_file/731_1785161967165.pdf
JXG,JANASHAKTHI PLC,52751,quarterly,2026-06-30,ok,verified,"implied total within 0.0% of the CSE share count; rows add up to the table's stated total (81.48%); ranks not parsed: [5, 7, 8, 11]",,,25,81.43,22540000000,SCHAFFTERS,Schaffters (Private) Limited,company,62.17,controlled,JXG <- Schaffters (Private) Limited,https://cdn.cse.lk/cmt/upload_report_file/3579_1786936613406.pdf
KAHA,KAHAWATTE PLANTATIONS PLC,52675,quarterly,2026-06-30,ok,verified,implied total within 0.0% of the CSE share count; rows add up to the table's stated total (89.91%),,,20,89.9,1431456350.4,FORBESPLANTATIONS,Forbes Plantations (Private) Ltd,company,51.26,controlled,KAHA <- Forbes Plantations (Private) Ltd,https://cdn.cse.lk/cmt/upload_report_file/710_1786705126732.pdf
KCAB,KELANI CABLES PLC,52507,quarterly,2026-06-30,ok,verified,implied total within 0.0% of the CSE share count,,,20,83.92,20928000000,LANKAOLEXCABLES,Lanka Olex Cables (Private) Ltd,company,75,controlled,KCAB <- Lanka Olex Cables (Private) Ltd,https://cdn.cse.lk/cmt/upload_report_file/672_1786619937661.06.26%20CSE.pdf
KDL,KELSEY DEVELOPMENTS PLC,53052,quarterly,2026-07-31,no_text,,,,,,,0,,,,,,,https://cdn.cse.lk/cmt/upload_report_file/625_1788260565565.pdf
KFP,KEELLS FOOD PRODUCTS PLC,52076,quarterly,2026-07-27,ok,verified,implied total within 0.0% of the CSE share count,,,20,97.59,4111875000,LISTED:JKH,JOHN KEELLS HOLDINGS PLC,listed,89.95,controlled,KFP <- JKH,https://cdn.cse.lk/cmt/upload_report_file/483_1785118668303.pdf
KGAL,KEGALLE PLANTATIONS PLC,52499,quarterly,2026-06-30,ok,verified,implied total within 0.0% of the CSE share count; rows add up to the table's stated total (86.07%),,,25,86.07,3212500000,RPCPLANTATIONMANAGEMENTSERVICES,RPC Plantation Management Services (Pvt) Ltd,company,79.68,controlled,KGAL <- RPC Plantation Management Services (Pvt) Ltd,https://cdn.cse.lk/cmt/upload_report_file/711_1786618620835.1-2026-27-KPPLC.pdf
KHC,THE KANDY HOTELS COMPANY (1938) PLC,52671,quarterly,2026-06-30,no_table,,,,,0,,8825418260.1,,,,,,,https://cdn.cse.lk/cmt/upload_report_file/547_1786703621101.06.pdf
KHL,JOHN KEELLS HOTELS PLC,52113,quarterly,2026-07-28,ok,verified,implied total within 0.0% of the CSE share count,,,25,92.48,22279045734,LISTED:JKH,JOHN KEELLS HOLDINGS PLC,listed,80.32,controlled,KHL <- JKH,https://cdn.cse.lk/cmt/upload_report_file/561_1785229393676.pdf
KOTA,KOTAGALA PLANTATIONS PLC,52361,quarterly,2026-06-30,ok,verified,implied total within 0.0% of the CSE share count; rows add up to the table's stated total (70.04%),,,20,70.04,3173554687.5,CONSOLIDATEDTEAPLANTATIONS,CONSOLIDATED TEA PLANTATIONS LIMITED,company,51.43,controlled,KOTA <- CONSOLIDATED TEA PLANTATIONS LIMITED,https://cdn.cse.lk/cmt/upload_report_file/713_1786445436347.06.2026%20%20Interim%20Financial%20Statements.pdf
KPHL,KAPRUKA HOLDINGS PLC,52619,quarterly,2026-06-30,ok,verified,implied total within 0.0% of the CSE share count; rows add up to the table's stated total (90.49%),,,20,90.46,2691737904,HPDVHERATH,MR. H.P.D.V. HERATH,individual,80,controlled,KPHL <- MR. H.P.D.V. HERATH,https://cdn.cse.lk/cmt/upload_report_file/2714_1786700376627.pdf
KVAL,KELANI VALLEY PLANTATIONS PLC,52231,quarterly,2026-06-30,ok,verified,implied total within 0.0% of the CSE share count; rows add up to the table's stated total (84.67%),,,20,84.69,5358400000,DPLPLANTATIONS,DPL PLANTATIONS (PRIVATE) LIMITED,company,72.43,controlled,KVAL <- DPL PLANTATIONS (PRIVATE) LIMITED,https://cdn.cse.lk/cmt/upload_report_file/712_1785933529511.pdf
KZOO,CEYLON LAND & EQUITY PLC,52086,quarterly,2026-06-30,ok,verified,implied total within 0.0% of the CSE share count; rows add up to the table's stated total (78.87%),,,21,78.85,6943412482.5,RENUKALAND,Renuka Land (Pvt) Ltd,company,34.51,influence,KZOO <- Renuka Land (Pvt) Ltd,https://cdn.cse.lk/cmt/upload_report_file/732_1785147999165.pdf
LALU,LANKA ALUMINIUM INDUSTRIES PLC,52418,quarterly,2026-06-30,no_text,,,,,,,2397994025,,,,,,,https://cdn.cse.lk/cmt/upload_report_file/674_1786591720270.pdf
LAMB,KOTMALE HOLDINGS PLC,52443,quarterly,2026-06-30,ok,verified,implied total within 0.0% of the CSE share count; rows add up to the table's stated total (99.78%),,,20,99.77,37680000000,CARGILLSDAIRIES,Cargills Dairies (Pvt) Ltd,company,99.34,controlled,LAMB <- Cargills Dairies (Pvt) Ltd,https://cdn.cse.lk/cmt/upload_report_file/484_1786612481023.pdf
LCBF,LANKA CREDIT AND BUSINESS FINANCE PLC,52175,quarterly,2026-06-30,ok,verified,implied total within 0.0% of the CSE share count; rows add up to the table's stated total (64.83%),,,20,64.84,4424945168,LANKACREDITANDBUSINESS,Lanka Credit and Business Limited,company,54.99,controlled,LCBF <- Lanka Credit and Business Limited,https://cdn.cse.lk/cmt/upload_report_file/2512_1785493631763.06.2026%20V2%20-%20SGD.pdf
LCEY,LANKEM CEYLON PLC,52739,quarterly,2026-06-30,ok,verified,implied total within 0.0% of the CSE share count; rows add up to the table's stated total (92.00%),,,20,91.98,4186288236,LISTED:CFLB,THE COLOMBO FORT LAND & BUILDING PLC,listed,50.87,controlled,LCEY <- CFLB,https://cdn.cse.lk/cmt/upload_report_file/497_1786818694364.06.2026%20CSE.pdf
LDEV,LANKEM DEVELOPMENTS PLC,52314,quarterly,2026-06-30,ok,verified,implied total within 0.0% of the CSE share count; rows add up to the table's stated total (79.76%),,,20,79.76,2688000000,CONSOLIDATEDTEAPLANTATIONS,CONSOLIDATED TEA PLANTATIONS LIMITED,company,49.2,influence,LDEV <- CONSOLIDATED TEA PLANTATIONS LIMITED,https://cdn.cse.lk/cmt/upload_report_file/446_1786359626917.pdf
LFIN,L B FINANCE PLC,52024,quarterly,2026-06-30,ok,verified,implied total within 0.0% of the CSE share count; rows add up to the table's stated total (89.68%),,,20,89.678,81446398992,KDDPERERA,Mr. K.D.D. Perera,individual,77.83,controlled,LFIN <- VONE <- Mr. K.D.D. Perera,https://cdn.cse.lk/cmt/upload_report_file/379_1784195933058.06.2026.pdf
LGIL,LOLC GENERAL INSURANCE PLC,52412,quarterly,2026-06-30,ok,verified,implied total within 0.0% of the CSE share count; rows add up to the table's stated total (94.67%),,,20,94.68,8160000000,LOLCASSETHOLDINGS,LOLC Asset Holdings Limited,company,63.75,controlled,LGIL <- LOLC Asset Holdings Limited,https://cdn.cse.lk/cmt/upload_report_file/2693_1786537566905.pdf
LGL,LAUGFS GAS PLC,52460,quarterly,2026-06-30,ok,verified,implied total within 0.0% of the CSE share count,verified,implied total within 0.0% of the CSE share count,40,86.05,15194503500.2,LAUGFSHOLDINGS,LAUGFS HOLDINGS LTD,company,74.02,controlled,LGL <- LAUGFS HOLDINGS LTD,https://cdn.cse.lk/cmt/upload_report_file/1020_1786614363829.pdf
LHCL,THE LANKA HOSPITALS CORPORATION PLC,52609,quarterly,2026-06-30,ok,verified,implied total within 0.0% of the CSE share count; rows add up to the table's stated total (96.17%),,,20,96.17,24834270759,FORTISHEALTHCAREINTERNATIONALPTE,Fortis Healthcare International Pte Ltd,company,28.66,influence,LHCL <- Fortis Healthcare International Pte Ltd,https://cdn.cse.lk/cmt/upload_report_file/516_1786699834011.06.30.pdf
LHL,THE LIGHTHOUSE HOTEL PLC,52204,quarterly,2026-06-30,ok,verified,implied total within 0.0% of the CSE share count; rows add up to the table's stated total (95.73%),,,20,95.73,2911800000,JETWINGHOTELSMANAGEMENTSERVICES,JETWING HOTELS MANAGEMENT SERVICES (PVT) LTD,company,41.24,influence,LHL <- JETWING HOTELS MANAGEMENT SERVICES (PVT) LTD,https://cdn.cse.lk/cmt/upload_report_file/562_1785838607551.pdf
LIOC,LANKA IOC PLC,52032,quarterly,2026-06-30,ok,verified,implied total within 0.0% of the CSE share count; rows add up to the table's stated total (85.35%); ranks not parsed: [17],,,20,85.35,67623144535,INDIANOILCORPORATIONINDIA,"Indian Oil Corporation Limited, India",company,75.12,controlled,"LIOC <- Indian Oil Corporation Limited, India",https://cdn.cse.lk/cmt/upload_report_file/729_1784289979695.pdf
LION,LION BREWERY CEYLON PLC,52628,quarterly,2026-06-30,ok,verified,implied total within 0.0% of the CSE share count; ranks not parsed: [4],,,19,89.86,149720000000,LISTED:CARS,CARSON CUMBERBATCH PLC,listed,52.25,controlled,LION <- BREW <- CARS,https://cdn.cse.lk/cmt/upload_report_file/485_1786700123426.pdf
LITE,LAXAPANA PLC,52224,quarterly,2026-06-30,ok,verified,implied total within 0.0% of the CSE share count; rows add up to the table's stated total (92.92%),,,23,92.93,2887407340.4,LISTED:CFLB,THE COLOMBO FORT LAND & BUILDING PLC,listed,68.26,controlled,LITE <- EBCR <- CFLB,https://cdn.cse.lk/cmt/upload_report_file/498_1785929291647.pdf
LLUB,CHEVRON LUBRICANTS LANKA PLC,52126,quarterly,2026-06-30,no_text,,,,,,,49320000000,,,,,,,https://cdn.cse.lk/cmt/upload_report_file/668_1785233115303.06.2026.pdf
LMF,LANKA MILK FOODS (CWE) PLC,52402,quarterly,2026-06-30,ok,verified,implied total within 0.0% of the CSE share count; rows add up to the table's stated total (82.48%),,,25,82.48,33238338000,MILFORDEXPORTSCEYLON,MILFORD EXPORTS (CEYLON) (PVT) LIMITED,company,33.57,influence,LMF <- MILFORD EXPORTS (CEYLON) (PVT) LIMITED,https://cdn.cse.lk/cmt/upload_report_file/486_1786532273917.pdf
LOFC,LOLC FINANCE PLC,52324,quarterly,2026-06-30,ok,verified,implied total within 0.0% of the CSE share count,,,20,97.2,147800735805,LOLCCEYLONHOLDINGS,LOLC Ceylon Holdings PLC,company,96.29,controlled,LOFC <- LOLC Ceylon Holdings PLC,https://cdn.cse.lk/cmt/upload_report_file/1073_1786360795219.pdf
LOLC,LOLC HOLDINGS PLC,52684,quarterly,2026-06-30,ok,verified,implied total within 0.0% of the CSE share count; rows add up to the table's stated total (93.67%),,,26,93.66,203385600000,ISHARACHINTHAKANANAYAKKARA,Ishara Chinthaka Nanayakkara,individual,48.9,influence,LOLC <- Ishara Chinthaka Nanayakkara,https://cdn.cse.lk/cmt/upload_report_file/378_1786706486801.pdf
LPL,LAUGFS POWER PLC,52472,quarterly,2026-06-30,no_text,,,,,,,4008600911.6,,,,,,,https://cdn.cse.lk/cmt/upload_report_file/1930_1786617975680.pdf
LPRT,LAKE HOUSE PRINTERS AND PUBLISHERS PLC,52691,quarterly,2026-06-30,ok,verified,implied total within 0.0% of the CSE share count; rows add up to the table's stated total (95.86%),,,20,95.86,1742520596.25,RSWIJEWARDENE,Mr. R.S.Wijewardene,individual,35.82,influence,LPRT <- Mr. R.S.Wijewardene,https://cdn.cse.lk/cmt/upload_report_file/741_1786707392842.pdf
LUMX,LUMINEX PLC,52379,quarterly,2026-06-30,ok,verified,implied total within 0.0% of the CSE share count,,,20,89.94,2170000000,GRPFERNANDO,MR. G.R.P. FERNANDO,individual,44.57,influence,LUMX <- MR. G.R.P. FERNANDO,https://cdn.cse.lk/cmt/upload_report_file/2790_1786503376828.pdf
LVEF,LVL ENERGY FUND PLC,52519,quarterly,2026-06-30,ok,verified,implied total within 0.0% of the CSE share count; rows add up to the table's stated total (59.46%),,,20,59.46,4368212875.2,HNBINVESTMENTBANK,HNB INVESTMENT BANK (PVT) LTD,company,51.46,controlled,LVEF <- LVEN <- HNB INVESTMENT BANK (PVT) LTD,https://cdn.cse.lk/cmt/upload_report_file/1707_1786620071086.pdf
LVEN,LANKA VENTURES PLC,52511,quarterly,2026-06-30,ok,verified,implied total within 0.0% of the CSE share count; rows add up to the table's stated total (87.92%),,,20,87.92,2799596736,HNBINVESTMENTBANK,HNB INVESTMENT BANK (PVT) LTD,company,79.6,controlled,LVEN <- HNB INVESTMENT BANK (PVT) LTD,https://cdn.cse.lk/cmt/upload_report_file/377_1786619969054.pdf
LWL,LANKA WALLTILES PLC,52253,quarterly,2026-06-30,ok,verified,implied total within 0.0% of the CSE share count; rows add up to the table's stated total (81.67%),,,25,81.669,11520600000,KDDPERERA,Mr. K.D.D. Perera,individual,54.55,controlled,LWL <- RCL <- VONE <- Mr. K.D.D. Perera,https://cdn.cse.lk/cmt/upload_report_file/678_1786015830338.pdf
MADU,MADULSIMA PLANTATIONS PLC,52629,quarterly,2026-06-30,ok,verified,implied total within 0.0% of the CSE share count; rows add up to the table's stated total (94.20%),,,20,94.19,1474659543.9,LISTED:MELS,MELSTACORP PLC,listed,55.17,controlled,MADU <- MELS,https://cdn.cse.lk/cmt/upload_report_file/721_1786700995406.pdf
MAL,MALWATTE VALLEY PLANTATIONS PLC,52391,quarterly,2026-06-30,ok,verified,implied total within 0.0% of the CSE share count,verified,implied total within 0.0% of the CSE share count,40,88.5,12207155413.9,WAYAMBAPLANTATION,Wayamba Plantation (Private) Limited,company,66.98,controlled,MAL <- Wayamba Plantation (Private) Limited,https://cdn.cse.lk/cmt/upload_report_file/722_1786529946797.pdf
MARA,MARAWILA RESORTS PLC,52399,quarterly,2026-06-30,ok,verified,implied total within 0.0% of the CSE share count; rows add up to the table's stated total (70.63%),,,20,70.64,1759616945,COLOMBOFORTHOTELS,COLOMBO FORT HOTELS LIMITED,company,44.34,influence,MARA <- COLOMBO FORT HOTELS LIMITED,https://cdn.cse.lk/cmt/upload_report_file/564_1786527786015.06.2026.pdf
MASK,MASKELIYA PLANTATIONS PLC,52497,quarterly,2026-06-30,ok,verified,implied total within 0.0% of the CSE share count; rows add up to the table's stated total (90.83%),,,25,90.82,3339720969.1,RPCMANAGEMENTSERVICES,R.P.C Management Services (Pvt) Ltd,company,83.4,controlled,MASK <- R.P.C Management Services (Pvt) Ltd,https://cdn.cse.lk/cmt/upload_report_file/723_1786618662400.pdf
MBSL,MERCHANT BANK OF SRI LANKA & FINANCE PLC,52746,quarterly,2026-06-30,ok,verified,implied total within 0.0% of the CSE share count,,,20,90.54,4720856733,BANKOFCEYLONNO1,Bank of Ceylon-No. 1,company,76.56,controlled,MBSL <- Bank of Ceylon-No. 1,https://cdn.cse.lk/cmt/upload_report_file/380_1786934627322.06.2026%20%281%29.pdf
MCPL,MAHAWELI COCONUT PLANTATIONS PLC,52591,quarterly,2026-06-30,ok,verified,implied total within 0.0% of the CSE share count; rows add up to the table's stated total (53.27%),,,20,53.21,1508332556.5,,,,,,,https://cdn.cse.lk/cmt/upload_report_file/1907_1786699549824.06.2026%20-%20MCPL.pdf
MDL,MYLAND DEVELOPMENTS PLC,52207,quarterly,2026-06-30,ok,verified,implied total within 0.0% of the CSE share count; rows add up to the table's stated total (89.63%),,,20,89.63,659750000,AMBEONCONSOLIDATED,AMBEON CONSOLIDATED (PRIVATE) LIMITED,company,51.03,controlled,MDL <- TAP <- AMBEON CONSOLIDATED (PRIVATE) LIMITED,https://cdn.cse.lk/cmt/upload_report_file/2672_1785841841822.pdf
MEL,GREENTECH ENERGY PLC,52781,quarterly,2026-06-30,ok,verified,implied total within 0.0% of the CSE share count; rows add up to the table's stated total (66.30%),,,20,66.3,450000000,MACKWOODS,Mackwoods (Pvt) Ltd,company,53.06,controlled,MEL <- Mackwoods (Pvt) Ltd,https://cdn.cse.lk/cmt/upload_report_file/1161_1787051637550.06.2026.pdf
MELS,MELSTACORP PLC,52573,quarterly,2026-06-30,ok,verified,implied total within 0.0% of the CSE share count; rows add up to the table's stated total (92.54%),,,25,92.54,211519568568,MILFORDEXPORTSCEYLON,MILFORD EXPORTS (CEYLON) (PVT) LIMITED,company,42.97,influence,MELS <- MILFORD EXPORTS (CEYLON) (PVT) LIMITED,https://cdn.cse.lk/cmt/upload_report_file/1507_1786698642831.pdf
MERC,MERCANTILE INVESTMENTS AND FINANCE PLC,52310,quarterly,2026-06-30,ok,verified,implied total within 0.0% of the CSE share count,,,20,96.77,12565080000,,,,,,,https://cdn.cse.lk/cmt/upload_report_file/1064_1786356283470.pdf
MFPE,MAHARAJA FOODS PLC,52527,quarterly,2026-06-30,ok,verified,implied total within 0.0% of the CSE share count,,,20,85.78,2004341786,GTVGLOBALHOLDINGS,G.T. V GLOBAL HOLDINGS (PRIVATE) LIMITED,company,65.45,controlled,MFPE <- G.T. V GLOBAL HOLDINGS (PRIVATE) LIMITED,https://cdn.cse.lk/cmt/upload_report_file/3178_1786621339550.06.2026%20%20signed.pdf
MGT,HAYLEYS FABRIC PLC,52203,quarterly,2026-06-30,ok,verified,implied total within 0.0% of the CSE share count; rows add up to the table's stated total (79.72%),,,20,79.73,10096207156.8,KDDPERERA,Mr. K.D.D. Perera,individual,58.96,controlled,MGT <- HAYL <- Mr. K.D.D. Perera,https://cdn.cse.lk/cmt/upload_report_file/403_1785836980204.pdf
MHDL,MILLENNIUM HOUSING DEVELOPERS PLC,52332,quarterly,2026-06-30,ok,verified,implied total within 0.0% of the CSE share count,,,21,86.35,902364844,CEYOKA,Ceyoka (Pvt) Limited,company,28.28,influence,MHDL <- Ceyoka (Pvt) Limited,https://cdn.cse.lk/cmt/upload_report_file/1304_1786424768775.pdf
MRH,MAHAWELI REACH HOTELS PLC,52137,quarterly,2026-06-30,ok,verified,implied total within 0.0% of the CSE share count,,,20,94.14,790716309.6,UNIVERSALENTERPRISES,Universal Enterprises Pvt. Ltd,company,69.44,controlled,MRH <- Universal Enterprises Pvt. Ltd,https://cdn.cse.lk/cmt/upload_report_file/563_1785235761688.06.2026%20-%20Final.pdf
MSL,MERCANTILE SHIPPING COMPANY PLC,52681,quarterly,2026-06-30,no_table,,,,,0,,552639307.5,,,,,,,https://cdn.cse.lk/cmt/upload_report_file/742_1786705811192.06.2026.pdf
MULL,MULLER AND PHIPPS (CEYLON) PLC,52223,quarterly,2026-06-30,ok,verified,implied total within 0.0% of the CSE share count; rows add up to the table's stated total (73.59%),,,22,73.58,594300000,LISTED:CFLB,THE COLOMBO FORT LAND & BUILDING PLC,listed,51.26,controlled,MULL <- EBCR <- CFLB,https://cdn.cse.lk/cmt/upload_report_file/763_1785929167891.06.2026.pdf
NAMU,NAMUNUKULA PLANTATIONS PLC,52501,quarterly,2026-06-30,ok,verified,implied total within 0.0% of the CSE share count; rows add up to the table's stated total (89.28%),,,23,89.28,15437500000,RPCPLANTATIONMANAGEMENTSERVICES,RPC Plantation Management Services (Pvt) Ltd,company,67.98,controlled,NAMU <- RPC Plantation Management Services (Pvt) Ltd,https://cdn.cse.lk/cmt/upload_report_file/725_1786618707218.pdf
NDB,NATIONAL DEVELOPMENT BANK PLC,52054,quarterly,2026-06-30,ok,verified,implied total within 0.0% of the CSE share count,,,20,75.6,46245168238,,,,,,,https://cdn.cse.lk/cmt/upload_report_file/386_1784717094209.pdf
NEH,THE NUWARA ELIYA HOTELS COMPANY PLC,52375,quarterly,2026-06-30,ok,verified,implied total within 0.0% of the CSE share count,,,20,97,9580320300,LISTED:MERC,MERCANTILE INVESTMENTS AND FINANCE PLC,listed,26.12,influence,NEH <- MERC,https://cdn.cse.lk/cmt/upload_report_file/566_1786502157273.pdf
NHL,NAWALOKA HOSPITALS PLC,52688,quarterly,2026-06-30,ok,verified,implied total within 0.0% of the CSE share count; rows add up to the table's stated total (94.83%),,,21,94.82,15645512115.6,HKJDHARMADASA,Mr. H K J Dharmadasa,individual,32.83,influence,NHL <- Mr. H K J Dharmadasa,https://cdn.cse.lk/cmt/upload_report_file/980_1786705641810.06.2026%20v16_F2%20%28Submitted%29.pdf
NTB,NATIONS TRUST BANK PLC,52434,quarterly,2026-06-30,no_table,,,,,0,,104745566696.5,,,,,,,https://cdn.cse.lk/cmt/upload_report_file/387_1786611868010.pdf
ODEL,ODEL PLC,52552,quarterly,2026-06-30,ok,verified,implied total within 0.0% of the CSE share count,,,20,99.26,5222188359.8,SOFTLOGICRETAILHOLDINGS,SOFTLOGIC RETAIL HOLDINGS (PRIVATE) LIMITED,company,98.79,controlled,ODEL <- SOFTLOGIC RETAIL HOLDINGS (PRIVATE) LIMITED,https://cdn.cse.lk/cmt/upload_report_file/960_1786623949605.2_sgd.pdf
OFEQ,OFFICE EQUIPMENT PLC,52525,quarterly,2026-06-30,ok,verified,implied total within 0.0% of the CSE share count; rows add up to the table's stated total (88.29%),,,20,88.34,375935560,,,,,,,https://cdn.cse.lk/cmt/upload_report_file/769_1786620451775.06.2026.pdf
ONAL,ON ALLY HOLDINGS PLC,52400,quarterly,2026-06-30,ok,verified,implied total within 0.0% of the CSE share count; rows add up to the table's stated total (98.02%),,,20,98.022,4045634284.5,LISTED:ASCO,LANKA REALTY INVESTMENTS PLC,listed,50.886,controlled,ONAL <- ASCO,https://cdn.cse.lk/cmt/upload_report_file/627_1786531528837.06.2026.pdf
OSEA,OVERSEAS REALTY (CEYLON) PLC,52052,quarterly,2026-06-30,ok,verified,implied total within 0.0% of the CSE share count; rows add up to the table's stated total (93.60%),,,20,93.6,63643114598.4,SHINGKWANINVESTMENTCO,SHING KWAN INVESTMENT COMPANY LIMITED 1,company,38.43,influence,OSEA <- SHING KWAN INVESTMENT COMPANY LIMITED 1,https://cdn.cse.lk/cmt/upload_report_file/628_1784711385992.pdf
PABC,PAN ASIA BANKING CORPORATION PLC,52466,quarterly,2026-06-30,ok,verified,implied total within 0.0% of the CSE share count; rows add up to the table's stated total (73.29%),,,20,73.29,22083825287.1,KDDPERERA,Mr. K.D.D. Perera,individual,29.99,influence,PABC <- Mr. K.D.D. Perera,https://cdn.cse.lk/cmt/upload_report_file/388_1786615791129.pdf
PACK,EX-PACK CORRUGATED CARTONS PLC,52528,quarterly,2026-06-30,ok,verified,implied total within 0.0% of the CSE share count,,,20,78.21,3599999996.4,ABERDEENHOLDINGS,ABERDEEN HOLDINGS (PRIVATE) LIMITED,company,65.02,controlled,PACK <- ABERDEEN HOLDINGS (PRIVATE) LIMITED,https://cdn.cse.lk/cmt/upload_report_file/2511_1786622226497.pdf
PALM,PALM GARDEN HOTELS PLC,52711,quarterly,2026-06-30,ok,verified,implied total within 0.0% of the CSE share count; rows add up to the table's stated total (99.45%),,,25,99.44,21940695700,BROWNSHOTELSANDRESORTS,Browns Hotels And Resorts Limited,company,98.92,controlled,PALM <- Browns Hotels And Resorts Limited,https://cdn.cse.lk/cmt/upload_report_file/529_1786710899817.pdf
PAP,PANASIAN POWER PLC,52355,quarterly,2026-06-30,ok,verified,implied total within 0.0% of the CSE share count; rows add up to the table's stated total (83.67%),,,20,83.67,8000000000,LISTED:RIL,R I L PROPERTY PLC,listed,75,controlled,PAP <- RIL,https://cdn.cse.lk/cmt/upload_report_file/1040_1786442603758.pdf
PARA,PARAGON CEYLON PLC,52522,quarterly,2026-06-30,ok,verified,implied total within 0.0% of the CSE share count; rows add up to the table's stated total (82.95%),,,20,82.95,514894130,ODEONHOLDINGSCEYLON,Odeon Holdings (Ceylon) (Private) Ltd,company,22.21,influence,PARA <- CTHR <- Odeon Holdings (Ceylon) (Private) Ltd,https://cdn.cse.lk/cmt/upload_report_file/743_1786620389883.06.2026.pdf
PARQ,SWISSTEK (CEYLON) PLC,52247,quarterly,2026-06-30,ok,verified,implied total within 0.0% of the CSE share count; rows add up to the table's stated total (79.81%),,,25,79.808,10852998000,LANKAFLOORTILES,LANKA FLOORTILES PLC,company,47.805,influence,PARQ <- LANKA FLOORTILES PLC,https://cdn.cse.lk/cmt/upload_report_file/679_1786008746638.6.2026.pdf
PEG,PEGASUS HOTELS OF CEYLON PLC,52605,quarterly,2026-06-30,ok,unverified,"implied total 42,212,289 vs CSE share count 84,420,940 (-50.0%)",,,21,,1435155980,,,,,,,https://cdn.cse.lk/cmt/upload_report_file/567_1786699262880.pdf
PHAR,COLOMBO CITY HOLDINGS PLC,52209,quarterly,2026-06-30,ok,verified,implied total within 0.0% of the CSE share count,,,21,87.93,4843220885,AMBEONCONSOLIDATED,AMBEON CONSOLIDATED (PRIVATE) LIMITED,company,77.63,controlled,PHAR <- GREG <- TAP <- AMBEON CONSOLIDATED (PRIVATE) LIMITED,https://cdn.cse.lk/cmt/upload_report_file/744_1785843841492.pdf
PINS,PEOPLE'S INSURANCE PLC,52457,quarterly,2026-06-30,ok,unverified,"rows sum to 179,809,285 shares / 88.29% but the table's total says 180,941,185 / 88.85%",,,19,,5640619640.6,,,,,,,https://cdn.cse.lk/cmt/upload_report_file/1465_1786614115368.pdf
PKME,DIGITAL MOBILITY SOLUTIONS LANKA PLC,52136,quarterly,2026-06-30,ok,verified,implied total within 0.1% of the CSE share count; ranks not parsed: [13],,,22,75.09,51575644075.5,JZHASSEN,J.Z. Hassen,individual,34.23,influence,PKME <- J.Z. Hassen,https://cdn.cse.lk/cmt/upload_report_file/3218_1785237350161.pdf
PLC,PEOPLE'S LEASING & FINANCE PLC,52331,quarterly,2026-06-30,ok,verified,implied total within 2.6% of the CSE share count,,,20,90.85,38583779870,PEOPLESBANK,PEOPLES' BANK,company,75,controlled,PLC <- PEOPLES' BANK,https://cdn.cse.lk/cmt/upload_report_file/1103_1786413386791.pdf
PLR,PRIME LANDS RESIDENCIES PLC,52260,quarterly,2026-06-30,ok,verified,implied total within 0.0% of the CSE share count; rows add up to the table's stated total (84.21%),,,20,84.23,35062500000,PRIMELANDS,Prime Lands (Pvt) Ltd,company,75.15,controlled,PLR <- Prime Lands (Pvt) Ltd,https://cdn.cse.lk/cmt/upload_report_file/2279_1786093519999.pdf
PMB,PMF FINANCE PLC,52508,quarterly,2026-06-30,ok,verified,implied total within 0.0% of the CSE share count; rows add up to the table's stated total (93.55%),,,20,93.55,3566655400,STERLINGCAPITALINVESTMENTS,Sterling Capital Investments (Private) Limited,company,81.58,controlled,PMB <- Sterling Capital Investments (Private) Limited,https://cdn.cse.lk/cmt/upload_report_file/405_1786619148735.06.2026%20%281%29.pdf
RAL,RENUKA AGRI FOODS PLC,52635,quarterly,2026-06-30,ok,verified,implied total within 0.0% of the CSE share count; rows add up to the table's stated total (76.22%),,,20,76.25,8693421832.8,LISTED:COCO,RENUKA FOODS PLC,listed,53.03,controlled,RAL <- COCO,https://cdn.cse.lk/cmt/upload_report_file/901_1786701765506.pdf
RCH,RENUKA HOTELS PLC,52450,quarterly,2026-06-30,ok,verified,implied total within 0.0% of the CSE share count; rows add up to the table's stated total (92.67%),,,20,92.67,7616233170,RBTHAMBIAYAHNATHAMBIAYAHSRTHAMBIAYAH,Mr.R.B.Thambiayah / Mrs.N.A. Thambiayah/ Ms.S.R.Thambiayah,joint,21.48,influence,RCH <- Mr.R.B.Thambiayah / Mrs.N.A. Thambiayah/ Ms.S.R.Thambiayah,https://cdn.cse.lk/cmt/upload_report_file/1631_1786613992830.08.2026.pdf
RCL,ROYAL CERAMICS LANKA PLC,52302,quarterly,2026-06-30,ok,verified,implied total within 0.0% of the CSE share count,,,30,83.28,48193382040,KDDPERERA,Mr. K.D.D. Perera,individual,56.14,controlled,RCL <- VONE <- Mr. K.D.D. Perera,https://cdn.cse.lk/cmt/upload_report_file/683_1786105121872.pdf
REEF,CITRUS LEISURE  PLC,52719,quarterly,2026-06-30,ok,verified,implied total within 0.0% of the CSE share count; rows add up to the table's stated total (68.62%),,,20,68.59,2130429434.1,GEORGESTEUARTANDCO,GEORGE STEUART & CO LTD,company,51.66,controlled,REEF <- GEORGE STEUART & CO LTD,https://cdn.cse.lk/cmt/upload_report_file/568_1786715851284.pdf
RENU,RENUKA CITY HOTEL PLC,52449,quarterly,2026-06-30,ok,verified,implied total within 0.0% of the CSE share count; rows add up to the table's stated total (89.09%); ranks not parsed: [18],,,20,89.09,5171250000,LISTED:RCH,RENUKA HOTELS PLC,listed,71.88,controlled,RENU <- RCH,https://cdn.cse.lk/cmt/upload_report_file/569_1786613802908.08.2026.pdf
REXP,RICHARD PIERIS EXPORTS PLC,52505,quarterly,2026-06-30,ok,verified,implied total within 0.0% of the CSE share count; rows add up to the table's stated total (89.31%),,,20,89.7,3552861846.25,LISTED:RICH,RICHARD PIERIS AND COMPANY PLC,listed,84.13,controlled,REXP <- RICH,https://cdn.cse.lk/cmt/upload_report_file/771_1786618746356.pdf
RFL,RAMBODA FALLS PLC,52570,quarterly,2026-06-30,ok,verified,implied total within 0.0% of the CSE share count,,,20,94.82,442000000,KLYEOH,Mr. K.L.Yeoh,individual,64.69,controlled,RFL <- Mr. K.L.Yeoh,https://cdn.cse.lk/cmt/upload_report_file/1185_1786698299617.%20Interinm%20Financial%20Statement%20Quarted%20Ended%2030th%20June%202026.pdf
RGEM,RADIANT GEMS INTERNATIONAL PLC,52431,quarterly,2026-06-30,no_text,,,,,,,273600000,,,,,,,https://cdn.cse.lk/cmt/upload_report_file/770_1786611993972.pdf
RHL,RENUKA HOLDINGS PLC,52652,quarterly,2026-06-30,ok,verified,implied total within 0.0% of the CSE share count; rows add up to the table's stated total (87.31%),verified,implied total within 0.0% of the CSE share count; rows add up to the table's stated total (67.80%),40,87.32,6851001774.4,RENUKAGROUP,Renuka Group Ltd,company,50.07,controlled,RHL <- Renuka Group Ltd,https://cdn.cse.lk/cmt/upload_report_file/821_1786702046729.pdf
RHTL,THE FORTRESS RESORTS PLC,52261,quarterly,2026-06-30,no_text,,,,,,,2372975037.6,,,,,,,https://cdn.cse.lk/cmt/upload_report_file/534_1786096215455.06.2026.pdf
RICH,RICHARD PIERIS AND COMPANY PLC,52506,quarterly,2026-06-30,ok,verified,implied total within 0.0% of the CSE share count; rows add up to the table's stated total (93.71%),,,20,93.71,52910995150,SKYWORLDOVERSEASHOLDINGS,Skyworld Overseas Holdings Limited,company,25.37,influence,RICH <- Skyworld Overseas Holdings Limited,https://cdn.cse.lk/cmt/upload_report_file/509_1786618793157.pdf
RIL,R I L PROPERTY PLC,52636,quarterly,2026-06-30,ok,verified,implied total within 0.0% of the CSE share count; rows add up to the table's stated total (79.64%),,,20,79.64,17360000000,RRTAKAHASHI,MRS. R.R. TAKAHASHI,individual,30.65,influence,RIL <- MRS. R.R. TAKAHASHI,https://cdn.cse.lk/cmt/upload_report_file/1544_1786701841778.06.2026.pdf
RPBH,ROYAL PALMS BEACH HOTELS PLC,52350,quarterly,2026-06-30,ok,verified,implied total within 0.0% of the CSE share count,,,20,88.99,1955000000,LISTED:TANG,TANGERINE BEACH HOTELS PLC,listed,28.41,influence,RPBH <- TANG,https://cdn.cse.lk/cmt/upload_report_file/581_1786443524422.pdf
RWSL,RAIGAM WAYAMBA SALTERNS PLC,52660,quarterly,2026-06-30,ok,verified,implied total within 0.0% of the CSE share count; rows add up to the table's stated total (86.67%),,,20,86.66,4938628100,RAIGAMMARKETINGSERVICES,RAIGAM MARKETING SERVICES (PVT) LTD,company,35.83,influence,RWSL <- RAIGAM MARKETING SERVICES (PVT) LTD,https://cdn.cse.lk/cmt/upload_report_file/948_1786702903881.06.2026.pdf
SAMP,SAMPATH BANK PLC,52416,quarterly,2026-06-30,ok,verified,implied total within 0.0% of the CSE share count; rows add up to the table's stated total (67.75%),,,20,67.75,164178106400,,,,,,,https://cdn.cse.lk/cmt/upload_report_file/431_1786590688111.06.2026.pdf
SCAP,SOFTLOGIC CAPITAL PLC,52615,quarterly,2026-06-30,ok,verified,implied total within 0.0% of the CSE share count; rows add up to the table's stated total (80.71%); ranks not parsed: [16],,,19,80.32,8794684800,LISTED:SHL,SOFTLOGIC HOLDINGS PLC,listed,69.35,controlled,SCAP <- SHL,https://cdn.cse.lk/cmt/upload_report_file/1100_1786699448160.pdf
SDB,SANASA DEVELOPMENT BANK PLC,52647,quarterly,2026-06-30,ok,verified,implied total within 0.0% of the CSE share count; rows add up to the table's stated total (72.46%),,,20,72.48,7879991712,,,,,,,https://cdn.cse.lk/cmt/upload_report_file/1182_1786702166298.pdf
SDF,SARVODAYA DEVELOPMENT FINANCE PLC,52133,quarterly,2026-06-30,ok,verified,implied total within 0.0% of the CSE share count,,,21,77.7,5250821425.2,SARVODAYAECONOMICENTERPRISESDEVELOPMENTSERVICESGTE,Sarvodaya Economic Enterprises Development Services (GTE) Ltd,company,36.1,influence,SDF <- Sarvodaya Economic Enterprises Development Services (GTE) Ltd,https://cdn.cse.lk/cmt/upload_report_file/2567_1785236564529.pdf
SEMB,SMB FINANCE PLC,52586,quarterly,2026-06-30,ok,verified,implied total within 0.0% of the CSE share count; rows add up to the table's stated total (84.26%),verified,implied total within 0.0% of the CSE share count; rows add up to the table's stated total (50.71%),50,84.26,8041893666.400001,HRSWIJERATNE,Mr. H.R.S. Wijeratne,individual,64.44,controlled,SEMB <- Mr. H.R.S. Wijeratne,https://cdn.cse.lk/cmt/upload_report_file/445_1786699835531.pdf
SERV,THE KINGSBURY PLC,52092,quarterly,2026-06-30,ok,verified,implied total within 0.0% of the CSE share count; rows add up to the table's stated total (80.00%),,,20,80.01,6437200000,KDDPERERA,Mr. K.D.D. Perera,individual,36.08,influence,SERV <- HAYL <- Mr. K.D.D. Perera,https://cdn.cse.lk/cmt/upload_report_file/543_1785148431132.pdf
SEYB,SEYLAN BANK PLC,52157,quarterly,2026-06-30,ok,verified,implied total within 0.0% of the CSE share count; ranks not parsed: [17],verified,implied total within 0.0% of the CSE share count,43,89.22,48835974809.600006,,,,,,,https://cdn.cse.lk/cmt/upload_report_file/443_1785411925853.pdf
SFCL,SENKADAGALA FINANCE PLC,52503,quarterly,2026-06-30,ok,verified,implied total within 0.0% of the CSE share count; rows add up to the table's stated total (99.39%),,,20,99.36,29352399624,EWBALASURIYAANDCO,E.W. Balasuriya & Co.(Pvt) Ltd.,company,51.9,controlled,SFCL <- E.W. Balasuriya & Co.(Pvt) Ltd.,https://cdn.cse.lk/cmt/upload_report_file/441_1786618720410.pdf
SFIN,SINGER FINANCE (LANKA) PLC,52040,quarterly,2026-06-30,ok,verified,implied total within 0.0% of the CSE share count,,,20,89.71,12336622273.2,KDDPERERA,Mr. K.D.D. Perera,individual,79.93,controlled,SFIN <- SINS <- HAYL <- Mr. K.D.D. Perera,https://cdn.cse.lk/cmt/upload_report_file/1041_1784631418371.pdf
SHAW,LEE HEDGES PLC,52463,quarterly,2026-06-30,ok,verified,implied total within 0.0% of the CSE share count,,,20,87.68,7296778050,LISTED:ASCO,LANKA REALTY INVESTMENTS PLC,listed,51,controlled,SHAW <- ASCO,https://cdn.cse.lk/cmt/upload_report_file/632_1786615528418.pdf
SHL,SOFTLOGIC HOLDINGS PLC,52748,quarterly,2026-06-30,ok,verified,implied total within 0.0% of the CSE share count,,,20,93.77,9208702661.4,AKPATHIRAGE,Mr. A K Pathirage,individual,44.18,influence,SHL <- Mr. A K Pathirage,https://cdn.cse.lk/cmt/upload_report_file/1075_1786704625655.pdf
SHOT,SERENDIB HOTELS PLC,52710,quarterly,2026-06-30,ok,verified,implied total within 0.0% of the CSE share count; rows add up to the table's stated total (91.77%); ranks not parsed: [19],verified,implied total within 0.0% of the CSE share count; rows add up to the table's stated total (87.86%),49,91.6,6138591387.2,BROWNSHOTELSANDRESORTS,Browns Hotels And Resorts Limited,company,60.5,controlled,SHOT <- EDEN <- PALM <- Browns Hotels And Resorts Limited,https://cdn.cse.lk/cmt/upload_report_file/601_1786711022798.pdf
SIGV,SIGIRIYA VILLAGE HOTELS PLC,52401,quarterly,2026-06-30,ok,verified,implied total within 0.0% of the CSE share count; rows add up to the table's stated total (83.45%),,,20,83.47,1107000000,COLOMBOFORTHOTELS,COLOMBO FORT HOTELS LIMITED,company,51,controlled,SIGV <- COLOMBO FORT HOTELS LIMITED,https://cdn.cse.lk/cmt/upload_report_file/602_1786527880367.06.2026%20-%20V1.pdf
SIL,SAMSON INTERNATIONAL PLC,52392,quarterly,2026-06-30,ok,verified,implied total within 0.0% of the CSE share count,,,20,80.07,2302627424,DSISAMSONGROUP,D.S.I SAMSON GROUP (PVT) LTD,company,31.31,influence,SIL <- D.S.I SAMSON GROUP (PVT) LTD,https://cdn.cse.lk/cmt/upload_report_file/684_1786529545153.pdf
SING,STANDARD CAPITAL PLC,52045,quarterly,2026-06-30,ok,unverified,"rows imply different totals (5,539,817 > 4,204,245); 'Amina Investments Limited' implies 4,201,522",,,30,,237701521.2,,,,,,,https://cdn.cse.lk/cmt/upload_report_file/499_1784632256426.pdf
SINH,SINGHE HOSPITALS PLC,52135,quarterly,2026-06-30,ok,verified,"implied total within 0.1% of the CSE share count; row 'Miss, W.B,A, lieww-mdi Sri l-anka' disagrees with the others (excluded from the check); ranks not parsed: [1, 2, 5, 9, 10, 11, 13, 14, 15, 16, 17, 19, 20, 22, 23, 24]",,,9,7.94,9402359511,,,,,,,https://cdn.cse.lk/cmt/upload_report_file/1444_1785232568890.06.2026.pdf
SINS,SINGER (SRI LANKA) PLC,52308,quarterly,2026-06-30,ok,verified,implied total within 0.0% of the CSE share count; rows add up to the table's stated total (92.11%),,,20,92.12,87337819817.6,KDDPERERA,Mr. K.D.D. Perera,individual,67.13,controlled,SINS <- HAYL <- Mr. K.D.D. Perera,https://cdn.cse.lk/cmt/upload_report_file/772_1786356207071.pdf
SIRA,SIERRA CABLES PLC,52352,quarterly,2026-06-30,ok,verified,implied total within 0.0% of the CSE share count; rows add up to the table's stated total (66.34%),,,20,66.34,18436676349,ICONICTRUST,Iconic Trust (Private) Limited,company,30.43,influence,SIRA <- Iconic Trust (Private) Limited,https://cdn.cse.lk/cmt/upload_report_file/685_1786443251848.pdf
SLND,SERENDIB LAND PLC,52736,quarterly,2026-06-30,no_text,,,,,,,1098487397.5,,,,,,,https://cdn.cse.lk/cmt/upload_report_file/630_1786790867825.pdf
SLTL,SRI LANKA TELECOM PLC,35920,quarterly,2030-06-30,ok,verified,implied total within 0.0% of the CSE share count; rows add up to the table's stated total (99.10%),,,20,99.1,149081436000,SECRETARYTOTHETREASURY,SECRETARY TO THE TREASURY,institution,49.5,influence,SLTL <- SECRETARY TO THE TREASURY,https://cdn.cse.lk/cmt/upload_report_file/390_1597147020271.pdf
SMOT,SATHOSA MOTORS PLC,52377,quarterly,2026-06-30,ok,verified,implied total within 0.0% of the CSE share count; rows add up to the table's stated total (95.12%),,,30,95.13,9281219041.5,LISTED:AEL,ACCESS ENGINEERING PLC,listed,84.42,controlled,SMOT <- AEL,https://cdn.cse.lk/cmt/upload_report_file/696_1786502074435.6.2026.pdf
SOY,CONVENIENCE  FOODS (LANKA )PLC,52124,quarterly,2026-06-30,no_table,,,,,0,,5368000000,,,,,,,https://cdn.cse.lk/cmt/upload_report_file/488_1785229682379.pdf
SPEN,AITKEN SPENCE PLC,52595,quarterly,2026-06-30,ok,verified,implied total within 0.0% of the CSE share count,,,20,88.76,55012464097.5,LISTED:MELS,MELSTACORP PLC,listed,51.33,controlled,SPEN <- MELS,https://cdn.cse.lk/cmt/upload_report_file/501_1786698547448.pdf
STAF,DOLPHIN HOTELS PLC,52709,quarterly,2026-06-30,ok,verified,implied total within 0.0% of the CSE share count; rows add up to the table's stated total (80.49%),,,25,80.47,2498096683,BROWNSHOTELSANDRESORTS,Browns Hotels And Resorts Limited,company,69.33,controlled,STAF <- SHOT <- EDEN <- PALM <- Browns Hotels And Resorts Limited,https://cdn.cse.lk/cmt/upload_report_file/603_1786711074290.pdf
SUN,SUNSHINE HOLDINGS PLC,52268,quarterly,2026-06-30,ok,verified,implied total within 0.0% of the CSE share count; rows add up to the table's stated total (88.15%),,,21,88.13,55691414802.8,LAMUREPINVESTMENTS,Lamurep Investments Limited,company,55.18,controlled,SUN <- Lamurep Investments Limited,https://cdn.cse.lk/cmt/upload_report_file/510_1786098766933.pdf
SWAD,SWADESHI INDUSTRIAL WORKS PLC,52604,quarterly,2026-06-30,ok,verified,implied total within 0.0% of the CSE share count,,,6,92.34,2255413632.25,SENTHILVERLHOLDINGS,Senthilverl Holdings (Pvt) Ltd,company,35.1,influence,SWAD <- Senthilverl Holdings (Pvt) Ltd,https://cdn.cse.lk/cmt/upload_report_file/687_1786700773705.pdf
TAFL,THREE ACRE FARMS PLC,52170,quarterly,2026-06-30,ok,verified,implied total within 0.0% of the CSE share count; rows add up to the table's stated total (85.98%),,,20,85.98,14568468750,LISTED:GRAN,CEYLON GRAIN ELEVATORS PLC,listed,57.21,controlled,TAFL <- GRAN,https://cdn.cse.lk/cmt/upload_report_file/491_1785489093575.pdf
TAJ,TAL LANKA HOTELS PLC,52655,quarterly,2026-06-30,no_text,,,,,,,4812248504,,,,,,,https://cdn.cse.lk/cmt/upload_report_file/604_1786702744374.pdf
TANG,TANGERINE BEACH HOTELS PLC,52348,quarterly,2026-06-30,ok,verified,implied total within 0.0% of the CSE share count,,,20,87.63,1860000000,NILAVELIBEACHHOTELS,Nilaveli Beach Hotels (Pvt) Ltd,company,30.74,influence,TANG <- Nilaveli Beach Hotels (Pvt) Ltd,https://cdn.cse.lk/cmt/upload_report_file/605_1786443385652.pdf
TAP,AMBEON CAPITAL PLC,52742,quarterly,2026-06-30,ok,verified,implied total within 0.0% of the CSE share count,,,21,92.45,29954938885.9,AMBEONCONSOLIDATED,AMBEON CONSOLIDATED (PRIVATE) LIMITED,company,50.16,controlled,TAP <- AMBEON CONSOLIDATED (PRIVATE) LIMITED,https://cdn.cse.lk/cmt/upload_report_file/1181_1786931840868.pdf
TESS,TESS AGRO PLC,36898,quarterly,2030-09-30,ok,unverified,"implied total 339,837,653 vs CSE share count 802,063,049 (-57.6%)",,,20,,1463507183.8,,,,,,,https://cdn.cse.lk/cmt/upload_report_file/781_1606216097509.pdf
TILE,LANKA TILES PLC,52252,quarterly,2026-06-30,ok,verified,implied total within 0.0% of the CSE share count; rows add up to the table's stated total (88.01%),,,25,88.013,10822283640,KDDPERERA,Mr. K.D.D. Perera,individual,70.834,controlled,TILE <- LWL <- RCL <- VONE <- Mr. K.D.D. Perera,https://cdn.cse.lk/cmt/upload_report_file/677_1786015761768.pdf
TJL,TEEJAY LANKA PLC,52360,quarterly,2026-06-30,ok,verified,implied total within 0.0% of the CSE share count,,,20,77.71,21283003271,BRANDIXLANKANUMBER1,Brandix Lanka Ltd-Number 1,company,32.47,influence,TJL <- Brandix Lanka Ltd-Number 1,https://cdn.cse.lk/cmt/upload_report_file/1080_1786445000451.06.2026.pdf
TKYO,TOKYO CEMENT COMPANY (LANKA) PLC,52215,quarterly,2026-06-30,no_text,,,,,,,32034568500,,,,,,,https://cdn.cse.lk/cmt/upload_report_file/688_1785921923108.pdf
TPL,TALAWAKELLE TEA ESTATES  PLC,52197,quarterly,2026-06-30,ok,verified,implied total within 0.0% of the CSE share count; rows add up to the table's stated total (86.18%),,,20,86.2,6555000000,HAYLEYSPLANTATIONSERVICES,Hayleys Plantation Services (Private) Limited,company,74.74,controlled,TPL <- Hayleys Plantation Services (Private) Limited,https://cdn.cse.lk/cmt/upload_report_file/726_1785759096702.pdf
TRAN,TRANS ASIA HOTELS PLC,52121,quarterly,2026-07-28,ok,verified,implied total within 0.0% of the CSE share count,,,21,97.89,9120000000,LISTED:JKH,JOHN KEELLS HOLDINGS PLC,listed,92.05,controlled,TRAN <- JKH,https://cdn.cse.lk/cmt/upload_report_file/606_1785229782765.pdf
TSML,TEA SMALLHOLDER FACTORIES PLC,52545,quarterly,2026-06-30,ok,verified,implied total within 0.0% of the CSE share count; rows add up to the table's stated total (89.87%),,,20,89.87,996000000,BROWNSPOWERHOLDINGS,Browns Power Holdings (Private) Limited,company,75.27,controlled,TSML <- UDPL <- Browns Power Holdings (Private) Limited,https://cdn.cse.lk/cmt/upload_report_file/490_1786628491802.pdf
TYRE,KELANI TYRES PLC,52393,quarterly,2026-06-30,ok,verified,implied total within 0.0% of the CSE share count,,,20,78.723,6440040000,SILVERSTOCK,SILVERSTOCK LIMITED,company,49.744,influence,TYRE <- SILVERSTOCK LIMITED,https://cdn.cse.lk/cmt/upload_report_file/673_1786529327021.pdf
UAL,UNION ASSURANCE PLC,52587,quarterly,2026-08-14,ok,verified,"implied total within 0.0% of the CSE share count; ranks not parsed: [6, 9, 10]",,,17,95.5,39305357524,LISTED:JKH,JOHN KEELLS HOLDINGS PLC,listed,90,controlled,UAL <- JKH,https://cdn.cse.lk/cmt/upload_report_file/450_1786698498893.pdf
UBC,UNION BANK OF COLOMBO PLC,52168,quarterly,2026-06-30,ok,verified,implied total within 0.0% of the CSE share count; rows add up to the table's stated total (91.66%),,,20,91.66,12027497551.8,CULTUREFINANCIALHOLDINGS,Culture Financial Holdings Ltd,company,70.84,controlled,UBC <- Culture Financial Holdings Ltd,https://cdn.cse.lk/cmt/upload_report_file/1047_1785488568538.06.2026.pdf
UBF,UB FINANCE PLC,52169,quarterly,2026-06-30,ok,verified,implied total within 0.0% of the CSE share count,,,20,90.4,6356970734,CULTUREFINANCIALHOLDINGS,Culture Financial Holdings Ltd,company,86.1,controlled,UBF <- UBC <- Culture Financial Holdings Ltd,https://cdn.cse.lk/cmt/upload_report_file/2998_1785488565526.06.2026.pdf
UCAR,UNION CHEMICALS LANKA PLC,53129,quarterly,2026-06-25,ok,verified,implied total within 0.0% of the CSE share count,,,20,90.8,3449625000,HADUGGUNASEKARA,Mr. H.A.D.U.G. Gunasekara,individual,54.29,controlled,UCAR <- Mr. H.A.D.U.G. Gunasekara,https://cdn.cse.lk/cmt/upload_report_file/500_1789981326374.06.2026.pdf
UDPL,UDAPUSSELLAWA PLANTATIONS PLC,52542,quarterly,2026-06-30,ok,verified,implied total within 0.0% of the CSE share count; rows add up to the table's stated total (92.42%); ranks not parsed: [18],,,20,92.46,2677041300,BROWNSPOWERHOLDINGS,Browns Power Holdings (Private) Limited,company,90.17,controlled,UDPL <- Browns Power Holdings (Private) Limited,https://cdn.cse.lk/cmt/upload_report_file/727_1786627858959.pdf
UML,UNITED MOTORS LANKA PLC,52336,quarterly,2026-06-30,ok,verified,implied total within 0.0% of the CSE share count,,,20,89.71,23308044606,LISTED:RIL,R I L PROPERTY PLC,listed,51,controlled,UML <- RIL,https://cdn.cse.lk/cmt/upload_report_file/697_1786440145924.pdf
VFIN,VALLIBEL FINANCE PLC,52395,quarterly,2026-06-30,ok,verified,implied total within 0.0% of the CSE share count; rows add up to the table's stated total (87.42%),,,20,87.41,22064926747.5,VALLIBELINVESTMENTS,Vallibel Investments (Pvt) Limited,company,51.44,controlled,VFIN <- Vallibel Investments (Pvt) Limited,https://cdn.cse.lk/cmt/upload_report_file/949_1786527104139.06.2026.pdf
VLL,VIDULLANKA PLC,52758,quarterly,2026-06-30,ok,verified,implied total within 0.2% of the CSE share count; rows add up to the table's stated total (93.72%),verified,implied total within 0.0% of the CSE share count; rows add up to the table's stated total (71.36%),40,93.52,22669702672,RIYAZMSANGANI,Mr. Riyaz M. Sangani,individual,23.36,influence,VLL <- Mr. Riyaz M. Sangani,https://cdn.cse.lk/cmt/upload_report_file/455_1786958339176.06.2026.pdf
VONE,VALLIBEL ONE PLC,52690,quarterly,2026-06-30,ok,verified,implied total within 0.0% of the CSE share count; rows add up to the table's stated total (94.43%),,,20,94.43,99996793543.2,KDDPERERA,Mr. K.D.D. Perera,individual,63.478,controlled,VONE <- Mr. K.D.D. Perera,https://cdn.cse.lk/cmt/upload_report_file/1074_1786707371158.6.2026.pdf
VPEL,VALLIBEL POWER ERATHNA PLC,52490,quarterly,2026-06-30,ok,verified,implied total within 0.0% of the CSE share count,,,21,83.901,10982513045.7,VALLIBELPOWER,Vallibel Power Limited,company,40.078,influence,VPEL <- Vallibel Power Limited,https://cdn.cse.lk/cmt/upload_report_file/454_1786618555156.pdf
WAPO,GALLE FACE CAPITAL PARTNERS PLC,52093,quarterly,2026-06-30,ok,unverified,"rows sum to 88,088,481 shares / 74.44% but the table's total says 88,701,981 / 74.96%",,,20,,2080602698,,,,,,,https://cdn.cse.lk/cmt/upload_report_file/612_1785151738657.pdf
WATA,WATAWALA PLANTATIONS PLC,52264,quarterly,2026-06-30,ok,verified,implied total within 0.0% of the CSE share count; rows add up to the table's stated total (82.93%),,,20,82.94,48082491704.5,SUNSHINEWILMAR,SUNSHINE WILMAR (PRIVATE) LIMITED,company,76.83,controlled,WATA <- SUNSHINE WILMAR (PRIVATE) LIMITED,https://cdn.cse.lk/cmt/upload_report_file/728_1786094866368.pdf
WIND,WINDFORCE PLC,52549,quarterly,2026-06-30,ok,verified,implied total within 0.0% of the CSE share count,,,20,91.83,53809752743.3,AKBARBROTHERS,Akbar Brothers Pvt Ltd,company,36.37,influence,WIND <- Akbar Brothers Pvt Ltd,https://cdn.cse.lk/cmt/upload_report_file/2173_1786674329905.pdf
WLTH,WEALTHTRUST SECURITIES PLC,52019,quarterly,2026-06-30,ok,verified,implied total within 0.0% of the CSE share count; rows add up to the table's stated total (96.07%),,,20,96.07,13475582329,FINCOHOLDINGS,Finco Holdings (Pvt) Ltd,company,27.19,influence,WLTH <- Finco Holdings (Pvt) Ltd,https://cdn.cse.lk/cmt/upload_report_file/3479_1784171573367.pdf
YORK,YORK ARCADE HOLDINGS PLC,52272,quarterly,2026-06-30,ok,verified,implied total within 0.0% of the CSE share count; rows add up to the table's stated total (70.00%),,,20,70,1275000000,LISTED:CFLB,THE COLOMBO FORT LAND & BUILDING PLC,listed,40.14,influence,YORK <- LCEY <- CFLB,https://cdn.cse.lk/cmt/upload_report_file/641_1786101193519.06.2026.pdf
